artist_count,released_year,released_month,released_day,in_spotify_playlists,in_spotify_charts,streams,in_apple_playlists,in_apple_charts,in_deezer_playlists,in_deezer_charts,in_shazam_charts,bpm,key,mode,danceability_%,valence_%,energy_%,acousticness_%,instrumentalness_%,liveness_%,speechiness_%
1,2120,1,18,3727,0,504880083,121,5,78,1,1,186,F#,Major,72,95,62,11,0,10,33
1,1946,1,1,4415,15,571519850,26,103,120,0,40,180,G#,Major,44,24,66,8,0,16,3
1,2132,5,14,9049,74,1075569069,257,118,445,38,345,145,,Major,73,83,77,11,0,7,5
1,2161,12,28,3713,6,319509947,111,52,154,0,247,103,F#,Major,103,61,50,3,0,5,16
2,1966,11,13,765,0,90814648,15,0,9,0,0,85,D#,Minor,65,23,54,7,0,47,4
1,2079,5,13,2551,0,168692461,4,5,11,0,55,83,G#,Major,53,33,77,25,0,18,43
2,2018,6,14,607,156,134014368,41,267,41,10,878,137,B,Major,81,82,86,34,0,8,4
2,2125,10,13,5025,26,518859779,125,83,108,16,315,97,D,Major,55,23,77,13,0,8,11
1,2085,11,7,9305,0,1360334307,193,68,904,8,74,132,B,Minor,71,62,83,14,0,35,5
3,1897,8,5,1364,0,235613864,48,2,35,0,0,121,,Major,71,99,82,2,0,25,13
2,2206,1,1,36511,21,1347963496,353,92,4808,1,56,140,C#,Major,74,61,81,3,0,11,4
1,2007,7,12,5899,19,645065795,107,96,460,0,416,99,,Major,83,70,83,32,0,7,6
2,2124,11,8,1562,4,142369208,12,83,18,0,49,76,A,Major,62,23,61,78,1,15,14
1,2197,5,22,2194,0,286440074,19,3,37,0,0,152,D#,Major,56,38,58,66,0,11,4
1,2077,11,16,2325,20,268833811,45,25,119,0,9,148,D,Minor,69,47,43,93,0,23,41
1,2091,3,23,3133,33,205335021,126,65,100,3,631,105,D,Major,73,42,56,29,0,12,6
1,1852,1,1,4311,17,616725403,23,107,107,0,38,158,G#,Major,48,26,59,8,0,18,3
1,2213,1,34,2306,18,424204523,54,103,15,1,318,207,F#,Major,49,54,61,50,0,16,4
1,1991,11,4,6488,0,521567896,51,116,275,0,0,89,F,Major,29,32,61,49,25,21,12
2,1936,6,2,924,0,136734175,0,0,2,0,0,84,F#,Major,83,57,79,11,0,9,5
3,1838,12,25,1048,19,499364866,12,122,9,5,3,141,B,Minor,83,85,79,16,0,29,10
2,1916,12,10,2342,0,148967236,73,98,152,0,0,114,,Major,60,65,99,24,0,9,4
1,2016,5,6,864,0,274056340,4,14,9,0,0,114,F#,Minor,85,65,65,38,0,34,7
1,2176,2,18,943,15,312721631,29,90,32,7,12,151,G,Major,59,70,45,43,0,36,3
1,1871,5,12,215,4,167328600,16,5,0,0,6,123,,Major,52,14,42,87,0,10,3
1,2205,1,6,780,0,33808704,0,1,2,0,0,109,,Major,44,49,92,11,0,4,31
1,1857,2,2,19172,38,1380943546,73,75,975,1,149,183,D,Major,48,10,34,106,26,62,4
1,2083,3,3,166,0,31630427,2,10,0,0,0,129,,Major,57,34,66,40,0,9,3
1,1995,6,22,6264,51,165295696,145,148,2625,21,1387,118,D,Major,88,40,66,37,48,25,7
1,2080,10,15,9365,19,1460046111,248,88,653,22,9,149,F,Major,58,14,35,55,0,12,3
1,2097,10,2,11440,8,1229460814,192,82,286,6,16,123,D#,Minor,84,53,57,36,1,11,4
1,2173,5,6,1165,0,285019314,8,21,12,0,0,146,,Major,81,94,57,31,0,18,5
2,2133,5,14,1813,0,32906301,3,0,2,0,0,144,G#,Minor,47,46,35,88,0,11,36
2,1913,12,2,872,0,120031143,3,7,10,0,0,113,G#,Major,82,16,58,8,0,37,5
2,1997,1,7,791,0,61166163,3,0,5,0,0,134,C#,Major,64,30,78,0,0,7,7
1,2125,6,26,5415,0,525604035,44,19,67,12,0,95,G#,Minor,98,76,69,31,0,10,16
1,1886,1,1,1166,0,316554059,97,35,5,0,0,101,C#,Minor,71,83,83,13,0,14,3
1,2067,5,23,3018,102,117043196,0,0,142,35,0,110,B,Minor,70,78,81,2,0,31,5
1,2062,2,8,3668,11,477360453,104,47,715,20,,114,B,Major,82,85,84,38,0,12,4
1,1950,9,29,3519,0,326718671,65,100,32,0,2,124,D#,Minor,87,60,45,14,3,9,11
2,1860,9,14,636,5,322893906,14,83,4,2,0,125,,Major,80,71,82,34,1,13,4
3,2074,7,26,6880,0,486096551,95,5,66,1,0,156,F#,Minor,78,76,64,10,0,8,17
1,2067,4,12,356,16,135883632,36,101,8,1,116,159,C#,Major,58,77,102,12,0,40,9
1,1900,12,9,784,0,75088230,7,17,1,0,0,121,G,Minor,53,53,60,68,0,10,22
1,2144,2,21,1263,0,57607793,44,47,29,0,0,85,B,Major,43,32,77,19,0,10,5
1,2213,4,24,757,4,170428110,16,12,19,0,0,153,B,Minor,78,67,45,32,0,10,10
1,1977,5,18,667,15,383923024,23,97,9,0,23,162,F#,Minor,65,50,78,18,0,19,5
1,1874,7,20,5435,0,503953333,42,1,83,0,13,88,,Minor,43,42,40,23,8,9,20
1,2001,3,3,182,0,35140137,2,9,0,0,0,133,,Major,50,33,72,35,0,10,3
2,2130,5,12,281,5,83593822,9,54,4,1,101,123,G#,Major,65,43,39,70,0,10,3
1,1871,3,18,2923,18,706267043,151,79,213,25,0,184,,Major,54,55,58,12,0,44,6
1,1850,4,8,7978,0,713010328,165,31,151,15,12,109,G#,Major,84,33,60,3,0,11,9
1,1950,12,24,14820,0,463636033,199,33,466,0,0,105,,Major,63,22,53,0,2,27,3
3,2089,1,18,2975,0,80066053,38,46,25,0,1,129,C#,Minor,87,6,88,5,24,6,7
2,2093,5,28,2196,0,176541037,22,1,48,1,0,78,F,Minor,73,36,90,2,0,51,24
1,1969,13,9,918,0,80209916,6,21,3,0,0,76,,Major,57,20,18,77,0,11,5
1,1908,12,17,1694,0,191023858,45,34,43,13,4,130,G#,Minor,51,62,54,62,0,11,19
1,2183,13,13,9546,0,820398291,213,96,424,0,,142,G,Major,50,49,67,5,0,30,18
2,1909,4,1,2667,37,447829909,30,55,47,8,79,85,F,Minor,72,43,74,33,0,8,6
2,2122,11,11,2237,0,139103645,77,92,131,0,0,110,,Major,54,60,90,24,0,11,4
1,1854,12,18,1518,2,287003115,15,13,15,0,0,122,,Major,69,49,81,33,0,9,41
2,1993,2,20,22781,20,2163864805,325,192,2848,3,27,95,B,Minor,63,45,68,3,0,18,4
1,2189,5,22,3800,0,816439499,18,21,102,0,6,180,A,Major,44,21,31,79,0,34,4
1,1906,5,13,2012,8,336709360,40,81,9,0,15,109,A,Major,71,67,79,24,0,65,3
1,2111,5,19,4644,1,342137572,84,12,62,0,1,113,B,Major,78,34,75,26,6,12,4
3,2211,1,7,1317,0,90591531,8,18,6,0,0,129,C#,Major,43,26,69,33,0,65,3
1,2149,11,16,1643,0,370138270,1,0,27,0,0,88,B,Major,68,80,58,38,0,9,3
2,1921,13,18,698,1,129510107,0,0,28,0,,124,D#,Minor,45,14,75,0,0,9,4
3,1873,1,1,334,0,88072698,4,0,15,0,0,140,F#,Minor,59,48,78,23,4,6,5
1,2127,3,29,30180,1,2050770282,266,120,1471,0,5,159,C#,Minor,83,44,59,0,0,8,11
2,2220,4,1,2730,35,463387926,30,61,42,7,83,99,F,Minor,80,50,77,34,0,7,7
1,1852,7,30,9315,0,1013172163,127,128,271,0,,61,,Major,31,32,26,78,0,14,4
1,2079,7,15,544,45,14867411,35,121,35,5,228,125,,Minor,87,43,75,64,0,9,19
1,1946,11,20,2530,0,226058651,49,0,113,0,0,174,A#,Major,68,51,44,11,0,12,17
2,2200,7,21,668,50,55620715,1,48,8,0,1094,125,A,Major,60,92,87,66,8,9,7
2,2043,11,4,301,2,142672988,10,6,7,1,10,103,B,Minor,69,95,57,3,0,10,3
1,2176,1,1,8737,43,274717925,25,118,307,3,393,143,D,Major,43,20,80,20,0,9,8
1,2085,7,8,3746,10,547055051,93,69,103,1,1,188,F,Major,75,65,77,14,0,16,22
1,1979,10,21,2109,0,183393059,11,6,27,0,1,145,E,Major,36,28,56,7,0,12,3
3,1938,7,13,415,33,10809933,16,29,25,3,208,97,,Major,76,83,97,5,0,6,5
3,2062,4,6,4094,60,163787920,134,106,207,11,736,117,G,Major,61,22,87,0,0,12,3
4,1867,1,15,12753,0,939585515,220,51,711,0,16,114,D,Major,79,80,85,1,0,29,13
1,2029,1,6,22472,19,1590035331,214,74,839,0,119,115,C#,Major,79,79,48,55,0,7,3
2,1912,5,13,1869,0,61910610,1,0,3,0,0,163,A,Major,72,26,53,28,0,35,32
1,1845,6,23,551,0,214593080,18,20,15,0,2,102,D,Major,84,37,89,4,0,3,5
1,2217,6,30,8497,12,819311039,157,78,137,15,29,170,C#,Major,74,68,49,66,0,35,4
1,1952,1,1,29268,55,2183091889,312,60,1026,1,0,105,C#,Major,48,51,66,42,0,14,4
2,2216,6,1,2352,91,189237213,70,204,84,16,997,145,C#,Major,87,69,62,17,0,8,26
1,2158,11,20,1800,0,170029829,4,5,8,0,0,157,G,Major,49,55,91,40,0,14,13
3,2006,2,22,1246,0,106486504,30,3,19,0,20,137,C#,Minor,77,45,63,7,0,10,6
1,1929,2,14,1258,23,211558601,48,30,63,4,56,130,A,Major,98,66,60,53,0,30,21
3,2004,13,2,1750,50,290478267,25,96,32,1,179,126,C#,Minor,75,48,52,20,0,19,37
2,1881,3,30,629,9,164146011,14,92,22,2,26,131,D,Major,77,53,72,42,0,10,4
1,1989,12,25,3007,3,556051652,25,3,49,0,1,146,D,Major,86,55,98,26,0,13,19
1,1874,1,26,2226,0,239432535,52,3,44,13,6,89,G#,Minor,73,60,49,30,0,24,10
1,2147,5,14,1594,0,58110544,1,0,5,0,0,75,A#,Minor,55,53,44,82,0,8,34
1,2053,6,11,297,0,85047321,0,18,6,0,0,161,G#,Minor,63,64,87,4,0,23,11
2,1946,4,11,4155,0,1059936767,121,88,270,0,1,121,B,Minor,71,81,80,9,0,20,11
1,2036,2,5,775,11,239034752,24,19,15,1,4,113,G#,Minor,88,69,70,4,0,15,4
2,1918,5,11,3186,0,286635868,41,28,42,0,0,125,,Major,55,39,83,4,0,11,33
2,1827,5,26,398,5,43266641,22,83,6,0,123,130,B,Major,80,61,61,6,0,17,3
1,1997,1,1,21679,39,1530314252,105,83,4020,5,0,120,G,Major,87,70,60,0,0,37,9
1,2086,1,10,242,0,80774549,2,11,10,0,0,138,E,Minor,56,43,89,9,0,57,6
1,1971,4,13,668,0,142038910,5,30,15,0,0,98,F#,Major,88,42,54,1,0,13,17
1,2206,5,11,2844,3,856125394,23,20,131,0,12,182,A,Major,36,38,101,0,59,5,5
1,1814,1,1,5685,0,211455840,52,80,835,0,0,151,G,Major,80,80,66,21,0,34,5
3,1952,4,29,5437,13,562489273,125,79,76,0,37,80,C#,Major,44,31,61,30,0,7,33
2,1822,10,19,630,14,222048416,19,60,18,5,50,90,B,Major,74,85,56,54,0,5,2
1,1918,9,17,422,10,224638965,2,120,12,0,1,128,G,Major,100,55,62,7,0,58,9
1,2071,8,18,1898,17,590945722,62,110,74,1,12,87,,Major,87,68,72,2,0,26,10
1,1967,5,19,2531,0,287817042,18,3,42,0,0,151,D#,Major,51,43,57,74,0,10,4
1,2129,1,1,29094,42,2014124402,194,101,3424,12,149,132,C#,Minor,66,49,65,6,0,12,4
1,2079,11,30,3258,20,525552141,60,45,145,1,106,115,F,Major,65,49,66,10,0,11,3
2,2210,3,29,1373,0,80036897,22,0,18,0,34,75,G#,Major,68,85,60,55,0,23,30
1,1889,6,25,3751,0,490220830,30,6,45,0,1,116,D#,Major,88,61,51,48,0,37,19
1,2038,7,7,71,36,29500045,9,160,4,4,31,130,E,Minor,80,50,74,54,0,12,5
2,1917,7,11,10647,17,1259281867,21,0,396,0,,88,G#,Major,64,40,57,9,0,51,6
2,1900,3,17,3043,43,552717900,51,109,62,13,359,160,D,Minor,73,53,46,22,0,8,33
1,1866,1,7,987,0,67762152,1,17,12,0,0,90,A,Minor,27,14,41,48,0,19,3
2,1905,5,13,1994,0,57844287,1,0,3,0,0,175,A,Major,74,24,59,29,0,37,32
1,1858,11,18,466,7,183241292,13,124,9,0,12,143,E,Minor,76,65,92,4,0,48,18
1,1983,8,23,825,12,264913882,20,139,12,0,13,128,,Major,73,85,90,11,0,9,12
1,2054,9,16,1476,18,438626065,49,127,61,0,2,109,,Major,90,63,72,0,0,17,4
3,1967,2,5,1687,9,212234107,0,0,21,0,0,123,B,Minor,63,37,90,1,9,15,4
3,1873,5,10,717,2,124487428,18,0,25,0,28,143,D#,Minor,66,78,36,47,0,7,46
3,2070,4,4,605,13,131385759,4,14,12,5,53,198,B,Major,47,87,54,11,0,25,6
2,2029,2,19,750,8,349197109,16,33,6,1,0,114,G#,Major,77,106,64,51,0,27,12
2,2010,3,4,6218,4,713876699,201,44,482,9,36,100,G#,Major,75,94,72,18,0,30,4
2,2147,11,4,1034,0,116507853,5,5,3,0,0,132,F,Major,92,61,62,0,0,13,18
2,1820,2,21,23456,22,2097952902,327,197,2893,3,28,111,B,Minor,59,46,65,3,0,17,4
1,2022,1,7,964,0,75704249,1,16,11,0,0,82,A,Minor,28,13,38,54,0,19,3
1,1910,6,27,3312,0,506860046,30,6,42,0,1,113,D#,Major,84,67,53,54,0,32,21
1,2048,5,6,4539,34,907794964,78,106,92,9,2,90,F,Minor,79,27,65,31,0,13,3
2,2094,11,20,18769,0,1003673412,91,58,3996,0,0,86,F#,Minor,77,57,73,4,0,45,22
2,2044,6,2,26246,10,1827313112,569,127,2854,6,,113,A,Minor,74,62,87,4,0,8,11
1,2129,11,2,12819,7,1240536978,181,78,274,6,17,119,D#,Minor,84,62,62,36,1,11,4
3,2045,9,8,784,0,160832977,13,1,47,0,0,90,G,Major,95,48,53,34,0,31,23
2,1869,9,4,5162,0,422879999,31,125,7,0,4,146,D#,Major,35,16,63,2,0,31,9
3,2022,13,16,1163,20,227595401,42,23,53,4,85,84,F#,Minor,82,100,79,45,0,18,11
2,1950,4,27,371,8,84471442,16,95,11,0,59,113,B,Minor,72,28,76,1,0,39,6
1,2198,5,2,596,0,240426774,17,76,9,0,0,97,G,Major,94,46,66,5,0,12,13
1,1908,5,23,7373,42,1124360059,145,120,172,14,190,127,G,Minor,91,90,73,62,0,21,4
1,1956,8,21,2054,16,566661527,57,115,80,1,14,92,,Major,83,75,67,2,0,25,9
1,1974,3,17,3317,0,1301925747,12,9,271,0,6,153,A,Minor,56,25,43,71,0,16,6
1,1824,6,10,1959,8,232215191,106,71,105,1,7,100,A#,Minor,63,77,70,33,0,23,7
1,2121,11,24,15449,0,449915521,204,31,453,0,0,117,,Major,60,21,62,0,2,25,3
2,1986,5,14,264,5,86289054,7,59,4,1,99,116,G#,Major,64,45,44,78,0,10,3
1,1867,7,7,150,16,40341982,16,70,5,0,7,140,D,Major,48,21,65,1,0,11,3
1,2212,6,10,786,0,325496526,5,142,17,0,3,71,G#,Major,78,73,82,2,0,4,17
2,2001,13,8,719,24,2509,19,114,20,10,66,165,A#,Major,47,82,68,17,0,11,4
2,2172,11,23,7529,17,601522085,106,175,299,2,,122,,Minor,54,16,65,0,0,11,4
1,1975,1,1,7676,41,845767757,98,101,150,4,80,92,D,Major,64,46,84,0,0,13,4
2,2000,3,23,400,0,72548152,15,16,5,0,1,143,B,Minor,67,10,73,8,44,32,8
1,2175,5,23,2709,92,123851061,0,0,142,37,0,114,B,Minor,64,78,84,2,0,33,5
1,2123,6,2,571,7,159407853,13,1,8,0,1,108,F,Minor,73,64,98,44,0,12,11
1,2067,5,16,1142,79,102748680,64,208,45,11,957,133,C#,Minor,86,20,68,13,0,28,9
2,1864,5,4,108,0,32854023,5,10,5,0,0,157,B,Minor,57,20,49,37,0,39,5
2,1990,3,24,1541,0,75749962,24,0,18,0,36,81,G#,Major,71,86,69,55,0,20,30
1,2047,4,11,395,15,116292813,15,110,7,0,54,124,E,Minor,68,35,80,1,0,8,5
1,2130,10,18,40920,18,1371839355,32,0,5179,6,0,81,F#,Minor,59,91,90,2,0,9,5
3,2134,2,5,1731,11,191688197,0,0,21,0,0,131,B,Minor,72,39,97,1,10,14,4
2,2073,11,22,1338,0,99811794,49,8,57,0,0,85,G,Major,96,65,62,5,0,18,8
1,1828,9,23,1646,0,186276775,8,6,14,0,2,187,,Major,35,35,15,104,0,11,5
3,2001,7,17,6232,50,2016697270,208,42,6689,2,0,134,D,Major,66,81,86,3,0,9,8
1,1964,1,7,12807,3,1928086202,184,58,438,0,,146,A#,Major,59,23,45,70,0,11,7
1,1940,12,8,773,0,70882471,6,17,1,0,0,108,G,Minor,55,53,62,65,0,9,25
2,1959,5,12,2156,25,150055805,69,143,74,2,443,149,D#,Major,91,74,41,16,0,10,33
1,1962,3,7,7096,0,918107189,116,43,574,1,,69,A,Minor,47,28,35,83,0,15,4
2,2098,12,15,1778,15,228659087,31,14,36,2,48,102,G,Minor,86,66,74,8,0,12,5
3,1841,2,24,1167,0,104202731,31,3,19,0,18,137,C#,Minor,87,41,66,8,0,10,6
1,2177,11,7,5678,0,921960544,90,93,173,0,12,94,B,Major,73,19,42,22,4,33,8
2,2031,4,22,320,2,251014293,4,32,11,1,1,147,D#,Major,53,15,45,59,0,14,3
1,2179,10,1,1151,0,311613333,21,100,43,0,2,127,A,Major,88,96,84,10,0,8,7
3,1975,8,27,3474,29,515566283,79,63,59,6,3,107,B,Minor,80,60,89,22,0,10,5
1,2096,4,8,4930,0,746019763,142,12,81,0,0,82,F#,Major,86,46,56,44,0,14,24
1,1831,4,14,3316,103,361288438,77,148,194,25,1229,137,D,Minor,46,34,40,89,0,10,3
1,1974,1,1,2988,0,BPM110KeyAModeMajorDanceability53Valence75Energy69Acousticness7Instrumentalness0Liveness17Speechiness3,16,0,57,0,0,100,A,Major,56,71,74,8,0,16,3
1,2125,2,22,306,0,129868793,8,68,9,0,0,195,B,Minor,38,28,71,4,0,6,30
1,2194,3,20,6013,26,1120907119,113,38,87,0,,168,D,Major,61,43,69,21,0,39,6
2,1965,9,23,1526,0,223348416,46,6,16,0,4,94,D,Minor,75,40,77,27,0,15,6
1,1829,10,23,3056,9,509528582,74,32,82,5,26,135,B,Minor,79,94,88,8,0,13,3
3,2037,3,20,5581,0,311958277,146,68,141,0,5,112,E,Minor,64,47,72,3,0,16,4
1,1915,1,1,15655,0,807051292,174,180,200,0,,145,G#,Major,71,81,44,69,0,41,5
1,1979,5,22,381,64,79489400,9,102,5,0,61,106,C#,Major,81,64,70,29,0,12,13
1,2113,5,6,2386,0,432387368,28,42,22,0,5,71,F,Major,59,67,91,37,0,19,29
1,2018,5,10,985,27,126067130,40,48,78,11,30,146,B,Major,76,34,46,83,0,9,11
3,1923,1,1,51116,0,923610498,214,1,7572,0,0,111,F#,Minor,84,94,76,4,0,10,4
2,1832,3,24,847,3,131765184,18,136,24,1,0,132,F,Minor,46,43,88,0,0,43,7
2,2210,1,16,370,0,133383602,10,0,42,0,0,168,D,Minor,72,90,49,63,0,9,7
2,2010,4,1,1434,2,192145378,23,17,10,0,5,163,C#,Major,70,44,73,19,0,11,27
3,2149,10,5,3688,23,834798798,60,61,53,6,0,158,E,Minor,65,15,72,9,0,8,8
2,1885,5,5,2255,20,567006454,28,70,22,2,0,107,B,Minor,87,43,69,2,0,68,4
2,2065,5,6,8372,42,1337804762,106,126,144,26,46,95,C#,Minor,99,44,65,9,0,8,8
2,1990,10,4,1538,0,140585903,23,7,14,0,0,134,G#,Minor,97,25,58,1,0,7,29
1,2198,11,19,2711,0,243633986,48,0,105,0,0,184,A#,Major,60,47,47,11,0,14,14
1,1822,1,8,12218,3,1729849963,191,58,519,0,,138,A#,Major,61,22,42,80,0,10,7
1,2054,2,24,946,38,190675518,14,27,33,6,0,85,,Major,53,59,44,84,0,16,42
1,1996,9,29,525,0,294886156,1,0,18,0,24,181,C#,Major,74,59,56,8,21,12,7
2,2027,2,24,4433,48,638181462,126,113,176,18,366,177,E,Minor,68,55,66,73,0,9,28
1,2208,5,21,3456,0,795447559,19,21,91,0,7,188,A,Major,42,21,31,91,0,35,4
3,1917,11,20,1192,0,198327459,20,36,12,0,0,147,C#,Major,63,55,61,12,0,6,34
1,2143,7,9,1768,14,697902488,1,10,3,0,0,132,G#,Major,61,4,56,7,39,8,3
1,1841,1,1,13285,46,1270206742,94,109,2083,5,559,110,D,Minor,58,44,72,0,0,14,3
1,2013,1,7,1159,0,59653752,1,5,6,0,0,115,A#,Major,78,24,63,32,0,22,3
2,1893,11,11,793,4,196977041,22,3,0,0,0,98,C#,Major,55,69,74,12,0,35,8
2,2023,3,18,2963,46,585228074,47,111,67,13,352,155,D,Minor,86,56,49,21,0,8,33
1,1828,5,21,3516,3,371773188,30,9,83,0,0,114,D,Major,53,42,28,86,0,9,4
1,1990,6,10,796,0,320532873,5,136,18,0,3,83,G#,Major,76,76,86,2,0,4,18
2,2082,9,11,13770,28,2168680122,202,103,1088,2,133,121,E,Minor,32,11,28,96,0,10,3
1,1871,9,15,1382,17,522222053,57,119,67,0,2,102,,Major,83,68,68,0,0,18,4
1,1959,10,32,2521,0,326312785,50,14,37,0,1,73,D,Major,75,12,45,0,0,35,13
2,2043,5,20,885,0,59543188,35,2,31,0,1,126,C#,Major,83,20,73,1,0,16,4
1,1894,5,6,9250,40,1295350623,116,120,126,14,156,98,F,Minor,62,20,75,9,0,13,24
1,2021,1,22,2229,18,471337021,19,65,49,0,21,129,A#,Major,67,56,88,1,0,13,12
1,1833,6,11,6357,7,983143266,113,40,152,3,28,185,G#,Major,44,26,33,84,0,15,5
1,1987,11,10,21523,35,1698975140,88,66,494,0,13,105,A#,Minor,66,47,54,29,0,6,30
2,2103,13,21,430,4,98988830,6,1,21,0,1,81,C#,Major,49,43,36,72,0,11,31
1,1950,4,10,2671,13,326579637,47,89,1,0,7,137,F#,Major,63,51,79,5,0,9,3
2,2038,10,6,4635,38,689312044,61,81,82,11,15,105,C#,Minor,83,43,55,0,0,10,31
2,2049,11,19,16159,0,829428866,90,65,4538,0,0,82,F#,Minor,76,56,80,4,0,41,21
1,1848,1,8,801,0,43812509,0,2,2,0,0,88,F,Minor,48,54,46,73,0,10,11
1,2140,8,26,634,0,193262448,15,83,15,1,2,118,D#,Minor,79,83,88,13,0,32,12
1,2201,11,9,23759,5,2163976550,290,96,2334,0,34,107,E,Major,55,56,39,80,0,28,48
1,2005,3,18,6323,23,1110421925,103,39,96,0,,149,D,Major,61,41,80,22,0,37,6
1,2045,1,1,8254,41,836048045,92,119,162,4,85,97,D,Major,54,51,77,0,0,12,4
3,1882,1,8,1554,0,89429896,6,18,7,0,0,134,C#,Major,43,27,61,35,0,62,3
2,2016,6,23,6979,36,768233935,76,61,123,8,0,93,C#,Minor,86,49,67,37,0,9,9
1,2144,1,10,267,0,80204825,2,13,9,0,0,130,E,Minor,56,43,85,9,0,58,6
1,2038,1,31,551,0,100020351,10,56,0,0,106,95,G#,Major,52,69,90,0,0,15,3
2,2088,4,20,4420,9,652857784,121,72,212,14,1,173,F,Major,71,52,60,25,0,8,29
1,1955,10,26,466,9,208531777,9,110,15,1,28,134,F,Major,58,23,69,0,0,13,3
1,2110,3,31,35681,1,1897864731,288,112,1425,0,5,139,C#,Minor,94,43,62,0,0,9,13
2,2222,12,4,1679,0,149210531,22,8,14,0,0,137,G#,Minor,96,25,54,1,0,8,35
1,2132,11,12,8871,1,769386749,86,23,189,0,2,145,E,Minor,45,25,86,22,0,14,6
1,1907,1,34,20601,25,2450099031,259,114,2794,9,34,123,A#,Minor,79,77,84,4,0,24,11
1,1946,6,9,1077,0,98679230,54,14,19,0,0,91,D#,Minor,63,28,65,4,0,18,4
3,2179,3,2,1127,33,158679762,10,44,20,0,1,94,B,Major,77,54,72,34,0,9,7
1,2108,11,9,861,0,95265828,6,22,3,0,0,74,,Major,59,20,20,85,0,11,5
1,2172,11,20,1494,0,203046953,10,3,13,0,0,118,G,Major,82,10,53,18,0,30,18
2,1915,1,28,7942,0,735256780,87,34,134,0,0,93,G#,Major,83,79,74,3,0,18,11
2,1864,12,4,465,0,73937358,8,1,8,0,0,103,D,Minor,65,24,47,54,35,15,3
1,2101,10,31,576,0,308634984,1,0,18,0,24,172,C#,Major,76,63,55,9,19,11,8
1,2068,5,6,2589,32,722881709,19,61,33,6,0,129,A#,Major,92,40,51,7,0,14,5
2,1901,11,32,3648,34,519165341,42,80,51,10,8,111,G#,Major,66,56,68,31,0,34,20
1,2006,13,9,709,0,53477801,0,9,2,0,0,116,B,Major,46,34,74,83,0,36,9
2,2074,3,3,322,0,63185183,15,36,1,0,0,148,E,Major,47,49,83,11,0,11,3
1,1857,4,31,2404,7,369978091,48,43,84,1,221,72,A#,Major,39,30,59,32,0,14,5
3,2198,5,12,1004,34,82594043,40,60,45,8,195,137,B,Minor,79,84,81,4,0,21,6
3,2208,2,5,1652,10,197553289,0,0,21,0,0,140,B,Minor,70,33,82,1,9,15,4
1,2059,3,21,6416,7,1252966954,87,1,239,0,2,97,F,Major,47,23,46,67,0,32,3
2,1999,1,1,46185,0,1417344631,203,147,6287,1,,129,,Major,79,75,56,52,0,10,4
1,2142,8,5,2290,15,279136611,71,99,59,0,150,79,G#,Major,43,40,68,21,0,7,7
2,2119,1,16,325,0,138140285,9,0,38,0,0,160,D,Minor,81,92,50,68,0,8,6
1,2076,6,7,3260,10,502341976,105,71,104,1,1,193,F,Major,73,69,76,15,0,14,20
1,1870,11,19,1773,0,278648499,40,47,21,0,0,187,D,Major,64,36,57,2,0,4,31
1,2161,5,6,8655,45,1169626383,112,137,129,15,171,117,F,Minor,60,18,76,11,0,14,27
4,2025,1,15,11694,0,881821741,212,58,673,0,18,124,D,Major,80,88,87,1,0,30,13
2,2027,12,25,1219,32,614558025,13,8,5,0,1,93,F,Minor,59,53,49,41,5,9,11
2,2114,12,20,708,1,127379480,0,0,32,0,,124,D#,Minor,46,12,81,0,0,9,4
2,2137,1,7,1125,0,96081714,9,11,9,0,0,103,D,Major,79,81,79,10,0,34,21
1,1881,7,31,2065,0,407856883,20,0,40,0,0,85,,Major,42,12,55,7,0,23,3
1,1925,9,10,1411,0,257554061,2,0,13,0,10,134,D,Major,74,36,59,11,0,11,9
1,2130,1,1,14565,0,1027799578,265,30,588,0,15,108,G#,Minor,74,22,61,39,2,10,21
1,2058,6,5,32,36,41928919,2,109,8,0,0,93,C#,Minor,50,31,44,9,0,76,4
1,2091,6,5,6031,14,445464842,3,1,40,1,39,98,F,Minor,51,62,82,0,1,9,4
1,2051,11,29,23618,0,1470466210,368,131,2260,0,,163,G,Major,35,31,66,17,0,7,4
1,1983,1,7,2633,6,382207505,13,94,31,0,3,131,A,Minor,67,55,64,4,0,17,3
1,2130,5,12,467,0,154668270,5,39,1,0,0,158,F#,Minor,73,90,58,49,0,10,4
1,2021,11,23,3331,8,494455713,75,32,83,5,29,124,B,Minor,82,100,87,8,0,13,3
1,2009,9,12,7505,0,941563235,155,12,609,18,,124,E,Major,74,39,54,32,0,39,5
1,2118,6,9,339,0,110459073,5,38,11,0,0,112,D,Major,66,27,50,40,0,25,4
2,2067,4,1,1305,2,172784997,21,16,10,0,5,183,C#,Major,71,42,73,18,0,12,26
1,2101,1,1,8341,40,773412021,95,104,166,4,84,102,D,Major,66,48,78,0,0,11,4
2,2198,1,1,17721,34,1316502864,114,80,942,1,529,118,,Major,51,80,97,8,0,5,25
1,1983,4,22,1860,0,148129323,4,2,47,0,0,92,E,Minor,66,31,42,87,22,11,3
1,2214,11,18,1198,20,368677963,30,124,10,1,55,137,F#,Minor,86,18,65,3,0,11,10
3,2168,7,6,938,0,119446806,53,3,56,0,0,98,C#,Major,92,86,82,9,0,8,11
1,2014,10,15,706,7,183958082,2,4,7,0,0,88,F,Minor,60,36,45,32,0,13,9
1,1841,1,1,1168,0,365976679,81,36,5,0,0,97,C#,Minor,76,95,89,14,0,13,3
1,1843,1,32,463,0,80789699,15,17,0,0,0,150,D,Major,64,91,77,8,0,9,4
1,2119,3,26,9375,0,761664300,213,79,530,1,1,107,F#,Minor,71,91,84,5,0,32,8
1,2180,8,24,664,0,206780099,13,74,16,1,2,120,D#,Minor,79,75,100,14,0,32,12
1,1888,7,17,4599,0,232866836,13,0,119,1,3,116,C#,Major,61,37,72,9,0,51,4
1,2132,1,26,1822,0,135591018,109,39,125,1,61,176,F#,Minor,52,53,57,13,0,18,25
2,2088,12,10,4592,3,377228190,75,84,551,6,4,148,,Minor,84,83,30,98,0,14,5
2,2052,5,12,3181,0,281943273,44,30,40,0,0,123,,Major,49,36,71,4,0,10,36
1,1853,12,26,1704,26,350030139,18,80,24,0,31,171,G,Minor,62,15,63,39,87,12,10
1,2060,1,1,3052,0,BPM110KeyAModeMajorDanceability53Valence75Energy69Acousticness7Instrumentalness0Liveness17Speechiness3,17,0,53,0,0,112,A,Major,49,71,69,8,0,16,3
2,1822,5,12,2831,0,124890402,24,0,25,0,0,149,C#,Minor,88,79,57,48,0,15,8
2,2158,3,25,439,0,77251943,17,14,5,0,1,122,B,Minor,70,11,77,9,48,30,7
1,2116,6,14,2384,25,340226349,72,12,35,8,66,152,G#,Major,67,65,70,3,0,27,4
1,2028,11,4,7372,2,1102380354,5,0,876,0,0,147,C#,Minor,51,7,59,55,0,10,3
1,2046,5,7,9662,44,1315455974,132,131,151,13,154,97,F,Minor,63,20,67,10,0,13,27
1,1824,1,1,22858,12,1052928467,303,65,1262,9,21,146,G,Major,69,100,73,5,0,41,15
2,1838,3,9,4707,44,215347439,164,108,254,8,593,150,A,Major,61,31,84,4,4,8,4
1,2055,6,7,139,23,42757575,32,102,7,2,5,85,G#,Major,50,22,52,1,0,15,3
3,1985,13,2,2939,16,400700728,40,66,40,0,36,114,F,Minor,71,47,61,15,0,20,23
3,1848,7,17,302,6,403165962,26,90,4,0,0,87,,Major,59,40,62,62,0,11,3
1,1982,7,28,1959,0,434753555,19,0,40,0,0,84,,Major,49,12,53,7,0,23,3
5,2119,5,22,165,7,55359858,3,85,1,0,54,110,G,Minor,76,95,69,32,0,9,4
1,2204,9,22,3300,9,491929335,75,31,77,5,30,118,B,Minor,78,93,80,8,0,13,3
1,2033,10,4,2554,0,475348585,5,1,64,0,0,109,G#,Major,68,7,53,29,0,8,4
1,1954,11,4,3103,15,494738003,48,65,79,12,120,130,E,Minor,55,47,90,1,1,50,4
1,1947,10,1,1057,0,359107721,19,99,47,0,2,115,A,Major,89,87,92,10,0,9,7
1,2223,4,20,6907,31,946020979,105,101,134,12,20,105,C#,Major,92,55,50,70,1,11,5
1,2026,1,10,4366,8,874966945,73,21,248,1,57,177,E,Minor,42,10,65,2,0,13,5
1,1880,6,2,278,19,63120546,10,92,5,0,78,108,F,Minor,85,68,77,8,0,7,35
2,2215,11,11,2077,0,122942232,76,86,142,0,0,119,,Major,54,65,91,23,0,11,4
1,1855,13,25,472,8,332517400,9,106,6,0,9,132,F,Major,47,17,35,74,0,12,4
1,2198,5,6,2102,0,453100531,29,40,24,0,5,79,F,Major,56,58,86,38,0,18,30
1,2212,2,11,2106,4,171899589,86,26,67,9,485,113,G,Major,96,89,78,66,0,10,4
2,1856,12,4,1556,2,214865217,27,56,11,0,86,140,G,Major,82,22,70,1,0,17,5
1,1885,5,18,3239,5,314455663,42,29,83,0,195,137,,Major,52,28,44,14,0,9,3
1,2128,5,6,1063,1,282106310,8,11,9,0,0,177,F,Minor,49,38,54,75,0,11,7
1,2067,10,4,1037,0,99937453,7,5,2,0,0,133,F,Minor,86,36,43,4,0,42,32
2,1898,3,1,926,5,128272881,7,30,56,1,30,151,F#,Major,62,70,88,30,0,98,5
1,1854,1,23,5929,31,643194303,45,16,54,1,2,87,A#,Minor,95,82,51,10,0,5,8
1,1922,5,19,3150,3,400496365,29,10,75,0,0,123,D,Major,47,38,29,84,0,9,4
2,1933,7,22,569,4,306215653,11,43,3,1,0,99,G,Minor,86,65,64,29,0,10,13
1,1922,8,30,21612,17,1936498555,380,76,631,3,40,129,,Major,64,63,70,22,0,9,4
1,2221,9,24,7683,0,1188973068,175,51,92,0,2,133,,Major,79,61,77,40,0,9,12
2,2060,1,8,639,0,53014233,18,3,3,0,0,105,F,Minor,93,71,49,15,0,13,27
1,2100,9,19,34581,7,1246476641,150,79,6336,5,85,96,G,Major,57,13,35,1,0,12,4
1,2012,12,9,1185,0,113373479,16,62,7,0,0,61,A,Minor,74,51,26,87,0,12,8
1,1941,11,15,951,0,84322721,36,38,14,0,3,159,F,Minor,73,23,71,0,0,12,42
1,1891,6,24,3150,0,479487054,33,6,48,0,1,136,D#,Major,92,58,46,54,0,38,19
2,1979,7,3,5332,10,695055117,145,25,128,0,1,183,C#,Major,80,82,91,39,0,7,19
1,2167,2,19,892,16,327818805,29,79,31,7,11,127,G,Major,55,68,47,48,0,36,3
1,2156,5,25,504,0,67680862,15,15,6,0,0,96,F,Major,66,24,82,16,0,32,4
3,1990,6,22,3351,38,716592592,38,0,4,0,0,97,D,Major,83,70,56,59,0,9,3
1,1973,3,3,5947,0,766306699,115,192,404,1,0,99,E,Minor,56,54,83,0,41,20,4
2,1904,7,18,13348,0,628700177,195,68,421,0,11,128,B,Minor,79,60,77,2,5,6,10
2,2166,2,3,328,9,160436523,4,70,4,2,39,186,A,Major,61,74,60,8,0,6,5
1,1939,1,27,1343,0,151879360,55,4,51,0,0,113,B,Minor,63,50,39,72,0,11,3
2,1919,11,20,698,14,233485349,21,64,20,5,54,107,B,Major,72,93,59,56,0,5,2
2,1842,5,32,9809,16,1188962991,166,121,366,7,0,173,D,Major,63,24,60,63,0,22,30
4,1879,1,5,818,3,242541159,32,0,13,0,0,183,F,Minor,64,61,43,42,0,37,4
2,2044,5,27,548,0,48879949,23,20,33,0,0,83,G#,Major,57,7,64,6,0,60,6
1,1823,3,24,692,0,54986364,24,7,12,0,75,110,G,Major,78,22,80,30,0,11,4
4,1967,6,8,824,30,52294359,22,46,21,8,100,173,G#,Minor,62,54,76,15,0,37,8
1,1988,1,7,4426,0,357382721,81,77,138,0,,114,G,Major,71,99,73,3,0,7,10
1,1969,1,8,12649,3,1725153030,188,55,523,0,,153,A#,Major,59,19,42,82,0,10,7
1,1972,11,18,398,6,175368599,15,120,8,0,10,139,E,Minor,75,64,98,4,0,50,18
1,2169,11,25,1653,25,361946207,17,79,23,0,30,159,G,Minor,60,14,64,46,83,13,9
1,1904,3,26,605,62,365807503,8,106,23,2,28,112,G,Major,57,36,71,0,0,36,4
1,1853,8,29,18363,16,2057828031,354,67,619,3,36,116,,Major,75,55,71,25,0,9,4
2,1929,11,25,1249,0,189231319,13,1,11,0,7,114,F#,Minor,45,35,78,9,0,9,21
2,2212,12,24,1256,35,605796663,12,8,5,0,1,81,F,Minor,64,52,49,41,5,10,11
1,1932,9,23,7501,0,1302272950,187,57,104,0,2,144,,Major,79,72,82,48,0,9,12
3,2006,7,23,3428,31,424830999,72,69,66,6,3,106,B,Minor,87,58,88,22,0,9,5
1,1869,13,23,519,9,339166209,8,116,6,0,8,125,F,Major,46,19,39,73,0,13,4
1,1915,6,10,704,0,344577511,5,124,18,0,3,78,G#,Major,72,71,85,2,0,4,16
1,1872,1,2,1919,28,411525540,28,112,16,1,23,132,A,Minor,86,67,76,37,0,12,4
5,1931,6,16,2276,0,301188631,35,2,37,2,0,103,C#,Major,83,60,74,8,0,6,7
1,1954,5,5,647,0,36095817,39,3,29,0,50,192,F#,Minor,53,47,76,9,0,33,5
1,2054,11,8,2574,24,427480347,53,144,46,1,227,147,F,Major,51,40,56,13,0,10,14
5,2139,6,2,196,0,33549350,3,10,3,0,0,103,F,Major,85,53,53,42,54,28,7
1,1990,1,7,769,0,49192674,1,8,7,0,0,84,A,Minor,28,9,47,60,0,44,5
2,1913,5,16,4289,0,505413807,13,7,50,0,1,145,F,Minor,62,48,78,10,0,64,11
1,2134,4,26,3083,20,1056739082,42,95,62,1,31,123,C#,Major,57,42,76,2,0,8,3
2,2055,5,25,8339,13,627163889,17,49,940,0,0,122,E,Minor,75,61,70,2,0,21,6
2,1943,11,16,1756,16,242536655,33,16,37,2,44,123,G,Minor,84,62,72,8,0,12,5
1,2051,12,23,2308,56,1690659885,65,19,24,0,258,140,C#,Minor,62,54,53,8,0,16,7
1,2008,10,17,791,13,300738147,22,93,12,0,3,99,A#,Minor,83,88,78,8,0,11,9
1,1854,11,16,764,11,273423778,23,92,11,0,3,105,A#,Minor,84,74,79,8,0,12,8
1,2079,5,15,14313,5,1712783332,243,52,445,1,,172,F#,Minor,53,71,73,31,0,12,19
1,1935,5,16,1194,88,100126835,54,216,53,12,1023,123,C#,Minor,89,21,59,12,0,28,10
1,1947,3,3,1214,0,80604738,46,11,20,0,23,88,C#,Major,74,31,71,12,0,11,27
3,2056,11,5,4605,0,421464646,64,42,82,0,0,80,D,Major,69,78,61,6,0,38,4
1,1862,4,20,3406,12,421522750,61,92,44,15,121,101,G,Major,54,22,36,45,0,11,3
3,2117,8,32,2538,0,519972957,45,2,53,0,,113,G#,Major,61,44,56,48,9,5,6
1,2187,13,10,2624,34,398289802,3,78,22,1,52,107,F#,Minor,69,43,50,17,0,9,5
1,1856,8,27,21180,15,2295483312,394,75,578,3,40,130,,Major,74,55,73,25,0,10,4
2,2013,1,1,38276,22,1205650827,337,97,4512,1,54,139,C#,Major,70,63,77,3,0,10,4
1,1914,1,1,21532,40,1560802789,103,71,4022,5,0,111,G,Major,86,70,71,0,0,33,9
1,2108,1,8,12199,3,1674063700,195,64,527,0,,132,A#,Major,58,23,42,71,0,9,8
1,2088,5,2,631,0,221358921,18,77,10,0,0,98,G,Major,79,41,56,5,0,12,13
2,2059,11,19,16152,0,937085868,91,58,4210,0,0,75,F#,Minor,85,54,81,4,0,49,22
1,2129,2,19,1605,2,130636670,66,6,48,0,150,96,F,Major,51,61,80,6,0,33,3
2,1971,4,20,2625,27,651868666,61,105,74,0,110,104,A#,Major,36,32,62,80,0,18,3
1,1904,1,34,636,0,99376893,10,58,0,0,106,95,G#,Major,56,79,77,0,0,14,3
1,2196,5,19,4994,6,1194351171,171,126,212,0,5,113,G#,Major,75,74,33,0,0,6,11
2,1995,1,8,1174,0,90325131,8,11,9,0,0,103,D,Major,73,82,80,10,0,30,20
4,1897,5,2,576,4,94161384,14,50,19,1,10,149,B,Minor,60,18,52,21,0,11,6
2,2125,2,2,2184,32,243039180,44,79,50,8,4,173,C#,Minor,82,53,81,32,0,12,23
1,2205,6,9,6673,6,1070934793,107,43,171,3,29,167,G#,Major,47,26,31,97,0,14,5
3,2194,13,2,1625,0,207803982,11,21,13,0,2,82,G,Minor,49,22,70,19,0,17,29
1,2096,10,16,7763,18,1202207255,56,18,2,0,,130,G#,Major,66,41,53,92,0,12,4
1,1825,6,5,6669,12,444419855,3,1,38,1,35,111,F,Minor,55,57,95,0,1,11,4
2,2180,12,5,94,0,136436241,10,98,0,0,48,98,A,Major,62,47,52,82,0,6,3
3,2003,5,29,3995,0,171681838,75,49,115,0,0,109,B,Minor,86,79,66,16,0,8,5
1,2166,11,22,2209,0,295050937,12,16,15,0,0,114,G,Major,61,4,40,6,0,10,6
2,1918,1,16,366,0,157263225,9,0,38,0,0,161,D,Minor,82,94,54,68,0,9,7
1,2172,4,14,620,0,133626479,5,30,14,0,0,107,F#,Major,92,43,55,1,0,14,17
1,2044,10,9,22185,5,2042963221,294,82,2376,0,38,106,E,Major,66,49,39,86,0,25,47
1,2196,2,20,10339,7,854882655,73,56,188,0,10,189,F#,Major,55,85,81,45,0,12,6
2,2149,1,14,444,2,144445722,16,43,22,1,16,96,,Major,86,56,61,7,0,26,4
1,2025,1,1,16425,3,1572845697,126,25,1990,0,32,85,F,Major,67,47,45,58,0,7,4
1,2083,5,6,2052,0,494645896,26,48,25,0,5,76,F,Major,56,66,83,36,0,18,29
1,1827,1,1,9591,0,698090478,151,5,611,0,6,122,F,Minor,61,29,64,1,0,7,4
1,1904,7,26,1922,0,340060013,3,0,31,0,1,76,D#,Major,45,46,82,8,89,9,3
4,2148,5,20,3619,3,352473481,33,1,34,0,1,173,A,Minor,75,78,90,10,0,16,13
2,2123,10,10,4453,3,350096428,89,96,481,5,4,147,,Minor,78,76,30,91,0,14,5
1,1859,12,18,1646,0,285571325,41,49,19,0,0,184,D,Major,59,35,57,2,0,4,29
1,1878,8,14,680,7,187125008,2,4,6,0,0,90,F,Minor,63,38,46,34,0,11,10
1,1846,1,20,5235,31,732822088,43,14,52,1,2,88,A#,Minor,94,77,55,10,0,5,8
1,1889,10,29,36486,3,2307684176,300,172,5893,8,17,76,,Minor,42,22,41,28,0,28,5
2,2114,2,3,338,10,153381876,4,70,4,2,35,179,A,Major,62,86,63,8,0,7,5
2,2049,6,10,9761,17,1244814597,20,0,410,0,,83,G#,Major,68,37,61,9,0,56,6
1,2188,3,32,24530,136,2384626962,422,216,919,49,,178,F#,Minor,53,72,76,37,0,29,5
1,1962,5,15,230,4,177333675,4,113,0,0,7,90,B,Minor,65,49,78,21,0,12,22
2,1832,9,21,3213,2,591567955,65,13,125,0,37,113,D,Major,69,36,70,12,0,9,10
1,1918,10,4,3754,28,936740046,127,199,3,0,,123,A,Minor,66,33,72,6,0,10,4
1,1886,1,31,598,0,94114125,11,57,0,0,108,112,G#,Major,56,78,91,0,0,14,3
1,1823,10,4,4114,26,948022275,120,180,3,0,,120,A,Minor,76,29,66,6,0,11,4
3,2010,1,1,323,0,99523407,4,0,13,0,0,143,F#,Minor,71,48,82,20,4,7,5
2,1909,2,9,6710,25,660705231,147,111,182,5,31,88,E,Minor,76,93,68,9,0,14,8
2,1968,4,28,348,4,82824530,16,7,40,1,29,114,F#,Minor,79,65,57,42,0,27,5
1,2176,3,18,4820,0,926274146,67,85,432,3,13,124,C#,Major,69,94,64,0,0,19,4
1,2002,3,3,258,0,61410198,6,14,0,0,0,129,D,Major,50,51,70,10,0,27,3
1,2123,7,18,3182,22,595262434,88,80,71,1,89,131,E,Major,60,27,46,47,0,12,3
1,1938,5,14,8056,70,1166760682,219,139,503,35,307,144,,Major,78,79,88,12,0,6,5
2,1844,3,23,617,3,93917835,12,3,20,1,1,114,B,Minor,76,77,80,59,0,15,32
1,1903,5,24,342,68,80295808,8,89,5,0,56,112,C#,Major,75,70,85,26,0,11,15
4,2066,5,18,3378,3,364487927,33,1,32,0,1,166,A,Minor,72,82,89,11,0,16,13
2,2062,5,5,6493,38,1206037561,76,104,92,14,30,85,D#,Minor,62,27,65,8,0,53,4
1,1938,11,29,3130,21,516202120,64,45,142,1,110,119,F,Major,72,52,59,9,0,9,3
4,1954,9,3,5667,6,1138107361,120,85,543,21,11,80,B,Minor,74,56,82,23,0,41,27
1,1851,9,15,921,0,82483609,35,40,14,0,3,165,F,Minor,81,21,62,0,0,11,44
1,2212,6,26,8742,0,1441160282,197,50,467,4,,102,F,Minor,75,92,76,9,0,11,8
1,2223,1,27,1400,0,134543071,55,4,52,0,0,99,B,Minor,71,51,43,68,0,10,3
1,1972,2,20,844,17,330165066,25,90,34,6,11,128,G,Major,54,74,48,41,0,36,3
1,2009,9,3,2063,0,319217554,15,5,44,0,7,126,B,Major,41,36,44,65,0,8,6
2,1884,7,5,236,6,48989987,6,13,7,2,4,90,A,Minor,46,14,71,1,0,18,8
1,1923,7,5,2526,0,399196981,21,12,61,0,6,150,A,Major,29,33,83,6,0,7,9
1,1885,1,1,8365,0,240352482,113,32,54,0,1,140,G,Minor,68,99,65,84,0,7,8
1,1834,3,20,4462,0,928146551,62,83,450,3,14,146,C#,Major,75,105,62,0,0,18,4
2,2145,5,28,8033,14,617295149,18,47,935,0,0,138,E,Minor,74,69,77,2,0,18,6
2,1939,10,13,2347,24,306753496,52,72,60,1,16,125,F,Minor,103,47,69,46,0,9,32
2,1966,2,32,4766,21,760111092,50,45,104,0,0,97,C#,Major,70,63,78,3,0,7,5
2,2173,7,6,8452,45,1442921245,87,61,151,15,172,126,D,Major,61,50,76,1,3,24,4
1,1847,1,1,1048,0,358745293,88,38,5,0,0,92,C#,Minor,77,99,90,13,0,12,3
3,2173,9,9,803,0,163012415,13,1,49,0,0,82,G,Major,95,52,52,33,0,28,26
2,1822,7,24,11769,0,1739002684,229,30,692,0,,88,G,Minor,65,75,67,24,0,30,4
2,2218,5,23,5398,6,1250150021,77,45,126,0,,180,D#,Major,27,11,31,70,0,12,5
1,2023,13,9,1023,4,262990112,29,85,88,1,26,122,F#,Major,73,74,89,45,0,32,3
1,2042,11,15,8167,0,708605516,167,97,174,0,1,207,G,Major,24,78,60,82,0,13,4
2,1974,4,29,742,0,229673080,16,86,24,0,0,127,E,Major,86,87,103,3,0,3,9
2,2189,5,10,285,4,71844792,7,2,28,1,11,109,A,Minor,82,56,46,24,0,20,70
1,1890,8,21,2971,2,358958238,68,91,69,0,26,134,E,Minor,41,10,24,77,1,14,4
1,2041,1,31,2190,20,471386978,53,113,14,1,307,192,F#,Major,56,54,72,45,0,14,4
1,2059,1,1,19851,16,1003792159,102,74,4812,0,543,184,A,Major,44,33,53,5,0,7,3
1,2076,11,28,1176,0,161331029,28,0,26,13,0,146,F,Major,67,67,84,24,0,21,4
2,1880,12,4,8633,6,619245790,251,116,256,0,5,114,G,Minor,76,44,80,3,0,9,4
1,2152,1,1,21531,31,1289531679,50,66,1137,2,1,94,D,Major,67,78,58,4,0,8,4
1,1887,5,20,3348,5,331833806,44,31,77,0,195,134,,Major,56,27,47,14,0,8,3
1,1907,7,7,399,50,55734033,35,191,21,5,183,159,F,Minor,81,53,84,19,0,16,7
3,2022,7,2,1200,36,104022868,43,65,55,10,118,116,A#,Minor,78,16,68,7,0,11,5
1,2001,9,16,4138,0,233345829,12,0,113,1,3,126,C#,Major,60,38,77,9,0,44,4
2,1862,2,19,5049,12,360127179,118,37,325,1,36,131,C#,Major,81,44,74,7,0,16,14
1,2102,5,20,2564,0,270358633,21,12,43,0,0,147,,Major,69,63,43,51,0,17,4
2,2043,6,29,2728,0,216880976,16,44,45,0,3,92,F#,Minor,63,31,44,38,0,38,13
1,2163,11,8,982,0,87254180,6,20,3,0,0,79,,Major,61,17,20,72,0,10,5
2,2088,2,3,386,9,145271684,4,64,4,2,35,167,A,Major,59,84,58,8,0,6,5
2,1863,7,19,11438,0,728087887,186,60,468,0,12,130,B,Minor,83,63,76,2,5,7,8
2,1937,6,2,305,5,72917861,18,39,5,0,18,110,A,Major,73,5,28,19,0,13,5
1,1886,8,21,1244,6,166753842,28,6,17,0,5,92,D,Major,68,40,49,75,0,14,4
1,2220,1,7,2803,5,379719342,14,96,36,0,3,138,A,Minor,65,62,61,4,0,17,3
2,1827,11,25,1257,30,561452286,14,8,5,0,1,91,F,Minor,64,57,52,36,5,10,11
1,2220,2,19,5420,4,973024179,110,126,230,0,35,141,,Major,63,59,43,61,0,13,5
2,1938,12,3,3985,16,651185994,141,34,117,17,0,141,A#,Major,81,84,78,35,0,16,4
1,2053,11,12,7515,0,1086974475,127,24,278,0,8,106,E,Major,55,6,28,81,0,9,3
1,1896,1,1,18014,13,2397445448,7,0,1925,0,0,95,G#,Major,62,17,44,16,0,11,2
2,1991,6,30,825,38,61394811,32,110,42,13,222,119,F#,Minor,79,67,75,15,0,51,4
1,1856,1,1,5215,0,631868201,83,22,366,0,119,91,G#,Major,58,33,83,11,0,31,8
1,1822,4,5,695,7,312118299,26,114,12,0,1,117,C#,Minor,64,50,70,0,0,35,4
2,1997,6,7,1302,0,230702794,27,15,17,0,1,127,C#,Minor,79,39,76,6,0,62,6
2,1987,10,10,2237,0,130369558,74,97,144,0,0,125,,Major,62,57,103,23,0,10,4
1,2025,9,7,2295,0,336722479,39,2,12,0,15,115,A,Minor,72,37,50,13,0,10,39
2,1870,1,17,6744,0,1158169696,59,48,371,0,1,180,A#,Minor,81,87,82,15,0,27,37
1,1975,3,21,2921,17,659112156,155,79,220,25,0,159,,Major,55,49,66,11,0,45,6
1,1885,6,31,7682,12,843876902,160,68,139,17,28,166,C#,Major,70,63,48,66,0,39,4
2,2154,6,10,4189,2,313119677,106,78,92,1,8,120,,Minor,91,57,78,11,1,10,5
1,1847,8,23,2753,2,362480887,74,89,64,0,26,130,E,Minor,41,10,24,76,1,13,4
1,1902,5,13,1556,0,56335485,1,0,5,0,0,76,A#,Minor,54,51,46,80,0,9,36
1,1827,1,1,9671,45,273621802,26,134,255,3,388,159,D,Major,42,21,89,22,0,8,9
1,2103,2,17,800,16,345564823,26,81,35,7,10,126,G,Major,58,77,48,44,0,36,3
1,1852,5,5,650,0,41131854,35,3,28,0,46,161,F#,Minor,48,44,76,10,0,35,5
1,1968,3,25,1048,0,231942376,32,0,18,0,0,174,,Major,63,60,83,5,0,6,4
2,2215,4,26,919,0,164127359,17,0,7,0,0,92,,Major,61,34,88,23,0,9,9
1,1833,6,16,2444,62,55980620,0,0,115,16,0,136,G,Minor,69,103,93,13,20,8,4
1,1936,4,6,222,0,94385412,10,0,7,0,0,149,C#,Minor,69,23,44,26,0,9,6
1,1967,5,20,620,29,163287474,16,153,14,6,99,123,F,Minor,78,105,85,29,0,10,7
1,2035,7,5,6032,14,443810028,3,1,34,1,38,99,F,Minor,58,53,87,0,1,10,4
1,2214,2,18,2674,21,382998441,64,22,43,1,0,87,G#,Major,46,29,69,29,0,12,13
1,1950,6,15,14663,0,2344500990,175,31,771,0,5,86,B,Minor,47,22,51,38,0,32,23
1,2086,5,3,2603,0,260213042,69,8,297,2,110,149,G,Major,47,23,67,5,0,41,3
1,1902,9,18,47332,17,1466045943,36,0,4843,6,0,82,F#,Minor,55,86,97,2,0,9,5
1,2218,13,1,564,1,255958022,17,94,11,0,0,120,A,Major,77,59,79,6,0,5,10
2,2044,10,29,1492,0,210511051,35,59,32,0,2,151,D,Minor,56,17,63,19,0,22,9
4,1862,8,12,7470,0,462597501,125,12,198,0,1,130,G#,Minor,83,80,89,2,0,5,5
2,1973,2,4,1083,0,74792225,40,1,26,0,0,128,C#,Minor,83,52,49,44,0,13,42
1,2030,3,26,1163,0,145937622,19,4,56,0,1,104,D#,Minor,72,98,94,6,0,37,4
1,1837,1,31,2272,19,457545084,51,102,16,1,321,189,F#,Major,52,56,71,50,0,16,4
1,2214,6,20,5883,49,175192103,157,143,2707,21,1489,116,D,Major,87,42,64,42,50,27,7
1,2038,5,28,28057,4,1848411698,124,101,1881,0,18,136,,Minor,36,11,59,8,0,15,8
1,1980,1,1,10157,0,723553355,168,102,104,0,,114,D,Major,70,75,37,89,0,6,3
1,2197,1,1,20006,51,933943405,88,134,1781,3,194,110,C#,Minor,52,26,70,8,0,12,3
1,2179,10,8,10699,29,1254685193,229,70,532,19,,147,D,Major,76,87,83,27,0,4,8
2,2189,5,24,23105,0,1533302723,76,49,2431,1,0,156,C#,Major,50,9,86,8,0,8,21
2,2166,5,25,7970,15,594649337,16,55,925,0,0,121,E,Minor,77,61,80,2,0,18,6
1,2150,13,18,1366,0,241437871,46,57,95,0,26,74,A,Major,77,90,66,6,0,8,14
1,1902,11,9,987,4,245994876,33,85,88,1,28,123,F#,Major,67,79,85,44,0,28,3
1,1915,6,22,257,25,83150296,18,137,9,5,168,123,G,Minor,73,98,86,9,0,9,9
2,2120,4,27,400,4,82970557,16,7,42,1,29,128,F#,Minor,73,68,58,39,0,27,5
1,1972,9,13,748,7,179561925,2,4,6,0,0,85,F,Minor,68,36,46,30,0,12,11
2,1950,2,4,971,0,67185406,8,0,28,0,0,110,C#,Major,89,65,95,12,0,25,24
1,1874,5,30,24775,4,2022947404,123,91,1817,0,17,132,,Minor,34,12,62,9,0,15,8
2,2131,3,14,329,6,118490028,5,45,2,1,8,143,G,Minor,72,74,80,28,0,12,7
1,1992,8,24,57063,14,1916226583,284,92,5442,2,130,135,C#,Major,35,24,96,0,0,9,8
1,2105,10,30,3342,0,316180311,67,89,32,0,2,118,D#,Minor,81,57,43,14,3,9,9
1,2008,7,21,589,4,203682862,14,18,11,0,0,102,G#,Major,61,34,60,13,0,22,43
1,2076,6,15,16211,0,2185325661,171,34,643,0,5,86,B,Minor,44,21,50,39,0,30,23
2,1881,12,12,699,4,214872071,20,3,0,0,0,103,C#,Major,49,70,62,14,0,32,8
2,2110,12,16,690,1,145141003,0,0,33,0,,117,D#,Minor,45,13,77,0,0,10,4
1,1962,10,26,563,2,155058879,21,2,22,0,0,120,G#,Minor,85,68,75,5,0,32,3
1,2201,6,2,612,8,153344012,11,1,8,0,1,105,F,Minor,76,67,89,48,0,12,11
2,1999,5,33,8655,16,1274492299,163,109,369,7,0,186,D,Major,57,25,62,64,0,22,33
1,1926,4,10,376,15,122326154,15,103,7,0,53,112,E,Minor,66,41,82,1,0,9,5
1,2004,7,23,3823,11,1037789440,7,0,217,0,2,135,B,Minor,78,17,27,84,0,12,26
1,1929,4,8,2331,0,218828496,71,0,49,0,0,76,A,Major,72,33,31,55,1,10,4
1,1820,7,20,1885,15,522217186,54,109,73,1,14,88,,Major,78,71,72,2,0,28,11
1,2188,10,8,2420,0,327735265,34,2,12,0,14,122,A,Minor,69,40,42,14,0,9,38
1,2066,5,15,16016,6,1769277207,244,54,446,1,,159,F#,Minor,55,72,60,31,0,10,19
1,2139,11,10,9049,0,472942231,31,56,107,1,0,122,F,Major,58,25,41,1,3,6,3
3,1971,7,1,653,4,198419151,0,0,29,0,0,156,A#,Minor,64,63,56,13,0,5,40
2,2166,3,26,4271,15,694986846,31,74,128,0,26,112,A#,Major,32,16,67,13,0,17,3
1,1853,1,6,31738,10,3898743134,34,0,7251,7,0,96,C#,Minor,82,85,63,54,0,9,9
1,2107,9,28,463,0,115003298,9,1,13,4,3,148,D,Major,97,74,56,56,0,16,6
3,2012,6,2,1362,40,102944878,46,65,62,10,105,104,A#,Minor,65,17,59,7,0,11,5
2,2108,5,27,398,5,45703076,23,84,6,0,114,130,B,Major,73,65,54,6,0,16,3
1,1833,7,23,3088,2,328089726,64,98,63,0,24,146,E,Minor,37,9,23,82,1,15,4
1,2018,9,17,1412,17,515895509,49,113,68,0,2,103,,Major,86,66,68,0,0,18,4
1,2086,2,20,8304,6,702624872,43,113,229,1,240,102,F,Minor,71,16,51,11,1,12,3
1,2074,1,1,8678,24,819015210,164,121,166,0,5,199,G,Major,41,51,55,46,0,16,11
2,2004,1,1,18906,0,639844980,78,16,1573,0,3,121,G#,Major,94,61,77,9,0,16,8
2,2064,2,2,1095,0,147573272,31,1,32,0,0,132,G,Major,48,43,57,42,0,27,3
1,1996,11,27,2710,0,358214820,47,15,38,0,1,77,D,Major,76,12,43,0,0,38,14
1,2184,3,28,30530,1,1765380684,307,114,1405,0,5,148,C#,Minor,96,44,61,0,0,8,11
2,2049,5,25,397,5,44266723,24,85,6,0,105,137,B,Major,81,58,55,6,0,15,3
1,2121,8,15,2387,2,701339882,0,0,24,0,0,109,A#,Minor,78,72,69,11,0,37,7
1,1880,5,14,1966,8,367725313,38,90,8,0,15,127,A,Major,79,67,83,23,0,67,3
1,2036,8,17,173,4,138953172,5,6,1,1,19,127,G,Major,73,35,37,42,0,9,3
1,2186,5,3,2380,0,250824675,63,7,291,2,111,135,G,Major,51,21,63,5,0,42,3
2,2169,3,18,3117,41,587490547,50,109,59,14,346,170,D,Minor,76,56,48,23,0,9,31
1,2023,4,26,971,17,364926319,18,80,22,8,40,179,,Major,63,67,55,13,0,21,3
1,1949,10,19,2508,4,439510902,18,27,22,0,0,143,,Major,70,20,38,76,0,11,8
1,2090,1,1,3449,0,122336496,63,39,43,0,0,97,F#,Minor,68,99,33,80,0,9,4
1,1939,1,27,2144,0,261817833,44,3,42,13,6,81,G#,Minor,71,61,54,30,0,24,9
1,2106,2,4,1921,0,111090084,25,1,57,0,0,76,,Minor,31,27,21,20,0,30,3
1,1987,12,15,6552,0,403702002,93,1,293,0,0,143,C#,Major,49,71,26,85,0,18,4
2,1922,6,21,13930,2,2448699109,481,53,1903,1,9,114,A,Minor,77,85,57,4,0,8,3
1,2117,12,16,2430,20,315863578,52,21,119,0,9,153,D,Minor,78,50,43,85,0,22,39
2,2052,7,6,8913,49,1462213563,92,62,168,14,159,123,D,Major,58,59,79,1,3,24,4
2,1963,6,9,1304,0,233906509,24,14,17,0,1,129,C#,Minor,89,41,72,6,0,61,6
1,2192,8,14,170,4,126787759,5,5,1,1,17,122,G,Major,69,33,43,42,0,11,3
1,1867,13,23,3290,3,532085609,24,3,57,0,1,133,D,Major,73,56,82,28,0,14,20
2,1995,4,1,2858,34,490732231,27,57,47,8,88,89,F,Minor,71,44,80,29,0,7,6
3,1905,6,23,3180,42,708797664,36,0,4,0,0,98,D,Major,95,76,53,58,0,9,3
2,2135,4,30,4437,4,705641240,130,23,112,0,65,108,G,Major,78,62,79,0,0,14,4
3,2163,8,27,2683,0,514254527,41,2,62,0,,120,G#,Major,62,45,56,44,10,5,6
1,1975,6,18,17750,3,2307959199,220,115,2536,0,85,116,E,Major,64,19,37,63,0,11,5
2,2073,13,20,603,1,149849819,0,0,28,0,,117,D#,Minor,53,14,73,0,0,9,4
1,2123,12,9,24514,5,2253676055,288,88,2509,0,35,100,E,Major,56,52,39,92,0,26,44
1,2109,6,7,98,15,40157058,23,57,6,1,0,121,G,Major,60,51,82,0,0,17,4
3,2031,12,18,1088,0,186078953,19,35,11,0,0,151,C#,Major,62,52,69,12,0,6,39
2,2183,8,25,13230,0,1973338812,270,45,698,0,,153,D#,Minor,81,81,69,2,0,5,6
2,1885,6,2,203,0,23608511,3,3,6,0,0,148,B,Major,78,23,66,4,0,23,12
2,2007,5,30,8823,16,1292410113,148,127,384,7,0,193,D,Major,60,26,57,60,0,26,32
2,1938,4,27,1414,0,114726636,25,1,17,0,0,137,G#,Minor,76,86,71,14,0,11,6
1,2217,1,26,638,0,153964682,29,75,59,0,0,137,F,Minor,95,87,86,17,0,8,5
2,1860,5,7,1570,0,126146316,15,3,3,0,0,95,B,Major,70,40,47,61,0,12,36
3,2049,8,24,799,8,155052327,15,13,11,2,27,151,A#,Major,76,81,74,14,0,12,38
3,2170,6,2,272,0,34691605,5,16,5,0,0,148,A,Minor,74,27,60,17,0,23,15
2,1927,5,13,3213,0,129495122,24,0,21,0,0,146,C#,Minor,93,82,57,45,0,13,8
1,2087,9,9,1172,2,268927719,29,2,5,0,6,81,F#,Major,69,73,63,40,0,6,4
2,2157,3,24,6722,79,848104030,182,113,288,39,102,105,B,Major,81,83,79,46,0,14,4
3,2106,12,21,847,19,349230958,12,75,34,0,19,123,,Major,67,34,81,18,0,44,4
2,2154,10,13,2516,28,313254116,49,63,59,1,16,117,F,Minor,87,47,62,47,0,10,31
1,2094,9,8,2257,0,354937182,38,2,11,0,15,119,A,Minor,66,37,48,13,0,11,42
1,2196,1,1,21900,15,1144845743,109,73,4790,0,548,160,A,Major,42,36,62,7,0,7,3
1,1856,4,8,748,2,143657584,11,6,12,0,15,112,F#,Major,76,55,41,73,0,12,6
2,1859,3,3,300,0,61042924,13,32,1,0,0,142,E,Major,53,50,74,11,0,12,3
1,1957,12,2,12214,8,1260132749,196,81,251,6,17,116,D#,Minor,74,57,69,44,1,10,4
1,2058,5,6,909,4,207822061,15,53,1,0,64,152,F#,Major,55,47,66,45,0,14,3
2,2190,9,28,13505,83,1184666540,268,185,555,43,731,130,G,Minor,56,37,98,4,0,35,4
1,1993,8,18,9185,2,1798159983,261,74,1124,1,20,92,B,Major,70,65,31,85,0,8,5
1,1828,13,13,8179,1,859269515,88,24,200,0,2,145,E,Minor,41,24,83,20,0,13,6
1,2078,5,26,13284,18,1421047701,227,103,1026,21,,143,G,Major,81,43,82,1,0,12,3
2,2095,6,16,4957,7,252085867,110,52,102,13,0,146,,Major,78,67,80,25,55,16,5
1,2059,5,4,2947,2,508837647,20,78,0,0,5,96,A#,Major,78,57,65,4,0,5,26
2,1898,1,10,7698,2,623284395,108,133,464,0,45,98,D,Major,69,18,72,9,0,13,4
3,2050,1,29,589,4,182143815,24,3,38,0,0,105,G#,Minor,73,59,66,1,0,6,4
1,1885,1,7,676,0,42075791,0,2,2,0,0,102,F,Minor,48,50,45,65,0,10,12
3,2048,5,13,2479,0,88672403,9,0,8,0,0,126,G#,Major,59,72,70,57,0,32,45
1,2097,1,1,19043,15,1141695028,106,66,4760,0,600,184,A,Major,49,31,60,6,0,9,3
2,1977,12,9,1601,0,103599073,15,19,4,0,0,128,F#,Major,67,60,45,82,3,10,5
1,2003,13,2,229,6,168858527,7,6,0,0,47,142,F,Major,46,17,45,71,0,11,3
2,2136,2,2,1168,0,125098291,37,1,34,0,0,132,G,Major,54,47,55,36,0,24,3
2,1938,7,12,10215,16,1391068858,20,0,382,0,,77,G#,Major,67,37,66,8,0,61,6
2,2009,12,11,5015,3,386987517,75,92,533,6,4,133,,Minor,70,85,32,103,0,12,5
3,2049,1,5,2408,0,324061885,62,7,65,18,6,113,F,Major,66,43,49,68,0,32,5
1,2060,2,23,2796,77,544690406,98,192,75,6,0,125,B,Minor,74,84,57,41,0,35,3
1,1874,2,17,1626,2,141134171,66,6,44,0,156,89,F,Major,60,73,80,7,0,36,3
1,1933,4,1,7804,4,1360784893,125,42,128,0,48,172,A,Major,41,20,61,58,0,38,9
1,2165,9,21,12694,0,1701036700,246,60,1262,2,74,115,D,Major,90,89,73,39,0,10,6
3,1977,4,6,4549,69,177573603,151,110,223,11,868,127,G,Major,60,21,100,0,0,12,3
3,1840,7,15,6672,48,2006395250,205,45,6560,2,0,155,D,Major,66,89,96,3,0,11,7
2,2185,9,6,4572,39,727815136,62,87,92,11,17,106,C#,Minor,94,41,64,0,0,10,28
1,2022,6,10,360,0,116544672,5,39,12,0,0,125,D,Major,69,29,55,43,0,26,4
1,2140,6,24,232,25,77273056,17,161,9,5,158,117,G,Minor,79,92,81,9,0,10,10
1,2016,11,25,1701,22,391128753,16,85,22,0,30,168,G,Minor,56,16,68,42,81,12,9
2,2069,10,14,583,0,251773135,25,85,94,0,0,119,F#,Minor,76,68,72,30,0,13,8
1,2044,10,20,2163,0,306404654,12,18,13,0,0,115,G,Major,64,4,36,6,0,11,6
1,2008,8,8,145,16,38362570,15,76,5,0,8,141,D,Major,47,18,62,1,0,13,3
1,1998,1,1,4452,0,182147453,30,3,68,0,0,167,G#,Major,54,93,36,66,0,9,5
7,1990,1,15,1136,1,239609678,18,5,12,0,0,163,F,Minor,68,71,76,42,0,6,29
4,1947,9,28,1029,0,113717800,20,0,40,0,0,132,E,Minor,96,44,77,28,0,6,33
1,2107,1,8,12322,3,1800011451,169,60,443,0,,150,A#,Major,60,19,40,71,0,11,7
1,2045,5,28,6430,41,1145852093,132,103,173,15,203,131,G,Minor,87,77,72,58,0,23,4
2,1831,9,9,23368,71,3022436850,373,125,826,4,62,92,D,Major,78,87,49,53,0,7,5
4,1926,6,2,499,4,89401287,13,45,19,1,11,153,B,Minor,66,19,49,22,0,12,6
4,2007,5,19,3837,3,314277462,33,1,33,0,1,185,A,Minor,78,74,93,11,0,17,14
1,2085,3,27,10216,5,1313866251,137,97,765,1,104,140,C#,Major,49,16,58,22,0,35,4
2,1829,13,26,390,5,215332074,3,33,2,1,0,144,D#,Minor,63,84,48,33,0,11,5
1,1919,10,29,32567,6,1388990365,191,122,5699,2,77,98,G#,Major,66,56,78,14,0,5,3
2,1831,3,32,645,10,145377815,15,99,22,2,28,132,D,Major,80,57,62,39,0,9,4
1,2177,2,2,17851,36,1383861642,71,80,1030,1,151,180,D,Major,49,10,36,106,23,61,4
2,2008,12,4,989,0,106384217,3,8,5,0,0,112,D,Major,68,10,56,1,0,23,27
1,2002,2,17,39703,25,1312627648,106,33,2808,0,643,120,G,Major,62,59,81,38,0,11,6
2,1911,5,12,3228,0,132814077,4,0,23,0,0,159,A#,Minor,53,53,75,18,0,12,33
1,1870,2,25,2690,73,541607914,90,206,76,6,0,117,B,Minor,73,75,60,43,0,31,3
3,1962,11,2,6396,92,889495329,111,152,264,25,28,108,C#,Minor,69,19,64,33,0,7,5
1,2193,5,3,2397,0,216152406,61,8,289,2,103,134,G,Major,47,23,67,5,0,41,3
2,2134,7,17,1473,0,109456731,0,0,15,0,0,80,,Major,84,62,70,6,0,18,21
1,1830,10,16,7385,19,1069725303,59,21,2,0,,126,G#,Major,73,41,51,84,0,11,4
1,2040,2,16,686,11,273694990,15,44,13,1,1,179,G#,Major,60,80,40,37,0,7,4
3,1925,8,25,3834,0,426065028,99,2,68,14,1,100,,Minor,66,69,69,0,0,13,4
1,1906,8,4,1369,33,335027592,16,16,18,0,0,117,C#,Major,66,56,47,22,0,12,23
2,1892,5,24,22611,0,1790886231,71,48,2732,1,0,184,C#,Major,58,9,87,7,0,8,21
1,2013,7,12,6586,18,665838169,102,100,478,0,434,92,,Major,94,72,85,34,0,9,6
2,2172,8,26,3610,13,332715971,40,50,52,3,1,93,B,Minor,65,32,82,25,0,21,38
2,1915,11,20,627,1,145376299,0,0,32,0,,132,D#,Minor,52,13,69,0,0,9,4
1,1890,13,10,1016,0,71456752,5,8,1,0,0,90,D,Major,51,48,75,8,0,32,4
1,1979,5,6,4352,0,487498071,80,14,93,0,16,175,G#,Minor,82,74,55,8,0,13,24
1,1842,5,6,901,3,357635618,11,25,10,0,0,117,C#,Major,79,51,64,12,0,13,5
2,1964,2,3,362,11,137623447,4,63,4,2,34,185,A,Major,58,88,63,7,0,6,5
1,1861,8,9,47379,9,1717113499,270,118,11658,4,147,122,C#,Major,51,76,89,0,0,11,7
1,1987,1,1,17907,7,687533797,33,10,255,0,0,154,C#,Major,35,27,62,14,0,9,5
1,2010,8,24,2482,0,329330639,120,17,202,0,192,148,D,Minor,69,28,68,14,0,10,5
1,2047,1,1,31727,24,1745923109,121,87,2846,1,27,86,F,Major,52,42,50,16,0,22,3
2,1946,12,15,780,20,378675297,29,141,23,7,112,171,G,Major,58,71,64,28,0,6,5
1,2036,5,20,2242,0,275033685,19,3,38,0,0,151,D#,Major,56,43,53,67,0,11,4
1,2043,8,1,25452,0,1981073156,317,124,4141,2,69,119,G#,Major,45,34,25,93,0,13,3
2,2064,10,23,7872,17,600694166,114,172,301,2,,117,,Minor,57,16,65,0,0,10,4
1,2112,10,14,12992,0,855007900,34,0,593,0,0,91,E,Major,36,37,22,84,0,28,3
3,1939,2,11,2048,0,105826450,35,3,30,0,0,158,G#,Minor,47,49,75,11,0,35,35
2,1841,6,29,2538,0,229009979,15,47,48,0,3,100,F#,Minor,73,35,42,38,0,36,15
1,2210,7,11,6886,0,1088971777,119,33,162,0,,127,C#,Major,60,18,67,28,0,9,7
3,2051,4,4,616,13,128950353,4,15,11,5,52,199,B,Major,46,88,55,11,0,27,6
1,2042,4,10,376,14,114651326,17,106,7,0,56,132,E,Minor,64,34,88,1,0,8,5
3,2059,10,9,907,0,185995594,13,1,50,0,0,88,G,Major,85,55,51,30,0,26,24
2,2133,12,3,562,0,72252525,2,0,7,0,0,101,C#,Major,87,79,63,4,0,8,6
2,1952,11,5,79,0,126089888,11,101,0,0,51,97,A,Major,65,40,52,74,0,6,3
1,2089,5,19,2014,1,259492828,7,1,16,0,0,178,A,Major,77,90,46,31,0,16,24
4,2066,5,20,294,6,82829465,6,8,28,1,69,132,D#,Minor,82,65,48,70,0,14,6
1,1952,2,6,740,10,267897418,24,17,15,1,4,126,G#,Minor,84,73,68,4,0,14,4
1,1941,4,1,7781,4,1229428945,113,35,151,0,45,192,A,Major,44,24,63,65,0,45,9
2,1942,2,22,24309,19,2328922805,367,185,2685,3,28,111,B,Minor,58,48,71,3,0,17,4
2,1958,4,28,3137,17,652103835,57,21,73,1,0,88,D,Major,83,93,55,17,0,31,7
2,2112,2,10,727,23,342627285,10,110,6,3,67,156,A,Minor,61,86,62,22,0,10,6
7,2150,1,14,1012,1,232110317,18,5,11,0,0,159,F,Minor,71,75,81,48,0,8,31
3,1944,5,12,2534,0,79310297,7,0,7,0,0,133,D#,Minor,58,67,85,17,0,16,26
1,2104,1,1,8933,43,280630139,25,119,297,3,405,156,D,Major,43,18,80,19,0,10,8
1,2202,5,6,1101,3,294619987,7,25,11,0,0,96,G#,Major,86,75,77,18,0,49,9
1,2141,1,9,428,0,224698175,10,56,18,0,0,148,G,Minor,78,64,71,49,0,34,4
1,2055,1,1,8141,0,265611184,120,32,51,0,1,138,G,Minor,68,85,69,87,0,7,8
1,1947,6,2,537,8,165500590,12,1,8,0,1,102,F,Minor,86,64,96,47,0,12,10
1,1931,1,1,14026,42,1082873973,85,110,1979,5,475,104,D,Minor,59,43,75,0,0,14,3
3,1859,8,3,5775,0,453075187,146,30,79,0,0,143,B,Minor,84,36,55,0,0,34,14
1,1940,11,15,900,0,84193344,37,36,12,0,3,165,F,Minor,68,22,67,0,0,10,47
1,1871,1,1,3118,0,BPM110KeyAModeMajorDanceability53Valence75Energy69Acousticness7Instrumentalness0Liveness17Speechiness3,15,0,54,0,0,115,A,Major,56,78,65,7,0,18,3
1,1896,3,23,213,0,118666972,5,0,4,0,1,80,E,Minor,67,67,42,44,0,11,3
1,2122,8,5,2299,15,311394750,68,101,55,0,140,75,G#,Major,39,43,61,19,0,7,6
1,1863,2,17,905,17,343342502,26,83,33,7,11,132,G,Major,61,69,44,47,0,35,3
3,1923,2,5,1730,11,217315533,0,0,19,0,0,122,B,Minor,73,36,95,1,10,14,4
1,1932,6,2,270,18,70798692,8,96,5,0,80,105,F,Minor,97,62,81,9,0,7,34
1,1983,2,24,1225,0,51971418,40,56,35,0,0,87,B,Major,51,34,91,16,0,10,5
1,1957,11,5,3118,0,241411789,46,0,149,0,0,147,D,Major,75,36,65,5,1,10,34
1,2035,10,31,580,0,277913004,1,0,19,0,24,182,C#,Major,64,59,62,9,19,12,7
1,1825,6,8,644,48,117293658,19,103,24,4,83,98,G,Major,62,58,62,3,0,38,3
1,2194,2,20,917,17,294182553,27,79,32,6,11,152,G,Major,62,74,42,46,0,34,3
4,1884,6,8,726,31,53101718,20,47,20,7,91,184,G#,Minor,58,56,86,14,0,34,6
1,1934,5,15,1889,0,151898255,71,9,109,0,39,151,A,Major,62,25,60,18,0,21,5
2,1953,11,4,1683,2,187082013,26,49,11,0,91,133,G,Major,84,21,75,1,0,17,5
1,1862,11,9,4611,24,746625536,18,45,0,0,10,126,A,Minor,62,19,50,10,0,6,4
1,2038,1,20,2331,0,279843031,52,1,67,12,1,106,C#,Major,94,69,46,11,0,9,24
1,1886,5,6,808,3,357376855,11,25,12,0,0,121,C#,Major,86,51,61,12,0,14,5
2,1970,7,23,1120,2,229531993,17,10,14,1,1,113,B,Minor,76,76,79,34,1,11,4
1,1891,5,6,1062,1,281568483,8,12,8,0,0,203,F,Minor,49,42,46,72,0,11,6
1,1880,8,18,3308,39,585759226,48,73,51,4,3,97,F,Major,79,54,54,11,0,30,7
1,2136,8,14,878,96,27863106,85,246,102,23,1180,84,,Major,46,13,9,105,0,10,3
1,2028,8,23,771,11,253216719,19,118,11,0,12,117,,Major,70,84,90,9,0,9,13
1,2162,5,6,4993,31,902087270,67,111,93,9,2,109,F,Minor,78,28,72,27,0,13,3
2,1938,13,31,1518,11,365006668,20,4,14,1,3,96,C#,Minor,72,80,86,46,0,10,30
1,2213,11,4,1811,36,345906756,35,24,40,5,1,87,B,Minor,79,53,81,24,0,10,15
1,2146,6,8,2439,36,494052528,43,60,49,5,6,176,E,Minor,71,55,58,4,0,26,11
2,2191,12,20,3805,37,572732837,47,74,79,14,208,181,F#,Minor,70,54,78,5,0,9,7
1,2119,2,15,43324,24,1238954514,101,33,2827,0,727,121,G,Major,69,58,84,35,0,11,6
2,1848,11,20,3815,36,590290655,44,72,80,15,197,177,F#,Minor,77,54,76,5,0,10,6
1,1920,10,24,12855,0,503925558,194,30,489,0,0,104,,Major,57,25,56,0,2,27,3
1,2135,4,13,8467,0,726827196,228,48,293,19,26,99,A#,Minor,78,71,71,10,0,32,7
2,1841,10,14,756,0,86838520,16,0,9,0,0,83,D#,Minor,62,25,48,6,0,46,4
2,1958,11,9,1128,0,94543649,7,27,3,0,0,138,A#,Minor,71,74,62,56,0,35,9
1,1935,9,19,4196,25,411270416,35,58,33,0,279,95,G#,Major,65,10,65,7,0,49,7
1,2128,3,23,227,0,133614143,5,0,4,0,1,81,E,Minor,75,68,46,48,0,12,3
2,2125,1,1,24870,35,1072654707,70,123,682,0,503,143,E,Minor,72,34,56,8,0,21,10
1,2222,5,13,2054,9,397817656,38,95,9,0,14,108,A,Major,78,61,77,24,0,63,3
1,2062,11,21,7337,0,736132702,30,22,15,0,4,127,G,Major,56,24,34,12,16,16,3
2,2177,1,15,935,2,316436528,32,111,98,1,0,126,,Minor,78,65,90,59,0,84,7
1,2166,3,22,1588,44,121819572,51,133,58,13,395,98,C#,Major,69,67,79,6,0,10,4
2,2076,4,28,797,4,57160588,17,12,27,0,42,111,G,Minor,84,31,67,20,0,9,4
1,2159,1,6,23619,19,1475377874,196,67,984,0,129,120,C#,Major,82,71,41,50,0,7,3
2,2200,4,20,1279,0,95292849,33,60,30,0,0,112,A,Minor,65,10,57,1,0,47,3
3,1861,9,20,802,7,138560591,14,12,11,2,28,134,A#,Major,74,77,74,14,0,12,33
1,1942,1,1,33852,28,1643298980,127,101,2589,1,25,78,F,Major,55,39,49,17,0,23,3
1,2156,4,10,2826,12,373319085,43,84,1,0,7,131,F#,Major,66,49,76,5,0,9,3
2,1918,7,15,691,5,289746452,15,80,4,2,0,142,,Major,79,70,81,30,1,12,4
1,1984,1,7,2027,0,107368177,7,43,16,0,0,117,G,Minor,75,68,53,2,0,9,9
1,1979,4,26,3527,23,1021549089,42,97,58,1,33,106,C#,Major,62,47,66,2,0,9,3
1,1872,2,26,3118,84,515852100,86,226,77,6,0,114,B,Minor,85,78,57,44,0,35,3
1,1934,12,2,3476,59,404020208,109,63,164,7,571,194,A#,Minor,58,67,44,57,0,10,7
1,2068,5,13,2248,0,231309069,94,13,176,11,3,129,G,Major,68,74,88,0,0,11,6
1,1814,5,28,27250,4,2023514656,131,97,2139,0,18,142,,Minor,36,11,59,8,0,13,8
1,1921,5,12,4611,11,284839777,166,264,154,3,119,89,D#,Minor,81,52,55,14,0,8,10
1,1861,11,4,1084,0,87515293,8,5,2,0,0,139,F,Minor,93,37,47,4,0,38,33
1,1910,3,3,1878,3,223314440,32,40,30,1,1,120,G,Major,97,38,39,34,0,9,27
4,2092,1,15,13070,0,860511845,208,49,713,0,18,117,D,Major,74,85,81,1,0,30,13
2,1907,7,5,5403,10,519883066,118,15,209,3,159,131,F#,Minor,60,22,69,1,0,14,5
2,1953,6,20,698,46,59119940,1,47,8,0,1165,123,A,Major,58,90,82,75,8,8,6
3,2190,2,23,1298,0,106818204,29,3,18,0,20,127,C#,Minor,87,44,73,9,0,11,6
1,2140,12,25,10663,2,765270874,145,118,199,1,10,117,C#,Minor,43,57,84,21,0,70,6
1,1844,8,5,2549,0,388769968,21,13,61,0,6,161,A,Major,32,30,92,7,0,8,8
1,2057,1,10,246,0,84924035,2,12,10,0,0,131,E,Minor,56,36,87,9,0,56,6
3,1849,6,2,270,0,34200072,5,18,5,0,0,139,A,Minor,79,29,50,19,0,22,15
1,2110,1,6,4143,0,328013816,74,76,141,0,,118,G,Major,73,89,81,3,0,8,11
2,1857,3,3,645,2,120276831,21,75,7,0,9,103,B,Minor,70,76,81,50,0,9,12
1,2210,12,21,893,0,169637635,24,48,78,0,0,98,,Major,43,48,37,72,0,9,5
3,2180,13,30,18924,0,630346702,122,16,1738,0,0,92,G,Major,72,74,80,3,0,41,4
1,2103,1,16,3009,0,592453378,9,2,148,0,0,114,B,Minor,52,50,89,0,0,5,3
4,2047,5,18,263,7,85201955,6,10,25,1,71,125,D#,Minor,79,70,48,68,0,14,6
1,2168,7,31,8804,0,1136760012,143,129,268,0,,69,,Major,33,33,22,69,0,13,4
1,2167,7,6,127,18,36584936,15,75,5,0,7,132,D,Major,51,21,67,1,0,11,3
1,2171,10,19,2873,0,333232514,43,32,23,2,0,151,G,Major,69,40,59,6,0,10,8
1,2062,10,20,9617,0,224119422,118,53,230,0,0,114,D#,Major,32,34,80,39,0,8,5
1,1835,4,14,8727,0,747107918,240,53,289,22,22,115,A#,Minor,80,66,71,11,0,35,6
1,2053,10,29,641,14,273932568,34,3,10,0,0,92,G#,Major,77,69,83,5,2,11,6
1,2089,1,1,3594,0,344067633,63,26,269,3,714,96,A,Minor,64,46,59,2,0,14,3
1,1991,12,7,676,0,44930865,0,8,2,0,0,137,B,Major,41,33,63,75,0,42,8
1,1885,4,25,244,12,97907337,15,94,8,0,59,150,G#,Major,78,37,87,16,0,17,9
2,2217,11,18,6887,0,952955801,85,136,1158,0,57,103,G,Major,78,48,89,5,0,28,14
1,2001,11,5,2972,0,222675441,40,0,166,0,0,147,D,Major,79,36,63,5,1,11,34
1,2008,7,6,70,38,28741106,8,159,4,4,32,139,E,Minor,73,54,67,51,0,12,5
3,1929,1,1,312,0,96100627,4,0,13,0,0,141,F#,Minor,69,53,79,20,4,6,5
4,2013,5,21,278,7,78030121,6,9,27,1,60,126,D#,Minor,87,60,48,61,0,13,6
1,2108,4,1,7743,4,1131953479,111,43,129,0,42,185,A,Major,44,23,58,65,0,46,9
1,2016,5,9,24349,0,2647226749,524,170,3775,6,,107,F#,Minor,76,54,64,69,0,17,11
3,1894,5,14,2369,0,87605081,10,0,8,0,0,133,G#,Major,57,65,78,55,0,32,46
1,2161,5,20,3515,5,321403970,44,29,75,0,225,140,,Major,53,29,48,14,0,9,3
1,1877,1,1,15635,0,1070313634,261,35,632,0,15,128,G#,Minor,88,26,67,39,2,12,23
1,2031,8,21,841,13,258846346,22,130,10,0,12,123,,Major,70,85,86,9,0,9,12
2,1854,5,6,1740,7,338173983,10,30,14,0,34,106,D,Major,85,57,64,61,0,6,4
1,2186,3,23,1019,0,240389414,32,0,19,0,0,176,,Major,61,54,88,5,0,7,4
1,2076,11,34,28215,0,2353620023,520,73,1463,3,7,123,B,Minor,76,62,71,1,0,9,9
2,1918,12,22,458,4,102341130,7,1,20,0,1,78,C#,Major,48,39,39,71,0,12,33
1,1991,8,5,6136,0,461234402,177,77,359,0,0,123,G#,Major,80,58,80,2,0,10,5
2,1895,7,24,1058,2,204949674,19,10,14,1,1,124,B,Minor,82,71,87,33,1,12,4
3,2050,2,5,1722,10,224074331,0,0,19,0,0,137,B,Minor,71,36,98,1,11,15,4
1,2000,6,10,621,44,114369778,19,104,24,4,77,96,G,Major,63,62,61,3,0,38,3
1,1945,6,10,6459,0,1003692215,129,33,153,0,,119,C#,Major,68,19,59,31,0,9,7
1,1991,7,14,4598,38,759432969,69,57,104,20,237,86,C#,Minor,52,14,60,63,16,23,3
1,1874,11,17,684,0,193964051,14,15,25,0,4,105,,Major,78,91,75,10,0,8,9
1,1999,7,14,2309,2,762695997,0,0,25,0,0,103,A#,Minor,89,69,73,10,0,35,7
2,1842,11,5,88,0,127354264,11,105,0,0,45,90,A,Major,64,47,55,86,0,6,3
2,1847,5,5,1607,8,293490922,11,32,14,0,35,111,D,Major,86,50,65,59,0,7,4
2,2220,6,27,6375,35,880812209,82,61,116,7,0,99,C#,Minor,85,49,64,38,0,9,9
1,1912,10,16,17791,82,1884927207,261,131,3416,19,,131,E,Minor,42,14,59,65,0,9,4
5,2176,6,2,215,0,33913725,3,10,3,0,0,94,F,Major,86,63,47,45,47,27,8
1,2129,5,6,1210,3,306776814,7,27,12,0,0,108,G#,Major,84,72,74,18,0,47,8
1,2012,5,21,3002,5,318131952,42,27,72,0,214,126,,Major,61,28,48,14,0,9,3
1,1943,5,26,594,0,196588607,17,23,14,0,2,89,D,Major,79,40,82,4,0,3,5
1,1895,10,15,16776,85,1711180317,260,123,3065,20,,130,E,Minor,47,12,55,65,0,9,4
2,1976,8,15,752,5,311468827,16,83,4,2,0,135,,Major,82,65,80,34,1,12,4
3,2062,8,5,1384,0,236932227,57,2,34,0,0,122,,Major,84,103,90,2,0,24,13
1,1889,10,1,3229,0,342538530,103,5,168,1,0,110,A#,Major,70,51,78,5,0,14,5
2,2044,10,2,1966,0,325637332,97,12,40,0,0,99,G#,Major,77,63,87,10,0,13,9
2,2136,5,6,2955,4,603329378,42,62,38,3,32,102,A,Major,91,47,84,2,0,26,9
1,2059,3,3,546,6,124303314,24,104,0,0,60,144,D#,Minor,71,41,70,45,0,13,3
2,1997,3,28,4454,16,672857956,31,64,145,0,27,107,A#,Major,31,16,75,14,0,17,3
2,2137,4,21,4852,9,622767298,115,66,220,13,1,159,F,Major,63,60,63,22,0,8,35
2,1916,5,28,1295,42,220240468,17,166,32,11,149,130,F,Minor,82,74,72,27,0,12,5
2,1966,7,7,7856,45,1299802972,86,68,164,14,165,117,D,Major,63,58,80,1,3,24,4
4,1892,5,21,274,7,80279537,6,10,28,1,69,118,D#,Minor,78,69,48,64,0,14,6
1,1821,5,12,2432,0,208494922,94,13,157,11,3,126,G,Major,62,76,80,0,0,11,6
2,2193,1,14,638,13,280223875,11,87,6,1,28,93,,Major,64,41,49,7,0,10,8
2,1845,3,16,3212,54,666662720,35,243,44,14,450,136,F,Minor,71,76,71,44,0,8,3
1,1998,5,19,2092,0,290114286,20,3,35,0,0,151,D#,Major,58,43,55,69,0,10,4
2,2046,8,4,5420,0,418714282,31,117,8,0,4,148,D#,Major,40,18,67,2,0,36,10
2,2130,7,8,16478,34,2811768960,508,97,827,28,0,160,C#,Major,64,51,74,4,0,11,5
1,2034,10,20,1763,0,183471564,8,6,14,0,2,192,,Major,34,43,15,92,0,13,5
1,2190,7,1,514,0,169101116,6,51,11,0,0,106,D,Major,73,31,75,1,0,12,4
2,2020,2,25,1580,0,161445464,29,17,36,2,0,87,,Major,58,29,74,50,0,35,6
1,1975,1,1,32534,28,1705365714,145,95,3005,1,27,80,F,Major,59,44,57,17,0,20,3
2,2191,5,6,1127,0,322249124,9,33,13,1,1,106,C#,Minor,82,41,59,83,0,11,40
5,2060,5,16,2455,0,287768398,40,2,41,2,0,105,C#,Major,94,56,79,8,0,6,7
1,2198,12,25,1563,25,376197417,16,79,25,0,33,192,G,Minor,57,15,69,47,87,13,9
1,1958,1,26,1902,16,133903846,96,22,91,7,491,132,G#,Major,65,23,87,0,0,16,10
2,2101,5,6,2342,19,650595184,26,80,24,2,0,112,B,Minor,79,44,73,2,0,62,4
1,1907,7,7,456,52,53661940,37,189,19,5,183,156,F,Minor,73,55,79,19,0,16,6
2,2182,2,9,657,26,387043420,10,105,6,3,67,133,A,Minor,55,83,69,24,0,11,6
1,1955,12,4,1106,0,90067510,8,5,2,0,0,137,F,Minor,83,38,46,4,0,36,29
1,1969,2,16,690,11,271161498,16,37,13,1,1,176,G#,Major,57,87,41,39,0,6,4
3,1847,1,30,499,4,187353220,23,3,36,0,0,114,G#,Minor,79,61,65,1,0,7,4
2,2099,12,2,917,0,116694283,3,7,11,0,0,102,G#,Major,88,15,50,10,0,36,5
1,1947,1,28,581,0,100480665,10,49,0,0,104,107,G#,Major,60,68,88,0,0,14,3
2,2117,4,29,918,4,66897768,19,13,28,0,44,126,G,Minor,84,31,72,24,0,9,4
1,2110,5,13,4189,13,278423385,163,250,158,3,118,85,D#,Minor,73,52,53,13,0,8,10
2,1999,5,19,911,0,53940546,36,2,34,0,1,131,C#,Major,83,22,64,1,0,15,4
1,2033,5,22,3507,0,821618238,21,19,97,0,7,183,A,Major,38,18,29,86,0,34,4
1,2212,5,14,553,0,156081574,5,34,1,0,0,140,F#,Minor,71,102,66,45,0,11,4
5,2065,5,1,567,13,137692058,21,18,14,1,0,80,A#,Minor,49,23,62,10,0,9,30
2,2045,2,24,356,11,93686301,12,14,15,3,1,145,F#,Major,79,70,78,40,0,12,30
2,2072,10,20,16563,0,851646733,91,69,4554,0,0,78,F#,Minor,71,53,70,4,0,48,22
1,2104,10,14,10194,18,1541136743,246,93,694,22,9,147,F,Major,60,14,36,60,0,14,3
1,1952,10,23,6771,0,794065300,30,21,16,0,4,138,G,Major,56,26,34,10,17,14,3
1,2195,5,16,1054,76,92202554,63,214,46,12,967,127,C#,Minor,91,21,66,11,0,31,8
1,2058,9,11,266,6,290974524,11,76,1,0,8,89,F#,Minor,69,37,54,38,0,11,4
1,2130,6,4,9992,25,1269206351,124,79,178,4,0,167,C#,Major,59,43,66,26,0,13,11
1,2084,2,18,8713,6,692592853,43,119,235,1,204,102,F,Minor,72,17,62,10,1,12,3
6,1910,2,25,932,0,116591254,32,39,28,0,0,95,A,Minor,96,76,77,14,0,8,16
1,2030,11,11,312,6,331225844,12,73,1,0,9,90,F#,Minor,69,41,48,36,0,11,4
1,2071,9,34,29334,0,2163983969,545,75,1429,3,7,129,B,Minor,81,64,83,1,0,10,8
1,2161,9,22,49220,14,1857180103,323,98,5265,2,121,151,C#,Major,32,23,93,0,0,11,8
1,1991,6,28,7424,12,889661800,157,71,131,16,29,185,C#,Major,73,73,54,59,0,34,4
1,2081,9,21,1854,17,570907125,59,111,71,1,13,96,,Major,83,68,74,2,0,26,11
1,2200,4,22,15334,23,1134693843,31,72,542,1,1,130,,Major,54,21,79,0,0,7,5
2,1958,11,26,1402,0,100753732,47,9,57,0,0,88,G,Major,94,54,66,5,0,20,7
1,1818,4,26,3463,20,1032556272,42,93,64,1,34,109,C#,Major,63,45,66,2,0,9,3
1,2108,1,1,17204,4,837025727,75,78,326,0,,134,,Minor,55,60,78,20,14,13,3
1,2053,4,20,2086,0,166165277,4,2,47,0,0,82,E,Minor,78,31,42,88,22,10,3
1,1995,2,14,850,2,142723318,12,57,44,1,33,108,D,Major,61,56,71,56,0,83,5
2,2211,3,3,332,0,62903289,15,38,1,0,0,142,E,Major,46,45,80,12,0,13,3
1,1955,5,12,1797,0,52016494,2,0,4,0,0,95,E,Minor,70,28,59,21,0,9,7
2,2090,3,14,325,6,126184820,5,44,2,1,9,147,G,Minor,63,81,72,26,0,11,7
1,1968,1,1,7339,42,719997619,101,112,147,4,80,92,D,Major,55,47,78,0,0,11,4
1,1903,12,10,1059,0,73161737,5,9,1,0,0,98,D,Major,52,46,71,9,0,37,4
1,2107,5,14,5326,0,305422454,53,15,66,0,224,133,D#,Minor,82,37,67,36,0,11,15
1,2043,8,11,9860,0,1146032516,38,86,71,0,1,94,D#,Major,52,30,46,51,1,17,3
2,1843,7,26,13527,0,1631888063,254,26,609,0,,88,G,Minor,74,70,76,20,0,26,4
1,2195,6,25,579,0,198194088,20,20,13,0,2,96,D,Major,86,39,86,4,0,3,5
1,1820,5,16,225,4,172951329,4,110,0,0,7,88,B,Minor,64,49,83,21,0,10,22
1,1833,7,1,17028,13,1135993348,67,36,673,0,158,115,,Major,74,79,74,7,0,14,3
2,2204,4,1,1214,2,180244346,23,15,10,0,5,190,C#,Major,67,43,71,17,0,10,24
1,2140,3,21,5471,26,1192895735,102,37,89,0,,162,D,Major,64,39,69,23,0,38,6
5,2053,5,21,164,7,50942471,3,87,1,0,56,116,G,Minor,74,102,71,32,0,9,4
4,2183,5,10,2253,0,148746738,32,0,29,0,0,112,G,Major,80,14,61,1,0,8,6
1,2120,2,23,1220,0,59687274,43,47,29,0,0,86,B,Major,46,35,86,18,0,11,5
1,2099,10,20,2122,0,324126632,13,17,13,0,0,109,G,Major,69,4,41,6,0,11,5
1,1833,11,4,3738,25,936246996,139,196,3,0,,111,A,Minor,68,31,75,6,0,10,4
1,2210,6,16,2572,27,363975354,72,11,41,9,59,149,G#,Major,79,68,71,3,0,27,4
2,2068,10,21,744,0,277844949,7,3,83,0,0,150,G#,Minor,43,61,77,52,0,90,27
2,2098,1,14,405,2,165346468,16,36,21,1,16,96,,Major,85,54,68,7,0,26,4
1,2145,7,16,164,4,142179767,5,6,1,1,18,127,G,Major,73,33,40,42,0,11,3
1,1860,10,16,23097,0,995894339,109,1,728,3,0,115,A#,Minor,58,21,56,78,0,6,5
2,2195,11,4,1079,0,109752054,3,8,5,0,0,123,D,Major,60,11,51,1,0,25,25
2,2027,10,22,1395,0,193279393,43,7,14,0,4,98,D,Minor,76,34,79,26,0,13,6
1,2123,4,24,1891,0,227788100,51,9,46,0,1,75,G,Major,39,20,63,9,0,10,8
1,1820,6,2,634,9,157068710,12,1,9,0,1,120,F,Minor,83,58,100,51,0,11,11
1,2075,1,1,10197,49,266537040,23,110,293,3,343,143,D,Major,40,22,82,21,0,10,9
1,1854,2,29,1265,0,319463776,14,1,16,0,1,98,C#,Minor,70,82,73,22,0,23,4
1,1837,1,1,31494,25,1804053640,125,85,2636,1,28,81,F,Major,59,45,54,15,0,23,3
1,1855,3,3,5548,0,708956878,110,211,427,1,0,98,E,Minor,55,64,89,0,47,21,4
2,2016,6,2,321,5,71945263,18,44,5,0,19,111,A,Major,77,5,32,19,0,12,5
2,1912,1,21,969,26,477085706,18,134,10,6,14,137,G,Minor,81,94,90,9,0,12,5
1,2124,13,11,910,0,201514335,11,0,11,0,0,148,D,Major,61,51,57,3,0,37,4
1,2068,11,28,36831,6,1524511919,214,133,5841,2,76,115,G#,Major,72,51,71,14,0,5,3
2,2026,3,19,1160,12,108352276,43,35,26,1,184,157,C#,Major,84,50,40,2,0,9,54
1,1997,4,22,3323,12,458272099,64,87,44,16,120,112,G,Major,58,20,38,45,0,13,3
1,2159,12,9,931,0,68032328,5,10,1,0,0,86,D,Major,48,48,76,9,0,31,4
2,2220,3,9,5078,47,202181501,164,105,263,8,642,136,A,Major,64,33,78,4,4,8,4
2,1943,9,26,12779,84,1056604512,312,202,543,44,780,116,G,Minor,61,38,94,4,0,32,4
1,1983,7,23,3067,2,305879064,74,86,62,0,26,132,E,Minor,40,9,27,92,1,14,4
2,2170,9,20,2403,0,191543799,98,57,28,0,0,85,F,Major,60,89,96,1,0,13,4
3,2207,2,5,1742,10,198788507,0,0,22,0,0,133,B,Minor,68,36,87,1,9,16,4
1,1907,9,1,26104,0,1985414380,296,127,4356,2,81,117,G#,Major,40,33,24,98,0,13,3
1,2211,8,14,6808,0,1073893068,184,11,603,18,,133,E,Major,76,38,56,30,0,38,5
1,1992,11,9,857,0,62709781,15,21,0,0,0,149,F,Major,77,72,73,26,0,11,12
2,1846,8,25,6752,5,538767768,105,15,61,0,2,138,C#,Major,69,13,60,1,0,24,30
2,1868,2,6,383,6,270603422,11,22,3,0,0,83,B,Minor,67,67,59,8,0,6,4
2,2215,5,19,5230,6,1150870556,92,39,142,0,,159,D#,Major,31,12,32,62,0,12,5
1,1906,12,2,862,4,135107259,11,62,5,0,20,136,G,Major,60,84,91,0,0,26,3
1,1911,11,19,3898,22,394535390,39,52,35,0,277,92,G#,Major,58,9,56,7,0,45,6
2,2194,13,17,695,1,137891323,0,0,29,0,,136,D#,Minor,52,12,78,0,0,9,4
1,2120,11,17,6499,0,452730178,92,1,278,0,0,125,C#,Major,41,76,24,92,0,19,4
1,1927,1,1,36659,61,1459726375,210,0,4161,9,0,150,F,Minor,52,44,66,8,0,12,3
1,1855,1,1,15847,3,1556115857,134,24,2067,0,31,90,F,Major,73,46,53,54,0,9,4
3,2169,6,24,7010,0,522761884,94,5,62,1,0,175,F#,Minor,70,84,61,12,0,8,17
2,2209,5,13,2835,0,265937609,44,26,44,0,0,119,,Major,46,40,78,4,0,11,31
2,1844,3,15,8220,30,482893309,157,76,188,0,175,118,C#,Minor,77,68,72,1,0,5,5
1,1908,10,22,1898,0,211911998,7,5,12,0,0,135,E,Major,69,13,32,56,0,9,13
1,2153,1,23,126,4,179136789,4,6,0,0,21,111,D,Major,56,19,43,88,0,12,4
1,1986,5,6,775,0,300770898,4,16,10,0,0,124,F#,Minor,89,73,63,45,0,38,7
1,1926,13,26,444,18,193744624,4,12,5,1,2,167,D,Minor,85,75,42,64,0,12,35
1,1946,11,23,3239,3,498507101,25,3,56,0,1,153,D,Major,86,57,85,26,0,14,21
1,1949,5,12,1541,0,65035749,1,0,5,0,0,78,A#,Minor,51,61,50,83,0,8,38
1,1928,5,16,231,4,186595903,4,115,0,0,7,93,B,Minor,66,54,80,20,0,11,18
1,2111,4,22,225,13,111515336,6,90,11,2,8,79,G,Major,67,77,76,30,0,44,32
2,1834,7,22,1017,2,199884708,16,10,13,1,1,109,B,Minor,77,72,93,31,1,10,4
1,1860,2,16,2624,21,418467530,69,25,43,1,0,99,G#,Major,46,25,63,29,0,12,13
1,2135,1,1,30372,19,1842279312,253,49,5350,1,47,167,D,Major,64,5,74,1,0,33,28
1,2060,5,12,1190,0,38206217,0,0,0,0,0,103,G,Major,45,67,39,83,0,10,10
2,1907,3,23,7508,79,840136741,186,112,338,39,101,106,B,Major,73,80,74,40,0,13,4
1,2120,2,24,267,0,143780691,10,66,9,0,0,182,B,Minor,43,30,81,4,0,6,27
1,1963,1,1,21662,15,998389924,117,75,5411,0,533,180,A,Major,45,35,64,6,0,8,3
2,1840,5,26,20992,0,1803675014,81,42,2752,1,0,182,C#,Major,53,10,78,6,0,8,18
1,2193,10,4,788,2,100950774,26,18,32,1,0,89,E,Minor,66,35,69,14,0,12,5
1,1945,8,6,2457,0,132158090,16,81,39,0,0,123,A#,Minor,64,34,70,1,0,26,4
2,1901,7,23,1015,2,201830939,17,10,13,1,1,107,B,Minor,76,71,93,32,1,10,4
2,2224,3,18,3063,46,594184432,48,106,71,14,305,154,D,Minor,82,55,51,22,0,8,34
2,2028,9,3,5943,6,548674275,125,105,105,0,3,176,C#,Major,69,31,44,5,0,23,26
1,2052,12,1,1772,0,304154876,54,8,111,0,11,84,G,Major,39,8,28,56,0,9,3
1,2094,2,19,4963,4,1037873489,102,117,226,0,38,130,,Major,58,59,48,61,0,14,5
2,2090,3,4,455,11,159991458,8,14,12,2,32,103,D,Major,89,46,46,34,0,10,34
1,2147,2,4,2490,0,372070257,108,12,52,0,13,149,D,Minor,66,60,64,1,0,11,4
1,2139,7,22,2294,21,740274538,79,54,45,0,9,145,F#,Major,57,19,57,41,1,31,3
1,2205,11,15,7360,19,1043866243,54,20,2,0,,109,G#,Major,61,40,52,85,0,13,4
1,2180,1,7,32999,9,3270109837,30,0,7416,7,0,101,C#,Minor,82,90,71,61,0,10,8
2,2209,4,11,3957,0,1169490558,121,88,276,0,1,116,B,Minor,59,80,90,9,0,20,10
2,1950,1,1,18849,37,1193247499,115,75,1009,1,520,122,,Major,42,84,90,8,0,5,25
2,1931,5,18,6316,29,607593318,82,121,62,1,33,162,,Major,50,36,63,0,0,10,18
2,2013,3,19,8676,5,1297980120,231,94,460,3,10,110,,Major,60,67,78,3,0,10,3
1,1826,5,22,3254,4,780508259,23,48,107,0,45,155,F#,Major,36,34,48,80,0,8,13
2,2170,2,2,201,4,95451454,8,85,2,1,1,132,G,Minor,74,94,64,22,0,11,4
2,2115,4,24,911,4,62465926,19,13,29,0,40,125,G,Minor,82,33,64,20,0,10,4
1,2149,3,32,3825,0,742924995,42,42,271,0,0,111,G,Major,62,12,34,89,0,8,5
1,2121,4,26,3757,20,1165091008,45,110,62,1,33,112,C#,Major,67,45,69,2,0,9,3
1,1895,10,15,6476,0,448933171,94,1,291,0,0,137,C#,Major,41,68,22,89,0,18,4
1,2214,5,14,1142,0,41936033,0,0,0,0,0,101,G,Major,42,73,41,94,0,8,10
1,2110,7,18,2848,0,454544983,40,14,125,0,,75,,Major,66,62,45,19,0,12,8
1,2156,9,28,436,0,127238169,9,1,12,4,3,146,D,Major,90,77,55,51,0,16,6
1,1879,8,13,298,0,49089890,3,0,2,0,0,89,D,Major,74,79,57,6,0,14,6
2,1910,4,8,219,4,101746836,4,43,10,2,23,81,G,Minor,73,43,61,39,0,31,6
1,2147,1,1,19973,25,1283025329,73,49,3442,1,17,110,F,Minor,88,78,70,3,0,4,6
1,2120,4,1,7614,4,1244070556,117,41,131,0,48,181,A,Major,40,21,56,65,0,44,10
1,2117,11,9,855,0,69841130,3,16,2,0,0,137,F,Major,40,42,40,57,0,15,6
7,2222,1,14,1080,1,244746224,18,5,11,0,0,185,F,Minor,72,74,72,44,0,6,30
1,2125,2,17,1444,2,146175248,65,7,48,0,139,91,F,Major,61,70,71,8,0,34,3
1,2212,3,30,778,18,219756324,20,115,21,0,68,128,A,Minor,76,61,42,3,0,11,4
1,1970,2,16,735,11,326232412,16,38,12,1,1,204,G#,Major,56,85,48,42,0,7,4
3,2118,12,2,1602,0,185924227,12,20,12,0,2,88,G,Minor,46,22,62,19,0,18,27
2,1892,2,3,4776,38,155237642,150,91,100,13,37,131,F,Major,64,82,83,25,0,24,5
1,1832,6,23,4924,0,486535191,46,18,66,11,0,100,G#,Minor,92,80,61,35,0,9,15
2,1991,5,23,890,0,145382532,18,0,15,0,0,70,B,Major,78,61,53,84,0,11,34
1,1973,2,22,1083,33,197261783,15,28,32,5,0,81,,Major,55,55,44,93,0,15,43
2,2065,2,23,1517,0,157510113,30,19,36,2,0,90,,Major,61,32,82,42,0,40,6
2,1886,9,4,5132,0,433715591,31,129,7,0,4,141,D#,Major,37,16,60,2,0,36,10
1,2031,1,1,13026,118,1211878360,22,92,533,2,78,130,,Minor,49,42,42,13,2,10,3
4,1891,7,8,706,31,55871200,21,44,22,7,101,178,G#,Minor,68,53,85,16,0,40,7
1,2046,5,6,4296,0,420940286,74,14,91,0,17,144,G#,Minor,81,72,63,8,0,13,28
1,1929,5,13,1181,0,37821866,0,0,3,0,0,110,F,Minor,72,81,39,83,0,18,17
1,2061,13,8,8217,83,1126316127,201,149,149,12,171,84,G#,Major,64,41,72,5,18,15,4
1,2073,11,19,1943,0,164116751,44,33,49,12,4,143,G#,Minor,53,71,57,58,0,10,17
1,2098,3,11,4045,42,874921112,91,110,301,16,163,114,F,Minor,76,70,71,2,0,8,5
6,1873,2,25,870,0,123947673,35,41,30,0,0,114,A,Minor,82,77,72,12,0,9,15
1,2127,3,34,827,17,250252730,22,103,20,0,66,122,A,Minor,77,64,40,3,0,11,4
1,2210,12,13,8924,1,853586507,77,24,196,0,2,131,E,Minor,43,24,89,23,0,12,6
1,1881,1,1,31123,24,1870352009,137,94,2552,1,25,79,F,Major,54,43,50,16,0,24,3
1,1893,1,6,22861,20,1626883822,218,72,991,0,120,115,C#,Major,78,78,44,58,0,7,3
1,1936,6,15,419,33,15549770,37,30,33,1,24,130,C#,Major,60,44,80,0,0,36,4
1,1879,7,6,506,37,56550779,77,127,38,1,161,120,F#,Major,65,82,83,5,0,6,3
1,2000,8,15,149,4,150371111,5,6,1,1,19,128,G,Major,73,38,39,45,0,10,3
1,2190,5,19,2288,0,274470989,20,3,42,0,0,134,D#,Major,53,38,55,65,0,10,4
2,1860,8,5,5256,11,509131154,109,15,205,3,154,147,F#,Minor,58,19,71,1,0,14,5
1,2023,1,29,436,0,77467461,16,18,0,0,0,134,D,Major,69,75,84,8,0,8,4
3,2177,12,26,20179,0,557720236,134,16,1527,0,0,97,G,Major,79,81,76,3,0,35,4
3,2163,4,6,4100,65,193957193,146,106,211,11,790,129,G,Major,59,24,97,0,0,12,3
1,2122,12,7,14534,1,1401122740,236,74,521,2,5,100,G#,Major,74,53,77,2,0,9,5
1,2103,2,11,1993,4,156848114,80,29,60,10,420,110,G,Major,86,95,73,58,0,9,4
1,2001,1,1,12982,102,1357959366,24,106,579,2,70,124,,Minor,48,44,42,12,2,11,3
1,2010,5,20,2012,1,245332021,8,1,18,0,0,173,A,Major,69,99,46,29,0,17,21
2,2004,5,27,882,0,147261936,20,0,15,0,0,82,B,Major,85,67,54,90,0,12,34
1,1892,5,21,2948,3,389388589,31,10,80,0,0,123,D,Major,48,41,29,89,0,9,4
1,1926,5,3,2290,0,242705410,65,8,296,2,111,162,G,Major,49,23,64,5,0,43,3
2,2222,9,26,1560,0,200199024,33,59,34,0,2,142,D,Minor,58,18,64,17,0,19,9
2,1848,5,15,4681,0,415809012,13,8,52,0,1,151,F,Minor,62,49,77,11,0,69,10
2,2109,5,33,9560,14,1225980289,160,105,353,8,0,173,D,Major,59,24,56,54,0,22,32
1,1846,7,19,583,4,187099251,13,19,13,0,0,112,G#,Major,63,34,58,14,0,22,41
2,2075,2,2,1058,0,140088507,35,1,30,0,0,121,G,Major,48,45,60,43,0,24,3
2,2222,5,6,1933,8,452635891,8,24,19,1,0,197,B,Minor,70,58,71,22,0,21,21
2,1864,12,20,17446,0,999557202,77,60,4066,0,0,76,F#,Minor,77,56,80,4,0,46,21
4,1940,6,2,1107,17,99267064,30,38,31,0,173,141,,Major,61,24,56,50,0,13,8
3,2041,5,21,1128,4,182232499,21,2,64,1,3,125,G#,Major,76,72,79,48,0,34,8
1,2041,1,1,36687,67,1721960797,216,0,3896,9,0,129,F,Minor,48,43,56,9,0,11,3
3,1895,5,7,4933,11,431214025,57,16,271,0,14,96,C#,Major,65,40,90,3,0,34,6
1,2187,3,7,6310,0,901889010,117,50,630,1,,68,A,Minor,45,25,35,75,0,14,4
1,1940,10,7,1574,5,240403103,82,71,358,1,204,123,D,Major,47,23,65,0,0,7,3
1,1880,5,21,2843,4,857438091,26,49,103,0,48,184,F#,Major,36,39,43,89,0,7,12
2,1832,12,5,85,0,128713633,12,102,0,0,52,102,A,Major,63,44,61,85,0,6,3
1,1840,4,19,15202,25,1194845255,28,80,596,1,1,147,,Major,53,21,91,0,0,8,5
2,1948,13,9,760,27,2956,19,100,21,8,66,162,A#,Major,54,71,63,20,0,10,4
1,2071,2,15,300,0,182402938,9,19,7,0,9,93,,Major,71,56,58,47,0,7,4
1,2081,1,5,184,0,895097569,0,0,5,0,0,73,F,Minor,42,24,45,38,0,22,3
1,1958,11,18,1635,2,291113035,17,12,14,0,0,128,,Major,67,49,72,31,0,9,43
1,1981,1,30,541,0,156826871,30,77,67,0,0,136,F,Minor,98,98,82,17,0,7,5
1,1904,1,7,753,0,33874930,0,1,2,0,0,121,,Major,40,51,95,10,0,4,28
1,2058,5,15,1900,0,161174377,71,9,112,0,38,155,A,Major,66,24,53,18,0,17,5
3,2220,9,25,903,0,1247824803,8,8,8,2,0,74,G,Major,69,50,77,25,0,40,21
3,1956,10,5,4863,0,354347014,64,39,73,0,0,90,D,Major,59,82,63,6,0,35,4
2,2011,6,30,2794,0,245348033,14,49,47,0,3,96,F#,Minor,62,34,42,36,0,39,14
3,1873,11,19,925,20,350705231,11,85,32,0,22,110,,Major,71,34,87,15,0,43,4
1,1915,5,6,4877,0,415245904,79,13,96,0,18,164,G#,Minor,81,67,57,7,0,13,28
1,1878,9,17,3866,13,481634395,71,26,47,0,0,138,B,Major,50,4,54,6,0,6,3
1,2149,12,9,790,0,67991293,14,20,0,0,0,153,F,Major,69,75,68,26,0,11,13
1,2073,7,27,2092,0,398774259,21,0,35,0,0,75,,Major,41,12,56,7,0,21,3
2,1992,6,1,314,7,11769159,5,2,28,2,60,133,B,Minor,84,66,61,38,0,12,26
2,2148,3,15,1972,39,243968504,26,85,27,5,79,152,D,Major,62,14,72,4,0,10,4
2,1842,11,4,1795,2,204038227,26,53,10,0,103,139,G,Major,76,19,68,1,0,15,5
1,2068,6,15,16091,0,2274371276,198,37,780,0,5,89,B,Minor,40,21,51,40,0,31,22
2,1915,6,30,6641,32,1429116656,187,101,309,3,5,160,G,Major,81,47,63,16,0,12,35
1,2104,11,21,9011,0,248688214,126,55,213,0,0,117,D#,Major,35,32,70,40,0,8,5
2,2029,5,12,1569,0,70337629,4,1,5,0,0,104,B,Major,60,56,72,29,0,9,36
1,2057,11,13,8883,0,870267038,226,101,417,0,,140,G,Major,51,55,59,5,0,30,17
2,2113,9,20,8402,46,1287314857,196,115,298,26,140,128,D,Major,64,25,44,1,0,28,8
1,2011,5,21,1840,0,180367676,7,1,16,0,0,181,F,Major,60,89,65,39,15,18,3
1,2143,10,8,2380,0,332924331,39,2,11,0,14,120,A,Minor,68,38,43,13,0,10,41
1,2049,12,6,14792,1,1369444544,266,71,471,2,5,105,G#,Major,61,55,80,2,0,10,5
2,1873,10,1,5331,24,299600017,198,106,160,18,65,124,G#,Major,76,68,76,8,0,16,10
1,1991,8,22,20121,32,857461427,123,71,256,1,36,172,A,Major,55,52,57,70,0,38,11
1,2186,5,14,16008,6,1720153047,267,60,442,1,,173,F#,Minor,61,64,69,28,0,11,19
1,2212,5,21,3224,4,838424469,25,44,111,0,48,170,F#,Major,43,39,48,80,0,8,12
2,2175,12,28,1555,11,360919029,22,4,16,1,3,96,C#,Minor,72,83,79,49,0,10,29
1,1986,1,1,21436,13,1177750167,322,70,1277,9,19,157,G,Major,63,92,74,5,0,39,17
1,2196,9,1,1227,0,339437700,20,98,44,0,2,119,A,Major,74,84,81,9,0,9,7
1,1905,9,8,9224,31,1362428856,236,74,513,20,,135,D,Major,72,78,87,28,0,4,9
1,2158,1,1,7172,0,1101276827,136,17,450,0,7,135,E,Minor,75,43,66,19,0,16,9
1,1826,1,7,885,0,55840945,1,8,6,0,0,86,A,Minor,24,10,47,58,0,52,5
2,2035,3,16,1970,39,268878116,28,95,27,5,83,148,D,Major,67,13,75,4,0,11,4
1,1993,7,15,412,34,13313301,36,33,33,1,27,150,C#,Major,58,51,70,0,0,36,4
1,2118,9,2,960,0,138536861,10,1,9,0,0,138,E,Minor,73,25,71,8,0,56,24
1,2149,1,29,1687,0,116229014,111,44,121,1,60,167,F#,Minor,57,60,68,14,0,19,25
2,1979,1,1,20900,0,638317186,81,15,1519,0,3,132,G#,Major,99,66,77,9,0,18,8
1,2000,5,19,3300,3,365950753,28,10,72,0,0,115,D,Major,53,42,30,89,0,10,4
1,2054,8,7,6727,0,403940460,185,69,328,0,0,122,G#,Major,80,58,77,2,0,11,5
1,2070,3,19,14007,18,849692626,65,88,858,2,117,97,F,Major,40,18,43,2,49,10,3
1,1978,7,8,648,40,57622331,23,89,28,13,190,102,F,Major,63,25,74,38,0,11,4
1,1882,1,1,1050,0,345572156,90,37,5,0,0,105,C#,Minor,65,91,82,13,0,14,3
2,1954,5,27,378,2,65239756,1,0,9,0,0,115,F#,Minor,66,33,38,74,0,11,3
2,1945,12,18,3922,35,544975997,44,76,77,13,190,184,F#,Minor,72,59,71,5,0,9,6
1,2173,1,19,4352,0,514230747,114,6,81,1,1,181,F#,Major,69,97,57,12,0,9,32
1,2149,9,20,2352,2,329027416,8,19,21,0,1,117,D,Major,72,37,42,42,0,12,6
3,1903,8,3,4771,0,644629602,46,44,49,0,3,134,F,Minor,91,23,34,13,0,7,30
1,2203,5,2,666,0,239091734,18,78,9,0,0,99,G,Major,79,44,59,5,0,12,13
1,2200,9,21,8116,98,809139353,119,225,135,11,580,163,A,Major,53,58,75,10,0,12,14
2,1936,13,2,423,0,78702783,2,2,6,0,2,85,F,Minor,33,55,57,83,0,46,6
2,1862,2,22,23153,19,2312633858,369,185,2936,3,33,108,B,Minor,66,45,69,3,0,18,4
2,1907,2,29,4472,22,793403247,57,42,108,0,0,84,C#,Major,74,58,80,3,0,9,5
1,1887,3,18,1127,9,114756265,19,9,14,0,6,80,F,Minor,63,71,52,4,0,16,19
1,2181,9,16,475,10,234888224,2,138,12,0,1,119,G,Major,100,58,67,7,0,59,11
2,2113,2,25,423,12,101387937,10,15,14,3,1,132,F#,Major,77,68,75,37,0,11,28
1,1968,12,13,7920,1,744787952,88,24,201,0,2,132,E,Minor,42,26,80,21,0,13,6
1,1898,9,15,713,6,189943952,2,4,6,0,0,78,F,Minor,59,34,47,30,0,13,9
1,2042,3,24,1276,0,182702466,21,1,16,0,0,164,G#,Major,50,44,80,1,0,18,5
2,2121,4,19,1095,0,105008427,36,63,29,0,0,108,A,Minor,58,11,53,1,0,53,3
1,1861,6,19,4243,41,443237859,61,43,174,1,11,130,F#,Major,97,93,52,37,0,41,27
1,1965,11,16,7357,18,1028468660,55,21,2,0,,110,G#,Major,63,37,49,84,0,13,4
1,1953,13,13,7304,0,958863543,122,25,244,0,8,103,E,Major,58,6,25,79,0,10,3
1,2003,6,10,6795,6,1020518150,110,43,148,3,29,167,G#,Major,46,26,30,87,0,14,5
1,2017,2,7,774,10,270630153,24,19,15,1,4,132,G#,Minor,76,71,66,4,0,14,4
1,1979,8,17,153,4,142574338,5,6,1,1,18,144,G,Major,73,33,39,44,0,10,3
1,1947,11,5,1740,9,1457158866,0,0,387,0,0,149,F,Major,72,84,73,6,0,28,5
1,1940,3,26,1293,0,166171993,21,4,48,0,1,95,D#,Minor,64,97,91,6,0,32,4
1,1872,7,9,845,0,201201491,40,9,26,1,1,125,D#,Major,76,30,42,79,0,8,37
1,2130,5,13,1447,0,40334476,1,0,4,0,0,76,G,Major,42,65,36,70,1,52,41
1,1940,9,1,1095,0,316842443,21,93,43,0,2,122,A,Major,74,90,99,8,0,8,7
1,1834,5,20,339,73,69513490,8,100,5,0,57,110,C#,Major,73,65,74,27,0,11,15
1,2201,3,32,31755,1,1947329358,295,105,1351,0,5,153,C#,Minor,83,46,65,0,0,10,12
2,2074,1,1,41185,0,1358505420,235,126,6588,1,,140,,Major,87,68,57,58,0,9,4
1,1924,6,18,5055,0,182166924,60,86,56,0,11,137,E,Minor,47,5,74,11,2,15,5
2,2166,4,26,857,0,173444719,17,0,8,0,0,92,,Major,65,30,98,25,0,10,8
1,2164,5,12,219,4,194883603,16,5,0,0,6,125,,Major,50,13,42,75,0,11,3
1,1974,7,8,92,15,34099201,20,47,6,1,0,117,G,Major,64,51,85,0,0,17,4
1,1950,11,31,605,13,281319874,31,3,10,0,0,95,G#,Major,76,62,79,5,2,11,6
1,1842,8,10,1242,2,286321330,29,2,5,0,6,76,F#,Major,59,83,66,40,0,6,4
2,1946,1,1,18977,0,618741597,84,15,1598,0,3,143,G#,Major,93,67,73,8,0,18,8
1,1822,7,11,723,0,301697067,5,144,18,0,3,69,G#,Major,71,66,86,2,0,4,16
2,1893,5,6,6179,38,1216939190,71,110,101,13,25,76,D#,Minor,59,28,66,8,0,52,4
1,1918,5,22,3547,0,641622825,11,0,65,0,0,152,A#,Minor,75,75,57,22,0,7,14
2,2061,10,20,978,0,279790927,15,5,22,0,0,81,D,Major,64,80,68,27,0,13,5
1,2009,12,17,1561,0,234344053,41,65,94,0,23,78,A,Major,80,92,67,6,0,8,12
3,1866,3,5,14880,0,1164694967,225,133,539,0,10,134,F,Major,63,73,68,19,0,9,3
1,2127,5,6,904,1,309667927,8,11,9,0,0,199,F,Minor,49,40,52,67,0,11,6
1,2181,9,20,3912,6,474699201,147,21,129,3,15,137,A#,Major,76,84,53,34,0,8,7
2,2007,3,29,1384,0,85791082,23,0,17,0,31,74,G#,Major,71,84,62,51,0,20,31
1,1980,11,10,2490,31,453922978,3,77,22,1,53,98,F#,Minor,61,46,50,17,0,8,5
1,1962,11,4,3489,0,300446263,21,81,132,0,2,79,E,Minor,52,20,47,84,67,11,3
1,1871,4,17,6693,0,1275723388,162,18,297,0,1,123,E,Major,70,7,35,73,0,8,5
1,1882,5,15,268,4,171725072,4,97,0,0,7,85,B,Minor,66,51,78,19,0,10,18
2,1952,5,29,29948,0,2704171389,301,159,2185,0,48,91,G#,Major,78,65,53,44,0,11,3
1,1908,4,7,1090,0,101077219,33,9,14,0,1,159,D,Major,66,20,64,2,0,10,35
1,2190,2,32,1171,0,308121862,12,1,15,0,1,87,C#,Minor,80,75,73,21,0,25,4
1,2058,1,1,35086,61,1633071372,241,0,4002,10,0,130,F,Minor,47,39,64,8,0,10,3
1,2029,10,28,3254,0,272578586,123,29,204,1,37,186,A,Major,25,16,32,91,0,14,3
1,1850,2,14,862,2,155682885,12,54,51,1,33,103,D,Major,67,56,71,60,0,73,5
1,2032,5,21,1513,0,122586741,40,0,24,0,0,161,F,Minor,75,28,55,15,83,12,5
1,2135,1,1,3804,0,404535596,64,26,272,3,736,102,A,Minor,55,47,69,2,0,12,3
2,1804,5,24,23232,0,1707185845,75,42,2675,1,0,158,C#,Major,54,10,85,7,0,8,18
1,1858,11,1,3514,0,479497543,21,3,10,0,0,139,D,Major,54,95,90,49,0,35,4
1,2214,3,24,401,19,186268083,4,74,5,0,5,121,G,Major,57,32,79,0,0,36,4
1,2176,12,10,1047,0,90102493,5,31,1,0,0,149,C#,Major,61,32,70,48,18,20,6
4,2155,5,21,257,8,83955252,6,10,24,1,70,133,D#,Minor,79,71,47,72,0,13,7
1,2215,1,7,847,0,56061871,1,9,6,0,0,84,A,Minor,29,10,44,68,0,47,5
1,1897,6,15,2425,64,62859931,0,0,119,18,0,140,G,Minor,64,89,85,13,20,9,4
1,1907,10,22,3132,9,463439075,73,28,81,5,26,121,B,Minor,81,90,89,9,0,14,3
2,2011,9,20,2931,2,594300734,62,13,151,0,40,116,D,Major,80,36,69,13,0,9,10
1,1984,10,22,2005,0,263884482,12,8,16,0,0,80,E,Minor,79,15,28,18,0,12,41
2,1899,5,21,4775,6,1114683714,93,43,131,0,,161,D#,Major,28,12,34,69,0,13,5
1,2129,12,24,3223,3,465655189,27,3,50,0,1,141,D,Major,75,55,92,27,0,14,22
2,2029,3,17,3067,50,709173477,35,236,41,13,430,157,F,Minor,70,77,70,48,0,8,3
1,2010,5,19,3155,51,301532217,90,142,89,16,402,155,A,Minor,69,25,85,14,68,12,6
2,1933,11,10,4948,0,277960195,149,10,160,4,68,115,,Major,72,45,74,11,0,20,10
1,2160,12,13,8378,1,860959815,90,26,217,0,2,139,E,Minor,44,26,83,22,0,13,6
1,2090,6,14,14122,0,2067820196,196,32,772,0,5,92,B,Minor,43,23,45,38,0,34,22
1,2128,3,25,1305,11,163130120,57,92,32,0,428,101,G#,Major,66,72,58,20,0,11,3
2,1823,11,4,1498,0,145848101,21,7,15,0,0,140,G#,Minor,86,22,55,1,0,6,30
1,2011,8,15,1446,18,482691869,52,123,66,0,2,102,,Major,75,74,69,0,0,18,4
2,1978,11,4,9320,6,684957800,248,103,243,0,5,122,G,Minor,70,46,78,3,0,9,4
1,2039,6,21,5628,57,162195778,155,155,2908,23,1363,110,D,Major,89,43,71,38,53,27,7
1,1844,4,14,3547,100,367013690,81,157,190,25,1232,138,D,Minor,56,30,44,90,0,10,3
2,2061,11,30,1719,11,405882694,21,4,15,1,3,94,C#,Minor,66,78,82,50,0,9,33
2,2164,11,22,7914,18,670916150,120,184,305,2,,132,,Minor,51,18,69,0,0,12,4
2,2195,11,11,723,4,203291882,24,3,0,0,0,103,C#,Major,54,66,62,14,0,33,8
1,2020,7,31,2773,0,187530858,38,45,36,0,0,110,A#,Minor,58,45,68,0,0,17,10
1,1984,1,1,19043,14,1541206485,84,0,2884,0,0,110,F,Major,65,48,89,1,0,9,5
1,2036,6,10,733,0,326502540,5,141,17,0,3,83,G#,Major,70,73,74,2,0,4,18
1,1861,12,17,21840,35,2355866024,477,107,1323,13,,92,,Major,55,51,76,13,0,31,5
2,1822,10,19,672,15,237939691,19,63,18,5,57,100,B,Major,75,93,58,51,0,5,2
1,2026,4,13,3369,99,423927914,78,160,176,26,1194,139,D,Minor,50,30,40,84,0,10,3
1,1823,6,22,4089,0,925448984,22,0,402,0,0,129,B,Minor,69,55,70,14,0,31,4
3,1978,5,13,2475,0,93214391,9,0,8,0,0,127,G#,Major,58,64,68,55,0,33,50
3,1986,9,30,2786,0,541261502,44,2,61,0,,124,G#,Major,63,45,64,47,8,5,6
2,1881,12,4,9101,6,591012829,240,109,254,0,5,124,G,Minor,77,43,81,3,0,10,4
2,2169,8,2,2102,0,376511713,98,13,39,0,0,98,G#,Major,81,53,79,9,0,13,9
1,2001,5,13,7827,83,1045456927,248,138,473,40,299,142,,Major,70,79,89,10,0,6,5
1,1960,5,20,2879,47,286678154,77,144,89,16,441,149,A,Minor,69,24,82,15,61,10,6
2,1875,12,18,638,1,137652767,0,0,30,0,,122,D#,Minor,46,13,68,0,0,9,4
2,1961,3,23,2768,1,317638028,56,3,29,0,0,90,G,Major,88,57,88,9,0,11,5
1,1875,10,4,1027,0,92289363,8,5,2,0,0,141,F,Minor,93,42,45,4,0,37,29
1,2028,5,13,3684,0,161882877,20,11,32,0,0,95,A#,Minor,77,44,47,40,0,12,21
2,1834,5,4,744,14,119132219,29,18,72,4,177,142,B,Major,94,56,101,53,1,9,5
1,2165,2,10,1898,4,169154997,77,26,60,9,449,123,G,Major,85,91,68,60,0,9,4
1,2078,9,9,47844,9,1823819621,266,126,12730,4,172,114,C#,Major,56,67,83,0,0,12,7
2,1864,3,9,5207,52,229459800,164,112,260,9,582,142,A,Major,69,31,93,4,4,8,4
1,2069,7,13,6849,0,922069361,164,11,570,19,,110,E,Major,65,42,53,27,0,36,5
1,1850,12,6,5469,0,919113198,80,81,184,0,12,91,B,Major,76,17,43,23,4,37,7
1,1998,2,19,11013,7,939290642,74,50,178,0,10,165,F#,Major,55,80,72,48,0,11,5
1,2090,2,13,908,2,138001765,11,52,47,1,30,102,D,Major,69,51,71,56,0,84,5
2,2092,12,21,3717,36,625651050,45,75,83,13,211,167,F#,Minor,74,57,66,5,0,10,7
1,1837,12,7,742,0,44832783,0,8,2,0,0,138,B,Major,41,36,68,80,0,37,7
1,1865,1,28,1883,0,120087435,100,40,116,1,58,165,F#,Minor,60,57,62,13,0,19,28
1,2091,7,25,7831,21,589441345,23,85,64,1,46,91,F,Major,55,41,61,53,0,10,3
3,2221,5,12,4800,0,249761000,36,13,29,0,0,99,C#,Minor,78,38,70,35,0,16,27
1,1940,5,12,1034,0,38017910,0,0,0,0,0,104,G,Major,47,72,41,96,0,9,9
1,2034,1,1,11646,111,1293503853,24,101,571,2,78,142,,Minor,45,48,44,12,2,10,3
2,1975,5,6,2894,4,599451822,41,59,34,3,34,97,A,Major,79,43,75,2,0,25,9
2,2162,7,24,13384,0,1936459558,301,45,701,0,,148,D#,Minor,75,86,76,2,0,5,6
1,2219,10,3,1065,0,155257421,10,0,15,0,1,105,G,Major,98,79,79,14,26,31,6
1,2203,1,1,6728,0,1118987472,144,17,469,0,7,137,E,Minor,79,51,70,19,0,15,9
1,2201,3,18,5809,7,1301693436,81,1,217,0,2,90,F,Major,50,26,42,57,0,29,3
1,2053,12,17,4599,0,442220765,109,7,209,0,0,88,C#,Major,51,54,80,10,0,3,5
1,2015,5,3,2580,0,257932071,66,9,249,2,96,151,G,Major,53,20,68,5,0,45,3
1,2172,4,8,1594,3,110263783,43,5,47,0,19,100,F,Major,43,33,39,53,0,36,5
2,2064,11,1,533,10,297406039,10,79,7,3,15,143,G#,Major,71,86,60,41,0,13,14
1,1888,3,7,7013,0,1021244837,113,43,572,1,,68,A,Minor,46,25,33,74,0,13,4
1,1823,11,8,2293,0,355427027,39,2,11,0,15,119,A,Minor,71,36,50,12,0,10,42
1,1861,3,16,1867,48,128913299,52,98,69,1,0,95,F#,Minor,52,17,36,68,9,11,3
2,2029,6,24,198,11,57100904,19,108,8,1,75,133,A,Minor,81,78,61,35,0,16,4
1,1842,1,20,5805,33,726400510,42,16,51,1,2,101,A#,Minor,89,77,54,9,0,5,8
2,1990,9,21,1471,0,204890256,43,6,14,0,4,86,D,Minor,76,39,78,30,0,13,6
2,1961,1,1,16068,36,1203070963,114,81,994,1,479,129,,Major,51,86,91,8,0,5,25
1,1892,1,27,1253,0,136725863,55,4,46,0,0,109,B,Minor,64,51,43,74,0,12,3
1,2208,8,1,24544,0,2214073955,314,129,4338,2,79,128,G#,Major,42,32,25,85,0,12,3
1,1952,4,20,1948,0,171884152,4,2,49,0,0,89,E,Minor,74,32,43,77,25,11,3
1,2158,1,1,27051,10,812424606,114,24,617,0,4,134,A#,Minor,95,53,56,3,0,17,23
2,1852,7,14,500,135,141138379,41,266,47,9,790,118,B,Major,87,91,85,31,0,7,4
1,2127,10,3,936,0,92874994,66,13,36,1,0,156,A,Major,65,25,38,57,0,8,3
1,1918,3,29,11937,10,1377269614,138,5,640,0,0,152,B,Minor,34,49,76,0,0,9,4
1,2122,12,18,756,0,199366247,13,15,22,0,4,98,,Major,84,83,86,11,0,8,9
1,1879,1,7,1282,0,106352471,3,17,14,0,0,91,E,Minor,46,47,56,45,0,35,21
3,1919,5,12,5055,0,231217184,39,12,33,0,0,109,C#,Minor,83,43,71,39,0,18,25
1,1977,9,12,4647,0,438481423,113,18,78,10,2,133,D,Major,100,89,85,6,0,30,24
1,1964,1,24,142,4,178870016,4,6,0,0,23,115,D,Major,53,19,47,89,0,11,4
1,1855,12,8,500,4,122460332,20,1,73,2,0,141,F,Major,86,95,75,75,0,34,3
1,2183,1,1,20204,26,1333499427,76,55,3560,1,15,108,F,Minor,103,82,71,3,0,4,6
1,2068,1,1,32701,53,1977517826,275,67,1023,1,0,109,C#,Major,53,46,67,46,0,16,4
3,1992,10,19,1306,0,134182864,31,26,17,0,0,102,C#,Major,81,69,83,9,0,11,5
1,1873,6,27,3495,0,513892763,29,6,48,0,1,116,D#,Major,90,62,53,55,0,37,22
4,1890,1,14,11693,0,792624393,204,49,708,0,17,124,D,Major,88,76,90,1,0,30,14
1,1896,5,19,1961,0,203382752,17,1,30,0,0,103,A,Minor,76,97,66,37,5,9,4
1,1858,1,7,1864,0,111795424,6,47,14,0,0,128,G,Minor,81,57,48,2,0,9,8
1,2042,2,19,738,10,304282948,15,44,14,1,1,208,G#,Major,60,83,47,43,0,6,4
1,1907,5,14,2777,0,132808682,3,7,14,0,1,126,G,Major,79,54,46,65,0,14,10
1,1861,1,20,2441,21,491759888,21,73,52,0,20,116,A#,Major,71,54,89,1,0,12,10
1,1965,2,15,1417,2,135615028,65,6,48,0,155,85,F,Major,52,75,80,7,0,34,3
1,2159,12,9,795,0,71074950,6,19,1,0,0,129,G,Minor,55,52,64,61,0,8,24
2,1806,12,26,1438,0,104378162,47,7,65,0,0,92,G,Major,91,55,61,5,0,19,7
1,1881,1,7,1255,0,94451491,3,19,14,0,0,88,E,Minor,50,49,63,46,0,32,21
2,2077,7,1,284,7,11078233,5,2,28,2,60,137,B,Minor,92,73,66,43,0,11,23
1,1878,12,9,768,0,56371566,14,22,0,0,0,149,F,Major,74,78,61,27,0,10,13
1,1825,5,21,2047,1,204769794,15,1,25,0,0,108,E,Minor,65,90,85,31,2,14,3
2,1978,4,7,713,32,191157778,19,117,24,10,206,156,F#,Major,66,40,78,34,0,12,3
1,1877,1,2,1959,29,462709127,26,112,14,1,21,133,A,Minor,86,68,78,33,0,10,4
1,2166,4,6,237,0,90643451,12,0,7,0,0,131,C#,Minor,76,23,50,23,0,9,6
2,2117,6,15,5483,6,230940326,105,52,102,12,0,144,,Major,76,75,87,25,60,15,5
1,2084,5,26,6336,18,1486261279,0,0,931,0,0,142,C#,Minor,61,50,55,71,0,13,3
1,1983,12,22,11362,2,876503519,126,119,191,1,11,120,C#,Minor,43,50,80,21,0,78,6
1,2074,2,23,289,0,134289052,9,72,9,0,0,195,B,Minor,42,30,76,4,0,6,27
1,1991,1,10,241,0,70716753,2,12,10,0,0,128,E,Minor,59,43,80,10,0,56,6
4,2158,5,19,3230,3,321638331,36,1,29,0,1,163,A,Minor,81,81,82,11,0,17,14
1,2122,10,31,10660,4,1211858050,46,67,407,0,3,77,A#,Major,63,32,49,7,15,13,3
1,2195,4,13,9708,0,736312238,261,45,293,21,23,114,A#,Minor,92,74,69,9,0,36,7
2,1932,7,15,1609,0,116095506,0,0,14,0,0,79,,Major,84,73,76,7,0,18,21
1,1914,3,30,32145,1,1790348123,308,111,1456,0,5,147,C#,Minor,94,40,63,0,0,9,11
2,1852,6,25,6916,31,810095594,82,57,117,7,0,86,C#,Minor,92,52,64,34,0,10,8
1,2061,9,22,35522,7,1213351080,144,70,7188,5,73,83,G,Major,51,13,32,1,0,13,4
1,2010,5,6,814,0,308903957,4,16,10,0,0,121,F#,Minor,94,70,62,39,0,36,7
1,1865,2,25,1124,42,161546732,14,68,24,11,182,111,F#,Minor,92,51,76,18,0,15,6
1,2211,12,9,2482,6,293381563,59,102,56,12,2,97,G,Major,35,28,30,84,0,20,3
1,2157,4,14,9298,0,674001342,261,49,294,22,22,102,A#,Minor,78,68,77,11,0,34,7
3,1919,1,1,6458,0,309586770,89,40,165,0,0,124,G,Major,68,70,31,75,0,16,5
1,2130,8,16,1430,18,443675760,49,116,64,0,2,101,,Major,89,66,73,0,0,18,4
1,1917,9,21,38220,6,1347094491,148,76,7031,5,87,91,G,Major,52,11,37,1,0,11,4
1,2033,4,13,602,0,138046543,5,27,13,0,0,105,F#,Major,89,42,56,1,0,13,16
2,1911,4,1,2455,37,502973767,28,56,46,7,88,92,F,Minor,69,48,85,33,0,6,6
1,1967,4,6,228,0,95376908,11,0,7,0,0,131,C#,Minor,75,23,50,25,0,8,6
1,1993,5,6,952,26,378725085,5,26,9,0,0,161,B,Major,77,68,69,22,0,20,6
1,1944,5,21,3187,3,375671250,28,10,74,0,0,109,D,Major,55,36,27,95,0,11,4
1,1974,12,9,2292,6,259718927,60,103,58,13,2,107,G,Major,38,28,30,82,0,19,3
2,1875,3,4,446,11,154512531,8,13,11,2,31,90,D,Major,91,44,47,35,0,10,39
1,1819,11,25,2451,65,1561384659,68,20,24,0,255,134,C#,Minor,63,52,49,8,0,14,7
3,1839,10,5,3638,25,733071560,65,61,57,6,0,162,E,Minor,63,13,71,8,0,9,8
2,1829,5,18,949,0,57826197,35,2,30,0,1,130,C#,Major,72,22,69,1,0,17,4
1,1980,1,7,782,0,118865629,12,0,30,1,0,108,A#,Major,58,33,38,91,0,27,3
1,1830,3,30,333,2,129215413,29,2,29,0,0,125,C#,Minor,93,26,53,12,0,10,9
1,1851,11,8,397,1,254210915,5,0,5,0,0,98,G,Major,53,29,34,79,0,9,3
1,2052,11,8,2341,0,312313286,39,2,11,0,13,124,A,Minor,66,34,47,12,0,11,38
1,1979,3,3,620,6,121403402,21,99,0,0,65,149,D#,Minor,65,46,75,45,0,11,3
1,2195,13,17,1532,0,247899859,45,63,86,0,22,81,A,Major,75,98,65,6,0,8,14
1,2135,8,1,804,11,254312525,15,139,10,0,1,115,A#,Minor,79,75,69,22,0,8,4
1,2150,9,2,916,0,136738688,9,1,8,0,0,136,E,Minor,72,25,74,7,0,54,21
2,1940,3,4,6331,4,769013975,189,38,510,9,34,93,G#,Major,81,94,71,18,0,36,4
1,2030,12,4,1695,0,264243598,41,49,36,16,0,153,G#,Major,48,16,51,37,13,30,5
1,1999,6,9,802,0,363198707,5,133,17,0,3,76,G#,Major,79,72,77,2,0,4,18
1,1908,6,14,2160,53,56732056,0,0,117,19,0,142,G,Minor,70,99,79,12,20,8,4
1,2135,8,20,768,11,276988811,18,136,12,0,12,133,,Major,68,84,89,9,0,9,13
2,1922,10,24,8101,17,551585680,108,170,299,2,,116,,Minor,57,18,66,0,0,11,4
1,2107,3,20,12434,16,838472740,66,88,864,2,117,103,F,Major,40,19,50,2,46,11,3
1,2109,1,1,8956,0,228544676,115,29,51,0,1,165,G,Minor,70,90,66,71,0,7,8
2,1829,3,15,3107,48,752808670,32,201,45,14,431,133,F,Minor,70,83,73,52,0,8,3
1,2096,1,33,18628,21,2576643219,258,109,2730,9,32,127,A#,Minor,73,69,71,4,0,23,12
1,2039,5,29,146,7,157018495,1,11,1,0,1,144,B,Major,57,28,41,88,0,9,4
1,2120,12,9,626,0,46549477,2,16,1,0,0,127,D,Major,63,43,51,61,0,15,8
1,1962,5,22,5228,6,1030140975,172,139,210,0,5,103,G#,Major,85,68,39,0,0,6,10
3,2047,1,1,330,0,97919561,4,0,14,0,0,138,F#,Minor,63,46,81,22,4,7,5
2,2029,10,20,3410,15,415179957,129,37,157,4,21,130,,Minor,87,88,67,39,0,22,5
1,2007,4,22,3523,12,414653604,72,88,49,15,117,114,G,Major,54,20,41,38,0,11,3
1,1871,3,26,651,70,379430316,8,94,21,2,29,119,G,Major,58,39,72,0,0,38,4
1,2194,4,25,256,12,83641629,17,112,9,0,51,132,G#,Major,76,32,92,17,0,16,9
1,2208,12,2,3708,60,383211749,105,59,173,8,580,202,A#,Minor,65,68,45,51,0,10,7
2,1950,5,13,1698,0,72991495,4,1,6,0,0,107,B,Major,70,55,69,33,0,7,38
2,1826,5,7,5590,36,1123271540,65,121,95,12,28,76,D#,Minor,68,26,66,9,0,51,4
1,2016,10,18,19992,34,2531781695,464,110,1229,12,,90,,Major,56,54,88,13,0,36,5
2,2027,2,1,903,2,220578712,45,0,94,1,1,131,A,Minor,80,59,54,4,0,10,9
2,2012,6,17,5916,25,658361988,75,115,56,1,31,148,,Major,50,37,61,0,0,9,17
1,2052,7,24,4548,0,826294444,25,0,380,0,0,112,B,Minor,69,49,65,14,0,30,4
1,1850,11,9,745,0,50043471,2,16,1,0,0,110,D,Major,64,44,57,67,0,16,8
1,1864,9,25,3406,12,1049205696,6,0,193,0,2,147,B,Minor,70,19,26,84,0,12,27
1,1818,1,21,8356,13,900213807,108,67,1182,2,,179,A,Major,48,27,71,10,0,11,7
2,2129,1,6,1276,0,90145495,8,9,8,0,0,111,D,Major,76,86,79,10,0,30,18
2,1867,7,2,216,0,25112730,3,3,7,0,0,130,B,Major,85,24,68,4,0,22,11
7,2205,6,1,1035,32,124451538,23,36,33,7,173,113,,Major,73,63,71,11,0,11,4
2,2205,9,16,1511,4,204947926,26,70,67,1,4,141,,Major,61,55,90,15,0,71,4
1,1967,1,1,2793,0,BPM110KeyAModeMajorDanceability53Valence75Energy69Acousticness7Instrumentalness0Liveness17Speechiness3,17,0,57,0,0,119,A,Major,49,68,71,7,0,16,3
5,2158,5,21,193,8,53897301,3,93,1,0,51,114,G,Minor,76,98,67,31,0,9,4
1,1879,1,11,11906,122,1273930236,271,196,721,59,925,130,,Major,73,66,69,6,0,3,7
2,1874,10,22,6765,18,645279271,108,162,294,2,,115,,Minor,57,16,63,0,0,11,4
1,2073,10,29,10269,4,1154346468,44,68,386,0,3,82,A#,Major,58,32,51,6,14,11,3
1,1975,3,26,408,17,168745846,4,72,5,0,5,120,G,Major,64,34,76,0,0,38,4
1,1866,2,22,289,0,142794143,9,68,10,0,0,183,B,Minor,36,27,74,4,0,6,28
1,1882,11,4,3588,26,992531380,125,165,3,0,,114,A,Minor,69,28,74,6,0,11,4
1,2142,12,4,3069,15,487594819,42,55,83,13,131,155,E,Minor,58,49,90,1,1,53,4
1,2207,2,6,764,11,266450208,27,17,14,1,4,115,G#,Minor,76,66,60,4,0,14,4
2,1959,3,18,2750,45,547536815,50,99,64,12,330,153,D,Minor,85,59,51,23,0,8,35
3,1775,1,1,12674,0,386866667,70,73,130,0,0,95,A,Major,22,17,26,82,0,44,3
1,2056,4,10,330,16,116900564,15,96,7,0,53,114,E,Minor,70,42,80,1,0,7,5
1,2153,11,16,1634,0,395584196,1,0,27,0,0,98,B,Major,72,78,54,34,0,10,3
1,2205,3,17,366,13,173016175,4,71,15,1,8,119,,Minor,58,52,90,13,0,12,6
1,2206,13,9,969,0,100595039,5,33,1,0,0,165,C#,Major,59,32,68,43,16,19,7
1,1929,4,13,378,15,146213180,35,96,8,1,112,168,C#,Major,56,87,91,12,0,41,9
2,1903,2,28,4402,22,691700125,53,44,102,0,0,90,C#,Major,77,62,95,3,0,8,5
1,2011,1,1,1177,0,351306946,94,38,5,0,0,98,C#,Minor,72,98,95,13,0,14,3
2,2088,4,19,5204,9,615639865,131,71,211,13,1,158,F,Major,63,55,66,23,0,8,33
2,1870,3,9,5322,49,215793329,175,112,234,9,601,146,A,Major,66,31,80,4,4,8,4
2,1914,6,1,2025,95,201422451,70,234,86,18,1034,137,C#,Major,85,70,60,18,0,7,26
1,1853,8,7,738,45,53301629,24,81,27,13,182,95,F,Major,64,27,73,37,0,10,4
2,2039,8,22,29718,76,2807466073,300,140,2574,1,151,194,G,Major,69,48,55,17,0,12,29
1,2093,1,7,752,0,41192397,0,2,2,0,0,87,F,Minor,42,60,50,76,0,9,10
1,2152,4,8,1147,0,106213261,33,8,15,0,1,164,D,Major,66,22,59,2,0,10,34
3,1919,2,5,1496,10,195775448,0,0,22,0,0,134,B,Minor,68,36,83,1,10,15,4
1,1950,6,11,2312,0,217959822,43,2,26,0,1,111,C#,Major,75,65,78,0,0,37,7
1,1910,5,12,2173,9,354607902,37,81,9,0,14,124,A,Major,76,67,92,26,0,61,3
1,2159,9,10,45150,9,1843841503,289,120,11418,4,167,115,C#,Major,54,69,85,0,0,12,7
1,2071,4,7,36,0,74631727,0,0,0,0,0,89,A#,Minor,69,42,32,73,0,10,5
1,1886,1,1,28297,45,1729130714,214,2,4177,5,0,161,B,Major,47,27,71,0,0,21,3
1,1830,11,32,27542,0,2189147163,547,71,1525,3,9,116,B,Minor,73,73,82,1,0,9,8
1,1963,3,31,1945,0,236432078,68,11,40,0,14,140,F,Major,62,57,72,2,0,61,4
1,1883,8,18,1897,17,498323655,62,128,70,1,12,91,,Major,74,70,64,2,0,27,11
5,1951,5,23,172,8,50867988,3,82,1,0,57,106,G,Minor,72,89,71,32,0,9,4
1,2068,2,17,45090,25,1178337003,102,33,2552,0,714,106,G,Major,61,51,88,35,0,10,6
2,1937,6,27,241,33,53924677,20,178,13,8,205,169,F#,Major,57,60,80,35,0,11,5
1,2215,11,4,1796,0,262970013,40,44,37,17,0,157,G#,Major,47,14,52,38,14,30,5
1,1930,1,28,1026,5,150526171,9,60,79,2,45,142,F#,Major,54,61,83,17,0,79,8
1,2043,11,8,1033,0,111547938,14,60,8,0,0,65,A,Minor,75,50,27,85,0,13,8
2,2154,3,25,897,3,135701872,20,131,25,1,0,127,F,Minor,46,40,90,0,0,45,7
1,2126,1,1,13924,45,1223802254,87,123,2138,5,547,112,D,Minor,56,46,69,0,0,14,3
1,2143,9,20,2115,0,234184959,11,9,16,0,0,87,E,Minor,75,16,29,16,0,12,42
1,1911,3,21,4659,0,892002486,68,92,440,3,13,143,C#,Major,80,89,56,0,0,18,4
1,1909,5,13,1505,0,41234506,2,0,10,0,0,174,C#,Minor,36,14,24,84,0,12,4
2,2098,8,14,1396,0,110998178,0,0,15,0,0,78,,Major,76,73,72,6,0,16,22
1,2145,10,25,13845,0,466606781,215,29,445,0,0,119,,Major,64,22,55,0,2,29,3
1,2165,9,20,10185,2,1923604237,265,72,1055,1,21,91,B,Major,76,66,32,82,0,9,5
2,2018,3,13,352,6,106978081,5,48,2,1,10,146,G,Minor,66,78,81,23,0,10,7
2,2097,1,1,16234,35,1300326206,121,75,985,1,457,122,,Major,52,80,98,8,0,5,23
1,1954,2,15,305,0,166643052,9,19,7,0,9,90,,Major,65,52,62,48,0,8,4
2,1974,1,1,16857,36,1391262030,126,82,1032,1,464,121,,Major,45,89,85,8,0,5,25
1,1799,3,3,5659,0,761399304,113,188,423,1,0,100,E,Minor,55,57,86,0,43,19,4
1,1870,7,8,3456,10,512338094,104,81,96,1,1,165,F,Major,75,69,78,14,0,16,20
2,2119,9,22,7826,19,653015735,124,169,308,2,,112,,Minor,55,17,69,0,0,11,4
2,2191,10,4,1653,0,133421998,28,9,17,0,3,112,C#,Major,79,24,64,1,0,30,7
2,2078,5,20,835,0,60322552,35,2,35,0,1,117,C#,Major,85,18,64,1,0,16,4
1,1893,13,9,1031,0,103355343,5,31,1,0,0,149,C#,Major,60,36,65,46,19,23,8
3,2054,5,2,715,16,94248053,16,63,27,1,47,89,A,Minor,62,12,52,4,0,20,4
1,1958,10,20,1613,0,186188578,6,3,14,0,0,112,,Major,48,15,33,88,20,13,4
1,2187,6,14,14815,0,2122229552,199,32,696,0,5,88,B,Minor,42,22,43,36,0,34,26
2,2116,2,23,4537,45,660998792,118,120,202,20,359,175,E,Minor,66,61,63,72,0,9,31
3,1966,13,2,1605,49,292381844,22,92,33,1,168,108,C#,Minor,74,52,49,16,0,19,33
1,1955,1,1,16116,37,882808751,60,37,1243,0,2,92,A#,Minor,81,65,60,5,0,26,14
1,2196,7,13,424,33,13616127,36,31,32,1,24,136,C#,Major,54,48,76,0,0,36,4
1,2094,7,8,135,17,40037407,15,71,5,0,9,146,D,Major,54,20,65,1,0,12,3
3,1976,6,2,762,17,87890355,16,59,26,1,41,86,A,Minor,65,14,57,4,0,20,4
1,2130,3,11,588,0,54518247,11,4,4,0,0,102,D,Major,90,34,79,14,0,13,4
2,1944,11,22,17170,0,877172779,85,63,3939,0,0,78,F#,Minor,75,48,72,4,0,46,21
1,1868,11,13,9721,0,611957644,197,98,175,0,1,214,G,Major,26,83,57,80,0,12,4
1,1910,4,8,1189,0,101781677,29,10,15,0,1,172,D,Major,75,20,64,2,0,11,32
2,2203,10,18,3525,14,384278614,110,35,161,4,21,133,,Minor,89,90,75,45,0,22,5
1,1943,1,7,679,0,34350890,0,1,2,0,0,108,,Major,44,52,95,12,0,4,31
1,2170,5,19,67,8,47524732,8,10,0,0,54,90,E,Minor,80,38,69,25,0,29,5
1,2055,7,19,2566,25,707654474,90,54,52,0,10,145,F#,Major,57,19,59,45,1,30,3
4,1939,1,5,803,3,218877486,34,0,12,0,0,157,F,Minor,76,65,40,44,0,38,4
2,2171,4,28,349,4,76453350,18,7,37,1,32,109,F#,Minor,83,71,61,39,0,27,5
1,2174,3,27,700,0,54046800,21,7,11,0,79,106,G,Major,77,20,84,28,0,12,4
1,1981,10,19,1829,0,268984087,34,49,20,0,0,165,D,Major,61,38,60,2,0,4,30
1,2058,1,10,244,0,76562107,0,4,25,0,0,135,G#,Major,39,67,94,0,0,26,5
1,2120,10,8,5283,22,675797031,19,44,0,0,11,143,A,Minor,63,18,58,11,0,6,4
1,2217,13,8,990,0,66849037,5,9,1,0,0,84,D,Major,53,50,71,9,0,36,4
1,2014,2,11,3535,0,531924523,81,0,105,0,2,174,G,Minor,34,22,62,22,0,20,6
1,1871,2,12,4000,0,448928041,79,0,93,0,2,174,G,Minor,34,23,62,24,0,21,6
2,2005,8,12,303,0,47446553,7,1,6,0,0,90,A#,Major,83,45,68,14,0,15,6
2,2196,4,28,875,4,57285526,16,14,30,0,43,116,G,Minor,81,36,69,20,0,10,4
2,1945,9,28,6029,5,534966442,114,14,64,0,2,124,C#,Major,74,13,67,1,0,21,34
2,2169,4,9,15067,0,1614713256,368,70,524,0,12,100,G#,Major,71,79,62,29,0,13,3
1,1991,1,1,8583,44,278039544,25,126,275,3,374,162,D,Major,41,20,87,21,0,9,10
1,1899,3,22,20956,5,1256522590,39,0,8012,0,0,104,A,Major,48,22,83,0,0,62,4
2,2183,3,25,4054,53,327452355,84,111,166,12,160,91,F,Minor,83,53,67,71,0,16,15
2,2075,2,12,841,0,67699871,25,0,13,0,0,150,B,Major,83,82,74,6,0,14,5
1,1899,3,26,10116,0,720992418,221,77,554,1,1,100,F#,Minor,74,84,88,5,0,30,8
1,2189,5,21,2374,0,263628362,20,3,42,0,0,131,D#,Major,59,42,56,68,0,10,4
1,2131,5,27,590,0,67464345,14,14,6,0,0,96,F,Major,63,22,81,14,0,28,4
1,2040,4,20,2006,0,161192838,4,2,52,0,0,84,E,Minor,78,29,46,87,24,10,3
5,2047,13,14,1824,15,235225643,22,8,30,2,0,99,C#,Major,80,66,87,15,0,7,5
1,2177,6,5,28,41,34802557,2,101,7,0,0,84,C#,Minor,56,35,46,10,0,90,4
1,2145,1,1,18203,3,1722581808,135,23,2087,0,28,80,F,Major,73,52,54,56,0,8,4
1,1836,12,9,22455,5,1924133476,271,93,2484,0,34,98,E,Major,66,48,37,86,0,29,47
3,2064,4,25,5783,13,552267562,116,77,78,0,32,75,C#,Major,46,37,61,28,0,7,32
2,2144,4,4,307,8,136723443,8,78,4,1,1,132,A,Minor,80,81,85,29,0,8,4
1,2097,5,19,1449,0,147221487,25,2,32,0,0,129,,Major,42,30,21,93,0,12,4
1,2174,9,12,7868,0,913409042,177,12,568,18,,132,E,Major,67,41,54,31,0,35,5
2,1913,1,11,5345,43,707483505,110,105,244,29,20,129,D,Minor,74,46,62,27,0,9,5
2,1987,9,12,301,0,44251759,6,1,6,0,0,97,A#,Major,78,50,67,14,0,14,7
1,2123,13,11,2828,35,415918700,3,75,19,1,57,100,F#,Minor,67,44,51,16,0,10,5
2,2165,5,21,922,0,57049595,32,2,33,0,1,120,C#,Major,72,18,75,1,0,17,4
1,2036,5,2,685,0,237722146,18,82,9,0,0,106,G,Major,79,45,67,5,0,12,15
2,2180,5,12,1805,0,31724917,3,0,2,0,0,145,G#,Minor,46,50,38,91,0,12,32
1,2206,6,10,320,0,109819762,5,44,13,0,0,128,D,Major,67,27,49,43,0,23,4
1,2179,4,5,199,0,51817827,16,15,7,0,0,114,G#,Major,63,24,55,42,0,6,3
1,1854,5,11,22336,0,2844808780,583,154,3727,6,,95,F#,Minor,80,49,62,63,0,20,11
1,1927,5,11,2810,3,847025789,25,20,126,0,14,194,A,Major,38,39,89,0,63,5,5
1,2052,8,5,1968,14,306729159,70,100,63,0,164,79,G#,Major,40,42,67,19,0,8,7
1,2023,1,1,8177,38,821987913,87,122,140,4,80,90,D,Major,63,44,73,0,0,11,4
1,1888,2,20,8067,7,741832836,47,125,234,1,242,102,F,Minor,66,17,57,10,1,13,3
1,2047,5,18,3033,47,329400854,78,140,91,15,385,158,A,Minor,68,23,81,14,64,11,6
1,1995,3,26,602,64,368536192,9,103,23,2,31,121,G,Major,69,38,66,0,0,38,4
2,2161,5,5,1705,8,437519899,8,26,18,1,0,206,B,Minor,72,55,72,24,0,23,20
1,1896,8,5,32061,6,1605497299,119,25,7685,1,0,142,F,Major,60,22,46,70,0,11,2
1,2094,9,32,534,0,331932207,1,0,17,0,25,156,C#,Major,68,53,53,8,22,11,8
1,1870,7,30,8476,10,649892966,209,87,313,27,24,104,G,Major,86,67,73,4,0,7,14
1,1820,1,1,15728,0,711544718,199,158,217,0,,128,G#,Major,74,91,44,70,0,44,5
1,1996,11,18,1073,24,413258882,26,136,11,1,55,143,F#,Minor,86,18,60,3,0,9,10
2,2154,4,22,1188,34,116943758,27,24,47,5,46,82,G,Major,77,44,65,10,0,10,16
1,1969,3,25,2698,31,210864925,119,62,106,3,687,113,D,Major,80,38,58,31,0,11,6
1,2214,10,21,3257,9,490692250,82,29,83,5,28,116,B,Minor,77,87,82,8,0,14,3
1,2208,10,4,3524,7,606096694,24,86,105,0,1,144,B,Major,62,23,71,4,6,16,4
3,1887,1,26,1921,0,113418163,91,1,51,0,8,104,,Major,75,88,90,17,0,40,6
2,2011,3,33,720,0,55510004,8,1,13,0,0,97,F#,Minor,45,46,80,37,0,36,21
2,1999,5,11,264,4,68097323,7,2,27,1,11,114,A,Minor,80,53,50,27,0,20,64
2,1880,13,1,498,11,286242982,9,74,8,3,13,156,G#,Major,68,84,63,43,0,15,12
2,2048,1,6,1217,0,84250920,8,10,9,0,0,120,D,Major,68,84,92,10,0,30,20
1,2178,5,6,891,0,239387248,7,18,9,0,0,118,C#,Minor,77,68,53,9,0,52,12
1,2044,5,19,684,13,384708157,24,95,9,0,24,164,F#,Minor,66,52,80,18,0,20,5
2,2202,3,3,607,2,106989069,21,83,9,0,9,96,B,Minor,74,82,78,52,0,9,12
1,1949,5,18,3066,5,289665978,39,30,81,0,203,136,,Major,60,29,43,15,0,9,3
1,1866,3,3,591,6,126028185,20,101,0,0,63,143,D#,Minor,64,39,73,52,0,12,3
1,2150,1,1,814,0,401794779,53,0,6,0,0,177,A,Major,49,84,61,38,0,19,4
1,1837,7,13,3698,6,233653820,38,0,165,2,61,166,G,Major,72,89,69,10,0,8,12
4,1825,7,9,706,35,60873538,21,42,21,9,100,166,G#,Minor,67,58,82,15,0,34,8
2,1951,5,25,23270,0,1777002762,79,49,2553,1,0,169,C#,Major,57,9,77,6,0,9,20
2,2125,7,2,359,5,74979026,20,37,5,0,19,110,A,Major,85,5,32,19,0,13,5
1,2167,1,1,15074,12,2811400170,7,0,1915,0,0,95,G#,Major,58,16,45,16,0,10,2
1,1893,6,25,1467,0,109093557,35,0,26,0,0,145,F,Minor,72,24,52,14,89,10,5
1,1872,6,11,432,25,353058154,9,109,4,3,2,92,,Major,85,36,59,29,0,7,3
1,2084,4,17,7098,0,1066844533,170,19,293,0,1,113,E,Major,61,7,35,72,0,10,5
2,1985,3,15,3207,51,655317432,32,235,42,12,421,135,F,Minor,68,90,72,51,0,8,3
2,2050,3,3,555,2,124753478,21,89,8,0,8,102,B,Minor,65,79,84,50,0,9,14
2,2016,10,21,734,0,158471620,12,28,8,0,0,130,E,Major,67,58,73,27,0,10,4
2,2146,5,6,9647,47,1439423406,105,123,130,29,51,90,C#,Minor,91,44,64,10,0,9,8
1,1854,13,9,1188,0,109416577,17,61,8,0,0,70,A,Minor,72,56,27,84,0,12,8
1,2103,7,12,6016,19,700062576,98,88,416,0,438,92,,Major,83,72,84,35,0,8,6
1,2063,6,2,538,9,143200974,13,1,8,0,1,103,F,Minor,74,64,93,48,0,12,12
4,2087,1,14,12568,0,881814537,225,59,721,0,19,116,D,Major,76,85,93,1,0,32,14
3,2014,3,14,7139,0,566886267,47,15,92,0,1,91,D,Major,81,37,43,2,0,8,3
1,2177,5,10,3098,3,874548012,23,20,116,0,13,179,A,Major,37,43,93,0,61,5,5
2,2173,5,4,111,0,34658706,5,8,5,0,0,140,B,Minor,52,18,49,34,0,40,5
1,1892,11,5,12780,1,1361590540,258,67,567,2,5,98,G#,Major,68,56,75,2,0,10,5
5,2155,12,16,1708,16,215238730,18,9,28,2,0,97,C#,Major,71,76,91,17,0,7,5
2,2201,3,29,1396,0,74649485,24,0,20,0,34,84,G#,Major,69,77,68,49,0,21,33
2,1858,10,12,714,4,216534552,23,3,0,0,0,85,C#,Major,47,62,65,13,0,32,8
1,2040,3,3,199,0,34662386,5,10,0,0,0,163,,Major,49,59,82,5,0,36,4
1,2018,11,32,4467,6,309443230,110,45,146,0,218,113,F#,Major,86,61,54,3,0,5,17
1,1979,11,12,4842,5,526062821,45,48,29,1,2,91,,Major,69,20,54,26,0,10,3
1,2082,5,19,73,9,47989423,8,10,0,0,60,83,E,Minor,70,38,64,24,0,26,5
1,2159,2,4,2460,0,354188481,103,13,51,0,11,150,D,Minor,63,62,70,1,0,12,4
1,2025,11,9,4810,21,748996970,18,41,0,0,10,125,A,Minor,65,17,54,11,0,6,4
1,2099,1,7,795,0,44609877,0,2,2,0,0,89,F,Minor,47,52,46,75,0,11,11
1,2016,6,25,4975,0,486769746,45,19,69,13,0,88,G#,Minor,93,80,62,34,0,10,16
1,1995,2,20,1249,0,56646540,42,50,31,0,0,73,B,Major,48,32,83,16,0,10,5
1,1884,4,23,249,11,127459800,6,82,11,2,10,90,G,Major,75,86,76,33,0,48,30
1,2187,3,18,728,25,103477096,28,79,23,0,147,178,C#,Minor,68,81,80,6,0,9,8
1,1976,7,16,2517,2,741333074,0,0,26,0,0,108,A#,Minor,79,76,74,9,0,33,7
1,1998,1,1,19043,56,966661654,95,145,1635,3,202,113,C#,Minor,58,24,69,6,0,12,3
1,2023,7,2,309,21,66690191,10,110,5,0,72,100,F,Minor,89,63,73,9,0,7,36
1,2060,5,14,1550,0,63663932,1,0,5,0,0,76,A#,Minor,54,60,50,72,0,9,39
1,2075,10,4,3266,7,566030484,22,89,106,0,1,140,B,Major,54,24,64,4,6,16,4
1,2132,7,26,2543,0,179670042,38,46,34,0,0,120,A#,Minor,54,50,64,0,0,18,10
3,2124,1,1,10749,0,373313540,78,82,131,0,0,101,A,Major,21,18,24,92,0,39,3
3,2010,3,2,1325,36,158146031,11,43,19,0,1,102,B,Major,77,56,69,32,0,8,7
1,2151,5,14,2468,0,124581174,3,7,13,0,1,129,G,Major,78,52,43,70,0,14,10
3,1993,8,5,2032,0,166334930,53,1,51,0,0,138,E,Minor,70,19,47,7,0,29,7
2,2010,9,22,2995,12,329275990,54,35,72,2,0,112,,Major,93,20,77,0,4,32,9
2,1862,3,29,768,0,63562487,8,1,14,0,0,98,F#,Minor,50,51,84,43,0,40,21
2,1835,2,3,359,10,145563137,4,64,4,2,35,194,A,Major,55,75,64,8,0,6,5
3,1872,5,18,1003,4,190019356,24,2,69,1,3,128,G#,Major,81,68,74,47,0,34,8
1,2180,4,25,293,13,92820259,14,113,10,0,56,133,G#,Major,69,36,85,16,0,15,9
3,2182,4,4,47129,25,2660840986,407,97,3704,0,28,101,C#,Major,84,35,69,1,0,37,5
1,2142,12,7,422,1,228403457,5,0,5,0,0,101,G,Major,56,24,33,79,0,8,3
1,2197,2,19,2822,0,204344929,38,0,26,0,0,151,E,Minor,68,10,58,0,0,12,10
1,2199,3,20,4707,0,806253490,69,86,398,3,12,138,C#,Major,79,103,60,0,0,17,4
2,2171,4,9,15609,0,1583643226,399,63,481,0,11,111,G#,Major,78,77,71,31,0,12,3
3,2143,10,21,852,20,328869101,10,81,34,0,21,119,,Major,74,31,95,14,0,43,4
2,2063,11,21,3549,14,381547336,126,34,156,4,19,139,,Minor,92,81,70,42,0,23,5
1,1871,9,8,2413,4,254322820,93,94,76,9,211,110,C#,Minor,72,73,71,32,0,38,4
1,2162,4,21,6188,34,936091157,118,104,137,11,19,120,C#,Major,94,56,51,63,1,10,5
1,2134,5,12,1488,0,45079479,2,0,11,0,0,157,C#,Minor,40,14,22,77,0,11,4
1,2051,1,1,35256,22,1997700568,243,55,6090,1,50,187,D,Major,72,6,78,1,0,36,27
2,1942,13,23,411,4,97659465,6,1,19,0,1,84,C#,Major,56,37,38,72,0,11,32
1,2063,12,26,2567,58,1655739966,74,23,26,0,267,121,C#,Minor,54,50,55,9,0,14,7
2,1886,3,15,1247,13,118811927,46,37,25,1,155,168,C#,Major,85,55,39,2,0,10,54
2,2068,10,6,5044,38,708139072,62,78,87,12,15,105,C#,Minor,83,36,56,0,0,10,30
3,2014,8,10,819,0,165573062,14,1,52,0,0,93,G,Major,85,51,55,30,0,29,24
1,1930,6,9,1063,0,88219331,56,14,19,0,0,86,D#,Minor,60,31,60,4,0,17,4
2,2074,4,17,2595,40,512280184,40,216,55,12,259,88,F#,Minor,52,60,74,23,0,27,5
2,2084,7,2,204,0,23164273,3,3,6,0,0,136,B,Major,91,26,63,4,0,22,13
2,2019,5,23,5559,6,1202556554,90,46,139,0,,187,D#,Major,31,13,35,67,0,12,5
2,2163,6,3,5544,14,580186033,89,21,75,15,36,100,F,Major,72,40,75,12,0,13,7
3,1855,6,24,2952,41,773092057,35,0,4,0,0,102,D,Major,91,74,63,61,0,9,3
1,1840,5,11,4243,11,275025377,158,295,149,3,133,83,D#,Minor,86,57,58,12,0,8,9
1,2193,3,23,1613,50,133477350,44,117,59,14,371,99,C#,Major,73,65,71,7,0,10,4
1,1827,2,6,784,12,279170562,25,19,15,1,4,129,G#,Minor,83,72,70,4,0,13,4
1,2182,8,26,1978,0,399515715,21,0,35,0,0,86,,Major,43,12,56,7,0,23,3
1,1888,9,28,26652,0,2307728728,523,72,1521,3,7,123,B,Minor,73,62,75,1,0,9,8
2,1823,12,14,2585,28,319272188,53,60,56,1,17,121,F,Minor,104,39,69,50,0,9,29
1,1963,3,21,12383,18,796521733,63,94,795,2,121,103,F,Major,40,17,47,2,45,11,3
2,1902,1,1,27775,31,1099799839,67,123,671,0,414,150,E,Minor,71,40,55,6,0,21,9
1,2060,2,20,10149,7,1008465975,67,50,174,0,10,165,F#,Major,60,83,70,48,0,11,6
2,2197,4,22,1075,0,102498443,38,64,26,0,0,128,A,Minor,56,11,61,1,0,54,3
1,1994,12,9,22188,5,2071752015,286,79,2481,0,38,109,E,Major,64,50,40,77,0,27,43
2,2133,2,18,4857,13,382924458,103,41,288,1,33,127,C#,Major,81,40,78,6,0,16,15
1,2216,9,8,1890,34,374243183,17,21,23,3,4,98,,Minor,77,50,55,82,13,10,13
2,1830,5,29,2185,0,204243090,25,1,43,1,0,78,F,Minor,78,42,91,2,0,53,25
5,2149,5,16,2130,0,259350270,38,2,38,2,0,114,C#,Major,94,59,87,9,0,6,8
2,1971,10,11,2035,0,139726827,76,92,138,0,0,113,,Major,64,58,98,24,0,10,4
1,2141,1,1,11133,50,1471881655,164,134,423,2,85,101,F,Major,77,55,62,9,0,14,6
1,2071,1,1,9337,0,676043797,155,5,628,0,6,108,F,Minor,63,31,64,1,0,8,4
1,2065,1,28,921,5,139216729,7,54,79,2,48,156,F#,Major,55,67,82,17,0,81,8
2,1834,9,23,6195,13,964181815,0,0,0,0,0,102,A,Major,55,45,64,1,0,14,4
1,1921,5,19,4835,6,1224731001,183,129,217,0,5,103,G#,Major,73,71,33,0,0,6,12
2,2083,5,6,1637,0,124569033,14,3,3,0,0,101,B,Major,72,37,49,67,0,10,37
2,2023,9,26,156,6,76077741,9,86,2,0,42,141,F,Minor,75,87,79,61,0,8,10
1,2053,4,8,3454,9,264147632,67,53,43,0,6,156,A,Major,52,29,31,44,0,20,3
1,2123,6,25,744,0,122530627,27,0,24,0,0,197,G#,Minor,45,45,73,7,0,11,14
8,1968,9,12,1569,0,240637901,66,0,0,0,0,83,G,Minor,55,63,82,11,0,15,11
6,2156,12,21,136,4,1477684,14,83,2,0,0,109,G,Major,77,64,75,9,0,30,7
1,1931,1,26,655,0,149203770,30,73,58,0,0,143,F,Minor,85,90,92,15,0,9,5
1,1866,1,1,16042,3,1739605297,127,25,1954,0,29,74,F,Major,69,49,51,51,0,9,4
1,1888,7,21,444,36,592613748,4,3,18,0,0,92,F#,Minor,78,54,71,12,0,7,4
1,2146,3,3,642,6,129521663,20,97,0,0,63,129,D#,Minor,61,39,70,52,0,12,3
1,2052,11,1,8030,22,1486060948,191,135,576,0,23,102,D#,Major,49,20,62,62,0,9,6
1,1933,4,22,3023,7,582797845,41,52,144,1,33,153,G#,Minor,39,25,50,5,0,13,3
2,2047,2,2,839,9,251695358,13,86,70,3,67,175,A,Major,66,62,77,36,0,29,21
1,1979,3,30,289,2,146998643,24,2,29,0,0,113,C#,Minor,83,28,53,13,0,9,11
1,1897,12,8,5912,0,864513604,89,94,186,0,12,98,B,Major,78,21,46,23,4,34,8
2,2098,5,6,1723,0,117938825,14,3,3,0,0,96,B,Major,77,35,52,68,0,10,35
1,2121,6,3,1703,31,278105343,21,51,25,2,2,166,G#,Minor,73,55,59,27,0,16,7
3,1897,9,21,927,7,144073402,13,13,13,2,26,148,A#,Major,78,89,85,13,0,13,37
1,2113,7,15,4668,37,723905673,67,58,99,16,229,101,C#,Minor,53,14,58,68,18,26,3
2,2067,5,4,111,0,34533742,5,9,5,0,0,154,B,Minor,58,18,49,38,0,39,5
1,1964,11,23,6931,18,713155868,47,87,231,1,46,165,G#,Major,69,43,52,17,0,16,21
1,2203,1,1,14450,42,1188151267,96,108,1960,5,492,116,D,Minor,66,44,65,0,0,14,3
1,2183,12,7,7586,0,246310528,122,49,287,0,0,158,,Major,69,70,68,19,0,19,3
1,1876,5,5,1037,6,454613493,7,32,13,1,1,89,,Minor,74,24,51,28,0,12,5
1,2113,11,32,47311,71,3353022825,636,216,3144,21,,168,C#,Major,50,37,73,0,0,8,7
2,1829,8,20,8607,46,1123036339,222,107,327,28,145,138,D,Major,68,25,47,1,0,28,10
2,1946,12,23,382,5,182590768,3,28,2,1,0,125,D#,Minor,63,74,45,35,0,13,5
2,2109,3,22,9499,5,1156329518,262,96,502,3,9,108,,Major,69,66,84,3,0,11,3
2,2163,3,25,2824,1,375261557,52,3,33,0,0,91,G,Major,82,60,85,9,0,10,5
1,1966,6,28,8578,12,824247258,165,74,139,17,27,156,C#,Major,70,72,51,69,0,40,4
2,2072,9,10,25563,78,2875387767,402,108,925,4,65,88,D,Major,71,88,48,52,0,7,5
1,1949,6,7,139,18,42339041,14,79,5,0,7,138,D,Major,50,21,60,1,0,12,3
2,2092,10,5,92,0,152115468,11,103,0,0,52,101,A,Major,59,47,61,75,0,6,3
1,2194,2,22,1233,0,59336813,38,54,31,0,0,74,B,Major,44,32,86,18,0,10,5
2,2179,13,26,410,5,181692391,3,34,2,1,0,133,D#,Minor,76,77,50,37,0,11,5
2,2009,5,21,194,12,57997169,20,111,8,1,69,137,A,Minor,77,83,64,34,0,16,4
1,2125,6,9,346,0,125602608,5,40,12,0,0,119,D,Major,60,31,48,43,0,25,4
2,1856,2,32,4641,19,806897962,56,44,106,0,0,87,C#,Major,72,54,93,3,0,8,5
1,2161,8,16,164,4,150082221,5,6,1,1,17,144,G,Major,72,33,37,40,0,9,3
2,2079,10,4,447,0,73223108,8,1,7,0,0,118,D,Minor,59,26,43,55,34,15,3
1,2044,5,19,675,13,395789872,26,90,9,0,24,151,F#,Minor,56,55,70,16,0,18,5
1,1948,5,6,830,0,239666687,6,19,8,0,0,126,C#,Minor,80,68,54,9,0,52,12
1,2091,2,17,715,11,271496848,14,44,13,1,1,189,G#,Major,56,93,45,40,0,7,4
2,1966,3,23,653,3,96097507,12,3,17,1,1,122,B,Minor,76,72,70,56,0,16,29
3,2207,9,23,3981,0,417894351,99,2,80,13,1,105,,Minor,65,62,63,0,0,14,4
1,1964,2,24,937,35,209433897,16,28,32,6,0,76,,Major,53,56,45,89,0,14,39
1,1980,5,24,499,0,72041215,16,16,6,0,0,115,F,Major,64,23,73,15,0,31,4
2,2023,3,17,2051,37,265245389,29,93,28,5,88,157,D,Major,73,13,79,4,0,11,4
3,1878,8,5,1952,0,176973988,55,1,51,0,0,141,E,Minor,72,17,45,7,0,29,8
2,2189,10,9,22074,79,2657249123,341,108,761,4,64,97,D,Major,70,95,47,54,0,7,5
4,2201,9,3,5729,7,1321340035,122,93,543,22,10,73,B,Minor,78,56,78,26,0,44,29
2,2065,11,22,6865,19,565445184,103,168,283,2,,113,,Minor,53,18,67,0,0,12,4
1,1907,11,3,926,0,100064395,59,12,38,1,0,136,A,Major,62,24,38,57,0,8,3
1,1855,1,1,4832,0,640941335,94,22,332,0,106,94,G#,Major,59,33,91,11,0,33,8
1,2065,3,29,2117,0,233965430,70,12,44,0,15,143,F,Major,57,64,72,2,0,54,4
1,2071,5,6,4779,0,413965174,77,14,84,0,15,174,G#,Minor,80,67,59,7,0,15,26
1,2142,1,13,13268,105,1320341928,303,215,723,60,1018,114,,Major,77,59,66,6,0,3,7
3,2184,7,1,671,4,175612907,0,0,30,0,0,149,A#,Minor,57,68,57,12,0,5,40
2,1982,2,1,867,2,199668457,48,0,107,1,1,146,A,Minor,81,59,56,4,0,11,8
3,2048,5,21,1156,4,186497170,21,2,59,1,3,139,G#,Major,84,73,69,46,0,34,8
3,2010,13,26,18671,0,540008746,130,18,1533,0,0,95,G,Major,77,71,91,3,0,38,4
1,1828,10,24,6391,0,518091304,140,105,235,0,0,163,G#,Major,54,74,85,0,0,23,5
1,2209,13,3,3983,0,391683510,72,89,41,0,0,106,G,Minor,54,42,41,47,0,11,15
2,1828,5,14,1992,0,56734829,1,0,3,0,0,164,A,Major,69,28,49,32,0,35,31
1,2029,7,8,82,12,30962593,3,35,3,0,1,146,B,Minor,45,61,89,0,0,18,8
2,2221,7,23,483,4,286600925,10,47,3,1,0,104,G,Minor,84,69,56,30,0,10,13
1,2101,8,27,3772,10,996631503,7,0,204,0,2,140,B,Minor,69,17,25,84,0,10,27
1,2009,6,26,2734,3,478353239,33,86,40,0,5,110,A,Minor,82,24,61,61,0,11,5
1,2087,7,4,1582,33,350113592,16,16,20,0,0,120,C#,Major,66,56,45,23,0,12,23
2,2182,5,20,862,0,55954953,37,2,36,0,1,123,C#,Major,78,20,69,1,0,15,4
1,2119,5,15,1115,80,102462663,65,192,47,11,976,131,C#,Minor,85,22,62,13,0,27,9
1,1847,5,24,5355,20,1283904922,0,0,917,0,0,156,C#,Minor,59,50,55,70,0,14,3
3,2170,11,15,1163,21,254457214,44,21,60,4,77,86,F#,Minor,90,91,71,42,0,17,11
1,2103,4,7,31,0,64026522,0,0,0,0,0,89,A#,Minor,77,45,33,74,0,10,5
2,2213,5,12,265,4,73821459,7,2,31,1,11,113,A,Minor,83,52,47,26,0,22,63
1,2056,12,26,2620,64,1625632110,65,21,24,0,255,146,C#,Minor,60,50,56,10,0,15,8
1,2206,9,12,10343,0,1209110888,35,84,59,0,1,95,D#,Major,55,29,44,57,1,20,3
1,1822,12,19,1392,2,253326935,18,12,14,0,0,118,,Major,65,44,83,29,0,8,41
2,1908,12,5,94,0,140449203,11,106,0,0,50,86,A,Major,56,42,58,77,0,6,3
1,1930,8,15,1458,16,506575577,51,120,60,0,2,104,,Major,89,67,74,0,0,18,4
1,1803,1,1,19074,44,1676882313,90,77,3683,5,0,122,G,Major,85,72,66,0,0,35,9
1,1868,10,34,26238,0,2499598958,509,84,1437,3,8,120,B,Minor,82,69,84,1,0,10,7
2,1871,2,20,24037,20,2095941189,360,193,2729,3,30,110,B,Minor,61,48,70,3,0,18,4
2,2157,4,4,312,9,119939729,9,81,4,1,1,126,A,Minor,81,88,83,34,0,7,4
3,2190,1,1,56423,0,1000373307,212,1,7539,0,0,110,F#,Minor,77,94,79,4,0,9,4
1,2058,6,9,774,0,298286411,5,135,16,0,3,80,G#,Major,68,65,82,2,0,4,17
3,2014,8,9,2607,2,412069869,78,77,64,0,15,107,A,Minor,71,63,84,19,0,26,5
2,1868,8,25,6695,13,1007026572,0,0,0,0,0,102,A,Major,60,46,70,1,0,15,4
1,1987,1,21,129,4,182323164,4,6,0,0,24,132,D,Major,55,21,42,95,0,12,4
3,2138,12,2,1739,0,193471648,12,21,13,0,2,90,G,Minor,45,24,62,20,0,19,28
2,2059,10,19,2650,0,176839482,98,51,28,0,0,87,F,Major,67,85,81,1,0,12,4
1,1902,2,22,3173,80,507338766,85,218,71,6,0,131,B,Minor,75,74,55,41,0,34,3
4,1899,7,13,6943,0,470125285,117,11,199,0,1,136,G#,Minor,79,76,82,2,0,5,5
1,2121,10,28,24675,0,1451391297,416,138,2264,0,,152,G,Major,33,34,59,16,0,7,4
1,2190,1,27,573,21,262689382,7,76,4,2,14,146,G,Minor,74,87,83,18,0,5,5
2,2150,1,1,28878,0,920288659,145,42,5001,1,930,95,D#,Minor,86,33,87,3,0,8,25
1,1912,9,25,49430,14,1714772706,333,104,5241,2,110,162,C#,Major,36,23,99,0,0,9,8
1,2084,11,22,3074,8,518979541,72,31,86,5,29,130,B,Minor,71,102,88,8,0,14,3
1,2169,10,8,4462,22,685193408,18,41,0,0,9,127,A,Minor,57,18,56,11,0,6,4
1,2044,5,6,940,1,288704485,8,11,10,0,0,170,F,Minor,53,39,52,68,0,12,6
2,2103,2,1,936,2,190646056,45,0,106,1,1,126,A,Minor,75,53,54,4,0,10,8
1,1850,2,25,2949,54,200257143,76,110,151,18,857,139,D#,Minor,60,32,83,22,0,12,8
2,2170,11,21,7686,17,564752210,122,161,277,2,,129,,Minor,53,15,61,0,0,12,4
1,1924,11,15,1572,0,371521579,1,0,28,0,0,90,B,Major,81,74,53,38,0,9,3
1,2190,12,7,400,1,249682133,5,0,5,0,0,86,G,Major,57,29,34,78,0,8,3
2,2166,11,16,1654,14,226206918,29,14,35,2,45,109,G,Minor,79,66,69,8,0,11,5
1,1996,1,6,1726,0,112733194,6,47,14,0,0,131,G,Minor,76,60,55,2,0,9,8
1,1917,7,28,1984,0,428448738,21,0,37,0,0,86,,Major,44,11,56,6,0,23,3
1,1979,9,19,816,11,284806169,38,23,56,0,257,151,A,Major,37,26,57,4,0,12,3
1,2207,3,18,796,26,86099022,30,77,22,0,178,173,C#,Minor,75,82,70,6,0,11,9
1,2101,12,9,1357,0,151176371,22,53,11,0,0,105,A,Minor,45,58,30,91,0,22,4
1,1903,1,21,2461,0,274478235,53,1,69,11,1,93,C#,Major,92,73,51,11,0,9,26
1,2106,5,14,1686,0,40622187,1,0,4,0,0,70,G,Major,45,57,41,78,1,47,37
1,2034,2,16,2392,19,417565509,69,23,45,1,0,85,G#,Major,43,25,70,31,0,12,15
1,2213,13,10,869,0,62162617,6,10,3,0,0,86,G#,Major,43,34,63,23,0,21,39
2,2174,2,21,416,11,87495212,10,15,13,3,1,148,F#,Major,79,74,81,37,0,11,27
1,1958,6,21,406,19,45099193,11,17,18,4,89,105,C#,Major,72,39,79,36,0,31,6
2,2124,11,4,1468,0,144891001,22,7,15,0,0,126,G#,Minor,94,24,55,1,0,7,30
2,1845,11,4,4535,20,524907989,84,90,42,0,25,165,B,Minor,51,46,55,5,0,38,26
2,1857,3,27,7687,73,895299065,208,127,311,35,90,97,B,Major,85,75,76,42,0,15,4
1,1973,2,26,2834,58,193978045,68,108,154,19,928,150,D#,Minor,60,31,76,22,0,13,8
1,1841,11,23,23254,7,1488189346,57,0,7164,2,0,98,D#,Minor,60,41,88,1,0,35,6
1,1837,12,8,22212,37,1717697348,78,70,487,0,14,106,A#,Minor,74,47,56,28,0,6,32
1,1874,11,26,1474,24,339464873,19,85,22,0,30,163,G,Minor,61,16,67,45,92,12,10
2,1906,13,2,927,0,112708821,3,7,10,0,0,115,G#,Major,86,14,53,8,0,39,5
1,1929,3,17,4390,0,910130596,66,96,420,3,14,143,C#,Major,75,101,63,0,0,18,4
3,1963,6,26,6415,0,510220415,85,5,61,1,0,160,F#,Minor,69,76,68,12,0,9,15
1,1937,11,27,1594,23,350806523,17,73,23,0,32,184,G,Minor,64,14,68,45,89,12,10
1,2182,5,6,908,0,257289587,6,21,8,0,0,125,C#,Minor,89,77,57,10,0,45,12
1,1884,9,20,2378,0,189182629,11,6,27,0,1,159,E,Major,36,26,60,9,0,12,3
2,1958,3,1,979,5,134154046,7,32,49,1,30,153,F#,Major,61,80,93,28,0,94,5
1,1920,11,8,653,0,48616495,0,9,2,0,0,121,B,Major,43,34,62,80,0,37,7
1,2181,11,19,745,9,266286256,36,26,62,0,279,159,A,Major,31,23,61,4,0,10,3
3,2035,3,2,1282,34,151240320,10,42,22,0,1,95,B,Major,75,49,72,31,0,9,8
2,2021,4,7,870,0,79480142,24,0,50,0,0,169,G,Minor,68,45,65,36,0,8,8
1,2177,1,1,9380,0,641493518,141,5,606,0,6,117,F,Minor,63,28,64,1,0,8,4
1,2008,4,13,8899,0,712686588,236,47,251,22,22,116,A#,Minor,81,72,73,9,0,37,8
2,2116,10,10,4823,3,380619733,77,87,485,6,4,135,,Minor,72,74,28,101,0,13,5
1,1885,12,9,995,0,68925900,5,9,1,0,0,96,D,Major,51,43,77,9,0,36,4
1,2150,11,4,1905,33,367548219,32,26,34,5,1,88,B,Minor,70,59,81,25,0,10,14
1,1828,7,11,11041,4,567315161,26,0,797,0,0,107,C#,Major,35,17,28,82,5,10,3
2,2142,2,23,1723,0,163313573,26,1,20,0,0,102,D,Minor,76,23,68,2,0,9,4
1,2014,6,3,1577,28,279078318,22,53,25,2,2,164,G#,Minor,76,56,52,24,0,16,7
1,1962,7,27,5516,2,714685162,79,0,287,15,,94,F,Minor,73,56,71,60,0,13,4
1,1867,8,14,2387,27,321492855,64,13,41,8,62,142,G#,Major,68,63,74,3,0,26,4
2,2159,9,13,307,0,46921907,6,1,6,0,0,93,A#,Major,88,44,65,13,0,14,7
1,1893,5,3,2315,0,225720670,69,7,258,2,110,133,G,Major,51,20,58,5,0,41,3
1,2061,12,7,6738,0,235236646,122,50,258,0,0,138,,Major,67,67,74,16,0,19,3
1,2177,3,24,1391,50,132881193,43,132,56,14,398,88,C#,Major,74,60,78,7,0,9,4
1,2045,8,11,5276,0,432118833,108,17,81,9,2,133,D,Major,104,99,92,6,0,32,25
1,1837,1,1,28715,43,1791335470,208,2,3965,5,0,178,B,Major,47,27,62,0,0,23,3
2,1955,11,25,2994,0,244200068,62,16,169,0,22,102,G,Minor,99,67,44,59,0,8,9
1,2205,6,17,4840,0,177921778,70,94,58,0,11,126,E,Minor,51,5,71,13,2,14,6
2,2065,4,7,218,4,90794476,4,42,10,2,23,85,G,Minor,73,44,54,36,0,29,6
1,1909,11,1,4136,0,551752120,21,3,10,0,0,150,D,Major,53,103,89,48,0,32,4
1,2119,2,11,1773,15,444577057,1,46,20,0,19,137,A,Minor,49,33,43,34,0,11,11
2,1960,2,25,1621,0,155212195,27,1,20,0,0,109,D,Minor,78,22,60,2,0,9,4
1,2133,2,9,4178,10,404894958,116,41,775,20,,101,B,Major,83,77,85,35,0,11,4
3,2163,6,23,6115,0,544069970,88,5,67,1,0,169,F#,Minor,67,81,67,11,0,8,15
1,2163,9,20,2254,0,180683462,11,6,23,0,1,153,E,Major,39,26,61,9,0,13,3
1,2118,1,11,12066,0,861501203,74,74,273,3,10,109,D#,Minor,70,60,71,3,0,9,3
1,2164,2,23,1208,40,152355024,15,64,21,10,160,115,F#,Minor,83,52,70,17,0,16,7
2,2019,9,14,588,0,265353978,22,94,86,0,0,133,F#,Minor,78,57,65,26,0,13,6
1,1920,2,27,4324,10,748985581,21,18,42,0,0,83,,Major,89,85,84,16,0,11,6
1,1905,1,1,11531,52,1333921401,153,132,372,2,86,103,F,Major,75,62,73,10,0,14,6
1,2049,7,13,824,103,29265115,83,213,96,24,1151,73,,Major,45,14,10,102,0,9,3
2,2176,6,2,206,0,24105021,3,3,6,0,0,130,B,Major,82,25,74,4,0,25,13
1,2043,5,5,4327,0,451251585,87,13,99,0,17,164,G#,Minor,87,70,64,8,0,14,26
1,2081,7,7,102,14,35610079,22,52,6,1,0,119,G,Major,71,51,72,0,0,17,4
1,1941,10,8,1928,34,336722072,17,18,21,3,4,115,,Minor,81,48,52,87,13,10,13
1,1908,6,21,2448,0,374269106,16,0,0,0,0,112,C#,Minor,58,4,56,12,0,20,4
1,1785,1,1,11262,0,803828850,158,104,101,0,,112,D,Major,75,73,36,92,0,6,3
1,1938,11,15,18263,84,1977881226,232,114,3424,20,,115,E,Minor,43,13,58,65,0,8,4
1,1884,13,24,522,9,315252262,8,106,6,0,9,131,F,Major,44,17,38,72,0,12,4
1,1987,6,13,344,0,99771739,26,68,186,0,0,136,G,Major,61,41,53,25,0,13,4
1,2088,9,14,25763,30,2067570426,179,106,4727,1,0,139,E,Minor,62,38,70,57,0,12,5
1,2024,9,15,467,11,212421720,2,131,14,0,1,121,G,Major,98,53,65,7,0,59,10
2,1989,10,28,2478,13,337982221,50,7,51,3,1,102,F,Minor,69,58,68,6,0,10,6
3,2009,2,10,1974,0,101765858,36,3,27,0,0,161,G#,Minor,44,53,76,9,0,31,35
2,2136,2,17,4686,12,407404620,103,41,313,1,34,115,C#,Major,78,44,83,6,0,17,13
2,2032,5,13,2841,0,128160161,4,0,24,0,0,165,A#,Minor,53,53,72,17,0,11,32
1,1987,3,26,1153,0,170345892,19,4,53,0,1,92,D#,Minor,69,92,84,6,0,37,4
1,1829,11,25,1575,23,355480718,20,83,22,0,29,188,G,Minor,64,14,69,45,91,12,10
1,2006,2,6,718,11,245984767,26,16,14,1,4,123,G#,Minor,85,77,64,4,0,13,4
3,2022,10,24,1047,18,485402797,11,118,10,5,3,143,B,Minor,78,74,78,14,0,29,9
1,1839,4,24,689,4,158130889,16,10,20,0,0,131,B,Minor,92,65,44,31,0,9,9
1,1913,10,20,1659,0,195424471,9,6,12,0,2,165,,Major,34,39,15,88,0,13,5
1,2079,5,14,250,4,195844938,4,103,0,0,8,90,B,Minor,70,57,73,21,0,10,21
2,1826,10,22,3074,2,619253781,69,13,126,0,40,126,D,Major,74,34,69,11,0,10,10
1,2100,10,21,3576,8,442435722,53,42,38,11,1,105,A#,Major,73,10,48,27,0,17,8
3,1822,8,9,891,0,186229221,15,1,46,0,0,82,G,Major,87,49,53,30,0,30,25
1,1820,9,22,7985,0,1161560690,179,57,95,0,2,156,,Major,70,67,73,45,0,8,12
1,1878,6,28,21409,60,2499384657,368,147,761,28,,76,B,Major,72,54,58,42,0,9,10
3,2084,4,25,5601,14,553021862,121,87,68,0,36,85,C#,Major,49,33,70,30,0,7,35
3,1931,6,3,908,4,177301741,29,0,57,0,0,129,F#,Major,94,85,52,59,0,11,24
2,2188,2,25,405,10,85051431,12,14,15,3,1,151,F#,Major,85,70,85,35,0,12,31
2,2087,10,14,812,0,83416140,17,0,9,0,0,82,D#,Minor,63,22,48,6,0,56,4
1,2187,10,3,13544,8,1570822537,314,106,1009,15,,135,B,Minor,85,60,96,5,0,34,3
1,2069,10,4,2471,0,197475142,9,71,71,0,0,73,G#,Minor,41,42,59,69,0,9,21
2,2151,8,20,11796,0,731719184,168,66,419,0,12,113,B,Minor,84,63,75,2,5,6,9
2,2131,5,12,1827,0,54889937,1,0,3,0,0,189,A,Major,77,25,55,30,0,35,35
1,2165,11,17,715,12,308943470,25,104,11,0,3,112,A#,Minor,94,85,87,9,0,11,9
3,2103,10,4,2006,0,199520710,22,8,18,0,1,115,E,Minor,74,47,58,6,0,32,11
2,1972,12,4,980,0,104315669,3,8,5,0,0,119,D,Major,70,12,54,1,0,23,27
7,1824,2,26,859,0,112563910,36,42,31,0,0,97,A,Minor,98,72,71,14,0,10,14
2,1920,3,19,686,0,190471986,10,2,14,0,1,104,F,Major,76,82,81,38,0,28,8
1,2188,7,7,501,39,48848467,79,113,38,1,165,116,F#,Major,74,76,80,5,0,6,3
1,1936,7,5,2221,14,292031338,74,101,57,0,145,77,G#,Major,37,43,67,23,0,7,7
1,2193,8,5,30701,6,1519257918,131,25,7918,1,0,143,F,Major,54,22,41,67,0,11,2
1,2218,1,22,827,24,159126422,11,24,7,1,6,165,E,Minor,78,98,67,27,0,21,7
1,2054,5,26,25388,4,2005075199,118,91,1939,0,19,138,,Minor,37,12,61,8,0,13,8
1,1891,7,13,440,38,14290397,37,33,32,1,27,129,C#,Major,61,47,67,0,0,34,4
1,2131,5,6,1381,0,125872923,28,2,16,0,2,130,E,Major,45,7,47,33,0,7,4
1,2063,5,6,888,0,236383182,6,22,8,0,0,122,C#,Minor,92,72,58,10,0,51,12
2,2040,3,33,2521,41,368023862,39,92,49,13,195,91,B,Major,94,68,69,15,0,12,18
2,2195,1,1,42217,0,1483454926,223,149,6870,1,,134,,Major,85,81,57,49,0,11,4
2,2134,11,7,1085,0,91123877,7,27,3,0,0,143,A#,Minor,73,72,74,54,0,31,8
1,2160,1,1,19539,14,1168436377,319,77,1338,9,21,168,G,Major,64,95,86,5,0,37,18
4,1842,1,15,12465,0,889538890,205,52,714,0,19,134,D,Major,88,75,93,1,0,27,14
1,2216,8,16,150,4,134743982,5,6,1,1,20,130,G,Major,67,35,38,43,0,11,3
3,2210,12,16,1301,22,247081173,42,22,56,4,91,86,F#,Minor,78,95,77,42,0,18,12
1,2164,9,15,20677,0,939366219,109,1,731,3,0,113,A#,Minor,66,22,60,74,0,6,6
1,2209,11,22,8418,56,917355124,240,130,181,9,314,94,E,Major,69,47,62,13,0,19,5
1,1858,1,29,625,0,139652361,26,80,67,0,0,144,F,Minor,93,97,92,16,0,8,5
1,2008,11,9,23696,5,2192048689,264,78,2299,0,38,107,E,Major,57,48,35,85,0,28,45
2,1896,11,21,3384,14,387691745,128,31,143,4,20,131,,Minor,86,78,69,41,0,19,5
1,1895,1,8,1190,0,57867828,1,5,6,0,0,123,A#,Major,78,25,59,36,0,24,3
1,2098,12,9,1001,0,67580265,5,9,1,0,0,98,D,Major,56,49,69,9,0,35,4
1,1847,9,9,16179,16,2318710535,242,37,1495,0,12,109,A#,Major,41,48,53,68,0,10,5
2,1938,3,3,626,2,106447287,23,79,8,0,9,103,B,Minor,62,83,81,53,0,8,13
2,2056,1,7,1241,0,93897605,9,10,8,0,0,102,D,Major,80,79,76,10,0,33,17
2,2151,2,2,2082,32,257122656,43,77,50,8,4,162,C#,Minor,82,57,80,36,0,10,25
1,2076,3,24,1592,46,137967341,48,130,60,15,399,94,C#,Major,69,59,76,7,0,9,4
1,1860,1,1,3568,0,399640718,63,27,262,3,724,97,A,Minor,58,49,64,2,0,14,3
2,2035,6,9,4007,2,307642528,109,78,82,1,9,123,,Minor,85,63,84,12,1,11,5
2,2222,6,26,6701,36,863129895,79,54,137,8,0,83,C#,Minor,95,49,65,35,0,10,8
1,1882,3,29,346,2,135622514,25,2,31,0,0,119,C#,Minor,84,25,55,13,0,10,9
2,2061,2,1,869,2,218539551,49,0,103,1,1,139,A,Minor,80,57,59,4,0,10,9
1,1979,10,20,1714,0,180534278,6,3,15,0,0,99,,Major,45,14,34,85,20,12,4
1,2007,5,28,7093,46,1304191419,148,111,148,16,204,134,G,Minor,88,91,71,58,0,23,4
1,1839,1,5,177,0,852129097,0,0,5,0,0,80,F,Minor,40,25,43,43,0,25,3
1,1859,5,13,1620,0,55682735,1,0,5,0,0,79,A#,Minor,55,57,47,72,0,7,36
3,1935,9,8,2887,2,479563617,86,71,60,0,17,95,A,Minor,72,55,84,19,0,24,5
1,1967,5,22,353,71,82442447,9,90,5,0,52,111,C#,Major,83,70,74,27,0,11,14
2,1970,12,11,816,4,192946661,24,3,0,0,0,92,C#,Major,54,66,68,12,0,30,7
1,2204,8,17,3462,41,599478403,44,66,57,4,3,98,F,Major,88,59,53,9,0,31,7
2,2015,2,32,4649,20,772612164,51,45,105,0,0,99,C#,Major,78,57,92,3,0,8,5
1,1977,6,5,6437,14,434175454,3,1,39,1,34,114,F,Minor,54,53,87,0,1,10,4
2,2180,6,11,10240,17,1290406727,19,0,396,0,,79,G#,Major,64,38,66,9,0,61,6
2,2119,11,18,811,0,148545241,14,26,8,0,0,121,E,Major,70,53,68,27,0,10,4
1,1920,1,28,1220,0,161056369,60,4,44,0,0,103,B,Minor,64,45,40,69,0,10,3
1,2002,9,19,11275,0,1777384993,299,20,787,0,,182,G#,Minor,63,81,48,31,0,35,16
1,2058,10,20,1612,0,179482141,9,5,14,0,2,170,,Major,33,42,17,96,0,11,5
1,2133,8,25,578,0,177908568,15,79,15,1,2,124,D#,Minor,70,76,97,14,0,30,12
2,2047,7,14,550,151,142852936,45,278,49,10,899,119,B,Major,81,88,78,32,0,8,4
2,2050,11,27,1369,0,178225705,11,1,10,0,8,105,F#,Minor,40,40,79,8,0,10,22
1,2097,5,6,1885,0,164033178,34,0,3,0,0,143,B,Major,85,42,68,0,9,11,8
1,2129,1,1,13351,0,1023194280,234,34,615,0,14,109,G#,Minor,80,24,56,40,2,10,23
1,2121,6,31,1297,113,150376246,102,188,90,15,859,126,F,Major,48,29,54,17,0,29,6
2,2043,4,22,4492,10,608871229,120,65,228,13,1,167,F,Major,76,58,62,22,0,8,34
2,2049,3,14,7806,25,468277280,179,79,192,0,183,125,C#,Minor,78,69,65,1,0,5,5
2,2222,10,20,2552,0,339829248,32,52,27,0,12,114,A,Major,65,21,30,76,0,11,4
1,2080,12,7,368,1,236083482,5,0,5,0,0,89,G,Major,58,25,36,80,0,8,3
2,2008,10,25,6225,12,1036261634,0,0,0,0,0,108,A,Major,60,46,62,1,0,13,4
2,1837,13,22,436,4,94593374,6,1,19,0,1,86,C#,Major,58,39,37,70,0,11,32
1,2082,2,16,897,17,312961758,27,82,32,8,11,135,G,Major,59,77,45,44,0,33,3
1,2080,5,6,2046,0,154434221,36,0,3,0,0,165,B,Major,79,39,70,0,9,11,9
1,2126,10,9,2011,10,376502985,47,25,30,0,10,145,B,Major,55,38,61,1,0,12,3
1,2188,11,10,1404,0,156558577,22,53,12,0,0,108,A,Minor,44,59,31,89,0,20,4
1,1998,4,8,2335,0,240984441,76,0,53,0,0,89,A,Major,70,30,34,62,1,11,4
1,2061,10,7,6946,0,236928259,110,52,311,0,0,155,,Major,72,67,77,16,0,18,3
1,2011,1,1,4137,0,356519974,72,25,286,3,778,92,A,Minor,56,51,65,2,0,13,3
1,2149,7,7,526,41,54595434,70,111,42,1,156,123,F#,Major,71,76,75,6,0,5,3
1,1962,2,17,673,10,281516917,17,40,12,1,1,206,G#,Major,59,84,40,36,0,7,4
2,1877,1,6,608,0,56461012,17,3,3,0,0,114,F,Minor,89,69,51,15,0,12,29
1,1861,8,12,7172,0,955990987,183,11,569,19,,120,E,Major,72,45,57,32,0,40,5
3,2078,11,5,5148,0,367404893,64,38,70,0,0,88,D,Major,59,91,65,6,0,33,4
3,2098,6,16,2636,0,226908095,76,4,243,1,6,124,B,Major,76,49,79,19,0,20,3
2,1862,5,28,415,5,46177062,21,80,6,0,107,124,B,Major,69,56,59,6,0,17,3
4,1898,6,14,3353,0,125037964,54,6,124,1,0,121,A,Major,86,81,71,28,0,31,4
1,1931,10,4,3254,16,510273400,45,65,88,12,115,156,E,Minor,55,48,85,1,1,56,4
3,2134,12,2,1952,53,274319267,16,128,20,2,266,91,G,Minor,67,18,76,14,0,11,5
1,1979,1,1,19205,13,1614752739,75,0,3199,0,0,104,F,Major,62,43,93,1,0,9,5
2,1827,5,12,3209,0,247327668,45,29,42,0,0,113,,Major,52,37,75,4,0,11,33
2,2068,7,3,5083,9,650915414,129,24,142,0,1,182,C#,Major,68,83,82,39,0,7,17
1,2181,1,23,5189,33,683275015,45,15,54,1,2,96,A#,Minor,89,87,50,11,0,5,8
1,1906,11,4,7306,2,960289492,5,0,818,0,0,157,C#,Minor,52,7,55,52,0,10,3
1,1851,11,9,2889,25,382320607,55,144,44,1,240,136,F,Major,52,36,54,13,0,10,14
1,1824,3,29,784,20,212148533,20,101,20,0,73,121,A,Minor,91,61,38,3,0,12,4
1,1855,7,7,726,41,63048354,24,86,28,13,197,91,F,Major,61,28,64,40,0,11,4
1,2078,3,23,1230,0,170225417,24,1,14,0,0,139,G#,Major,56,48,86,1,0,19,5
1,1955,8,16,23848,0,1013738859,116,1,649,3,0,108,A#,Minor,59,19,55,75,0,6,6
2,1960,1,24,4555,0,302345900,140,79,120,1,17,135,A#,Major,78,50,78,18,0,27,4
1,1831,1,6,21594,18,1531245853,207,70,1006,0,128,127,C#,Major,82,78,47,50,0,6,3
2,2185,9,2,1952,0,320046399,96,13,39,0,0,103,G#,Major,82,58,82,9,0,12,10
1,1874,10,27,14542,0,477369562,189,28,433,0,0,123,,Major,54,23,59,0,2,29,3
1,2101,1,1,9488,50,304859824,22,120,270,3,382,144,D,Major,43,22,79,19,0,9,10
2,1994,1,17,6462,0,1261896079,67,49,428,0,1,152,A#,Minor,88,79,68,14,0,30,33
8,2067,8,13,1536,0,203874557,76,0,0,0,0,77,G,Minor,55,65,77,10,0,15,11
2,2100,2,2,217,4,85051642,8,79,2,1,1,129,G,Minor,63,86,69,25,0,11,4
1,2003,1,19,5741,32,748528687,44,17,51,1,2,92,A#,Minor,84,82,50,10,0,5,8
1,1986,8,1,28118,0,2027817391,329,115,4300,2,82,120,G#,Major,45,30,29,97,0,12,3
3,2072,5,12,1043,31,93022695,37,52,49,8,197,130,B,Minor,82,90,85,4,0,21,6
3,1904,6,2,1400,36,106159541,45,59,55,10,117,111,A#,Minor,78,17,70,7,0,10,5
2,2214,10,3,4921,6,558446990,124,108,99,0,3,162,C#,Major,62,29,50,5,0,24,24
1,1875,6,22,3210,2,328004057,71,88,64,0,26,154,E,Minor,39,8,26,84,1,13,4
1,2102,13,9,1030,0,178345169,10,0,9,0,0,159,D,Major,55,48,61,3,0,35,4
3,2223,6,11,725,2,138881492,17,0,26,0,29,139,D#,Minor,74,78,41,50,0,7,47
1,2000,8,19,21663,31,793861712,116,74,246,1,37,147,A,Major,56,55,52,63,0,42,10
1,1892,5,14,1415,0,65150302,1,0,5,0,0,67,A#,Minor,53,52,43,76,0,8,39
3,1844,6,11,695,2,137874471,16,0,26,0,30,128,D#,Minor,71,78,37,43,0,7,49
1,1971,10,5,3274,0,242466905,43,0,145,0,0,137,D,Major,75,39,69,5,1,11,33
3,2117,7,22,257,4,298756809,7,20,2,0,0,86,F,Minor,90,53,65,8,0,15,8
1,2163,10,18,11345,0,1739320113,284,20,748,0,,173,G#,Minor,65,70,55,29,0,42,16
1,2119,3,3,1138,0,74910965,48,12,19,0,21,89,C#,Major,69,30,73,12,0,11,27
5,2053,7,2,205,0,35967148,3,10,3,0,0,106,F,Major,98,56,46,41,52,28,7
2,2076,4,4,309,8,136658254,9,75,4,1,1,124,A,Minor,72,84,80,34,0,7,4
1,1965,11,20,2844,0,350163360,40,36,21,2,0,178,G,Major,69,40,52,6,0,10,7
8,2014,6,1,1040,29,127932150,23,30,37,6,188,127,,Major,80,68,74,12,0,11,4
4,2067,13,1,11532,0,441559521,122,1,371,0,0,159,D,Major,36,42,66,33,0,82,3
1,1839,1,7,814,0,32578005,1,1,3,0,0,111,A,Minor,44,21,50,76,29,14,4
1,2137,7,20,9761,0,322630385,202,58,234,15,2,112,C#,Minor,72,85,93,4,0,28,8
2,1934,11,20,613,14,233304206,18,58,16,5,47,97,B,Major,71,81,63,52,0,5,2
2,2086,5,3,5142,14,551105359,89,20,72,16,41,92,F,Major,74,39,68,11,0,12,7
1,2167,1,1,8506,0,740037568,147,5,600,0,6,113,F,Minor,55,29,60,1,0,8,4
1,2125,9,3,13416,8,1495876171,374,98,886,16,,116,B,Minor,86,56,89,5,0,37,3
1,2061,1,7,3679,0,372208246,45,94,67,0,,101,,Minor,59,74,76,26,0,34,5
3,2212,9,9,816,0,184466509,14,1,55,0,0,90,G,Major,90,52,55,33,0,26,24
3,2166,7,25,3535,30,464596625,77,65,62,6,3,100,B,Minor,90,61,86,19,0,9,5
1,1865,11,4,2832,16,515552456,47,65,79,13,122,154,E,Minor,55,43,86,1,1,55,4
2,2064,12,24,1414,0,113030369,46,8,64,0,0,93,G,Major,95,59,69,5,0,21,6
2,2209,5,6,9118,45,1496074717,112,116,150,24,48,94,C#,Minor,91,47,68,9,0,9,8
1,1970,1,1,32437,0,2206796158,346,121,4057,0,25,80,D,Major,76,55,41,47,0,19,3
2,2112,5,26,23713,0,1695026808,85,47,2762,1,0,179,C#,Major,57,10,83,7,0,8,20
2,2134,4,27,884,0,177443003,19,0,8,0,0,87,,Major,65,34,89,24,0,11,9
1,2018,4,8,3563,9,286712906,73,54,46,0,6,157,A,Major,49,25,30,47,0,22,3
2,2027,3,24,3685,50,336212277,86,127,194,12,159,103,F,Minor,77,50,68,73,0,16,15
4,2042,1,15,12229,0,882897154,193,56,664,0,18,117,D,Major,78,88,87,1,0,32,12
1,1961,11,22,1753,0,206552594,7,5,12,0,0,138,E,Major,68,12,33,52,0,9,13
1,2012,11,4,3897,0,263591532,21,84,137,0,2,81,E,Minor,59,17,44,98,75,12,3
1,1852,7,19,2136,21,619774853,88,53,47,0,9,126,F#,Major,60,21,57,47,1,32,3
3,2127,3,5,15091,0,1121794846,253,132,521,0,10,146,F,Major,55,72,59,19,0,9,3
2,2106,3,29,2546,41,354958609,41,107,52,15,186,91,B,Major,86,62,63,13,0,11,17
1,2059,10,1,3215,0,398969600,104,5,183,1,0,115,A#,Major,75,46,80,5,0,17,5
1,2028,2,25,2824,63,214269200,74,106,151,19,1015,156,D#,Minor,53,28,84,24,0,11,8
5,2203,6,2,217,0,30881889,3,11,3,0,0,108,F,Major,99,54,55,39,48,24,9
2,1883,6,26,5253,0,737611370,82,8,98,0,4,127,G#,Major,81,41,64,2,0,8,6
1,1925,1,1,9349,0,744302732,141,5,525,0,6,124,F,Minor,61,30,60,1,0,9,4
1,1879,7,25,8397,30,775321163,115,118,156,4,211,139,,Minor,61,57,57,53,0,29,4
2,1925,4,1,2475,39,477055729,29,60,45,8,81,85,F,Minor,76,46,79,33,0,7,6
1,2203,8,25,482,0,118597535,10,1,11,4,3,144,D,Major,89,66,49,53,0,16,6
1,2188,1,33,18962,24,2609622428,228,117,2698,10,29,123,A#,Minor,77,73,82,4,0,25,12
1,1823,10,23,10448,0,376326931,123,67,287,0,0,95,D,Major,48,85,83,38,0,32,3
1,2083,7,28,7222,9,566293456,231,93,318,24,23,104,G,Major,81,69,67,4,0,7,13
4,2011,8,18,915,0,157227898,14,1,13,0,0,102,A,Major,87,44,70,5,0,6,8
2,1825,6,23,185,10,60891103,20,120,8,1,81,127,A,Minor,82,84,57,33,0,14,4
1,2135,1,1,4009,0,379247814,71,29,279,3,759,93,A,Minor,62,52,59,2,0,12,3
1,2019,5,20,625,30,164844539,15,164,16,6,95,122,F,Minor,76,93,92,25,0,11,6
2,1987,13,20,3839,37,627824652,51,78,78,15,180,163,F#,Minor,86,57,73,5,0,10,7
4,1838,7,16,2814,0,111578740,53,6,123,1,0,130,A,Major,82,97,78,28,0,31,4
2,1840,5,12,2965,0,298414651,46,27,45,0,0,136,,Major,48,36,81,4,0,11,34
1,2195,8,1,26001,0,2162577163,306,121,4085,2,83,131,G#,Major,43,36,27,98,0,13,3
2,1828,12,19,3448,2,227805742,62,12,54,1,8,159,B,Minor,32,4,83,1,0,26,17
1,1928,1,14,2747,0,562521829,9,2,144,0,0,102,B,Minor,51,44,88,0,0,5,3
2,1998,6,24,293,9,41452749,8,7,26,2,77,134,F,Major,58,33,36,81,0,32,9
1,1924,7,10,1107,0,88683105,52,15,18,0,0,81,D#,Minor,65,31,61,4,0,17,4
3,1842,1,1,6126,0,302080073,87,35,155,0,0,104,G,Major,70,77,30,77,0,14,5
1,2210,7,15,4250,0,258569358,13,0,111,1,3,119,C#,Major,65,40,74,8,0,47,4
1,1833,5,6,822,3,352042836,11,26,10,0,0,129,C#,Major,81,47,73,13,0,12,5
1,2149,6,9,1112,0,93066152,46,13,17,0,0,83,D#,Minor,60,26,60,4,0,18,4
2,1834,9,20,2926,2,556753819,70,13,152,0,40,113,D,Major,82,36,76,13,0,11,9
1,1835,2,9,1894,14,378375561,1,46,20,0,19,151,A,Minor,45,33,41,33,0,11,10
1,2033,5,6,9306,38,1244996752,135,130,125,15,179,115,F,Minor,65,21,66,11,0,12,26
1,2033,2,2,20103,34,1487994054,72,84,875,1,167,178,D,Major,45,10,33,90,25,64,4
3,2041,1,32,514,4,206027034,26,3,41,0,0,116,G#,Minor,73,62,68,1,0,7,4
1,1889,1,1,16610,12,2663565106,7,0,1908,0,0,96,G#,Major,62,16,46,16,0,10,2
1,2193,12,9,1092,0,90949105,5,33,1,0,0,164,C#,Major,63,38,65,48,17,22,7
1,2151,2,16,2488,20,462000352,65,24,41,1,0,98,G#,Major,45,27,66,33,0,13,14
1,1833,7,18,4511,44,502992858,56,47,193,1,11,137,F#,Major,89,90,58,38,0,43,28
2,1954,9,10,14533,32,2309500948,207,90,1101,2,127,126,E,Minor,34,12,27,96,0,11,3
2,1998,5,17,1113,22,54685149,37,13,45,2,3,93,G#,Major,73,56,67,11,0,11,23
1,1849,6,23,2467,0,346227858,16,0,0,0,0,108,C#,Minor,60,4,57,11,0,17,4
2,1975,1,1,18262,38,1262530854,114,86,987,1,453,133,,Major,46,89,99,8,0,5,23
1,2174,12,31,40653,72,3697165217,645,209,3552,21,,176,C#,Major,47,40,77,0,0,10,7
1,1843,12,4,721,2,93578718,28,18,34,1,0,92,E,Minor,63,31,72,16,0,10,5
2,1880,4,27,367,4,76590387,17,7,39,1,30,123,F#,Minor,76,64,57,40,0,28,5
2,2018,13,20,2914,27,304626214,22,59,30,3,0,95,G#,Major,93,59,67,18,0,35,17
1,2111,4,10,2443,13,352442984,50,98,1,0,8,127,F#,Major,69,51,66,5,0,10,3
7,1932,11,18,2633,0,402038372,99,86,44,0,,206,,Minor,55,86,43,39,0,11,8
1,2111,2,11,3982,0,526633062,72,0,94,0,2,185,G,Minor,37,25,55,23,0,18,7
1,2054,1,10,242,0,71054210,0,4,25,0,0,159,G#,Major,44,61,88,0,0,25,5
1,2123,11,31,9241,4,1093811882,41,76,396,0,3,80,A#,Major,56,30,56,7,15,11,3
1,2117,12,2,2225,35,341567590,30,67,32,5,3,95,G#,Minor,81,64,77,11,0,32,5
6,1881,13,12,125,4,140068869,21,80,2,0,0,116,G#,Minor,75,59,72,6,0,14,4
2,1909,1,10,5444,45,759949187,131,100,246,27,24,122,D,Minor,78,48,63,27,0,10,5
2,2195,5,11,251,4,67147406,7,2,32,1,12,115,A,Minor,81,53,43,27,0,21,70
1,2213,11,20,1807,0,228903304,6,5,14,0,0,128,E,Major,62,13,35,58,0,10,15
2,2117,9,19,723,15,257737512,18,62,17,5,52,106,B,Major,79,90,56,51,0,5,2
1,2136,13,8,21284,35,1830691276,81,70,507,0,15,108,A#,Minor,64,42,48,28,0,6,34
2,1990,7,16,662,5,294912590,16,87,4,2,0,138,,Major,72,76,82,32,1,13,4
1,2094,1,25,329,0,100398851,11,59,13,0,13,124,A#,Minor,70,78,82,1,0,18,9
1,2060,5,13,1438,0,46489390,2,0,9,0,0,162,C#,Minor,40,15,25,74,0,12,4
1,2193,9,8,1709,35,330386218,17,21,20,3,4,111,,Minor,70,49,55,88,12,10,12
2,1987,5,23,880,0,159530261,19,0,14,0,0,73,B,Major,89,72,52,78,0,11,33
1,1989,4,23,3563,12,445922617,63,78,47,16,112,116,G,Major,57,22,37,38,0,13,3
1,1937,12,31,41141,66,3692953853,608,196,3146,20,,161,C#,Major,53,38,85,0,0,9,8
2,1810,1,1,37837,22,1148291562,302,99,4886,1,56,117,C#,Major,67,64,76,3,0,10,4
1,2016,1,1,916,0,459988152,50,0,6,0,0,172,A,Major,50,88,59,37,0,17,4
2,1881,6,23,907,36,54158525,42,83,57,3,169,130,C#,Minor,73,79,86,17,0,42,5
2,1923,1,14,561,15,334728318,11,83,6,1,32,100,,Major,65,41,58,6,0,9,7
2,2133,11,22,17190,0,830288464,77,63,4554,0,0,87,F#,Minor,80,57,79,4,0,41,22
1,2091,5,28,6418,41,1312744276,136,105,177,14,198,135,G,Minor,90,78,63,61,0,21,4
2,2186,5,30,1374,38,191085154,18,158,32,11,142,126,F,Minor,81,75,68,28,0,12,5
1,1884,7,9,1640,2,650174078,76,139,76,0,2,135,A,Major,75,63,68,1,0,36,4
4,2097,10,27,1097,0,124632891,19,0,43,0,0,131,E,Minor,85,50,70,31,0,7,39
1,1891,13,8,1742,0,248653390,24,76,13,0,9,143,,Minor,73,35,56,43,0,17,6
1,1958,2,20,5933,4,965453215,102,118,225,0,35,140,,Major,67,58,48,58,0,13,5
1,1991,7,1,593,0,148439709,6,49,12,0,0,87,D,Major,72,32,70,1,0,10,4
1,1905,3,12,1304,6,232604993,18,9,16,0,4,120,F,Major,83,70,48,38,0,9,6
1,1879,1,27,1043,5,155790055,8,62,71,2,46,145,F#,Major,53,62,85,19,0,84,8
1,2023,6,22,2456,0,354399417,15,0,0,0,0,96,C#,Minor,67,4,63,12,0,20,4
1,1974,12,9,825,0,57502633,13,21,0,0,0,159,F,Major,77,71,66,30,0,11,11
2,1941,5,14,1780,0,58415108,1,0,3,0,0,164,A,Major,73,25,53,31,0,31,29
1,2163,5,19,4836,1,367957303,85,11,68,0,1,115,B,Major,70,38,71,27,6,12,4
2,2146,5,6,1154,0,374286747,7,30,14,1,1,101,C#,Minor,76,43,68,77,0,10,36
1,2047,8,14,569,40,16307924,35,117,37,5,235,132,,Minor,86,39,67,58,0,9,20
1,1895,12,8,8587,71,1060097750,180,152,145,12,181,97,G#,Major,67,47,70,5,17,16,4
3,2041,12,2,3133,14,438429691,41,69,40,0,38,118,F,Minor,66,49,59,13,0,22,20
2,2135,9,14,1517,4,229840688,26,68,63,1,4,163,,Major,60,65,95,15,0,71,4
1,2134,4,22,2125,0,259476114,49,10,48,0,1,80,G,Major,42,19,70,9,0,8,8
2,1832,11,22,1051,0,266558099,18,5,20,0,0,82,D,Major,70,75,57,26,0,11,5
4,2138,1,5,720,3,253811384,32,0,13,0,0,159,F,Minor,69,55,42,39,0,37,4
1,2050,3,16,739,23,104142383,31,75,25,0,156,163,C#,Minor,79,71,71,6,0,10,10
1,2040,12,18,6541,18,1019086965,64,21,2,0,,114,G#,Major,66,43,52,93,0,12,4
2,2052,2,24,3641,44,537959117,94,81,81,1,15,66,C#,Minor,50,46,58,21,0,45,7
1,1834,8,15,2492,29,315500036,65,11,39,8,58,149,G#,Major,75,74,72,3,0,25,4
1,2076,5,25,518,0,72670264,14,16,7,0,0,100,F,Major,62,23,78,16,0,30,4
2,2011,10,25,1257,30,565367544,13,7,5,0,1,95,F,Minor,64,51,51,38,5,10,11
3,2080,5,10,721,2,116932994,16,0,23,0,31,131,D#,Minor,72,77,36,47,0,7,41
2,2218,2,21,411,11,95943029,12,14,13,3,1,130,F#,Major,88,68,86,43,0,11,28
3,2171,11,5,4962,0,345974354,68,38,83,0,0,88,D,Major,67,83,64,6,0,37,4
3,2113,3,2,1115,37,159165076,11,40,18,0,1,91,B,Major,89,58,61,35,0,10,8
1,1878,10,26,23833,6,1685210647,64,0,6984,2,0,95,D#,Minor,55,37,87,1,0,33,6
1,2146,10,14,7062,0,469376584,5,0,281,0,0,156,G,Major,61,73,47,82,0,8,4
1,2018,11,22,478,19,189992783,4,12,5,1,2,159,D,Minor,73,79,47,61,0,11,37
1,2039,5,6,1062,27,439701694,5,26,10,0,0,159,B,Major,90,81,67,21,0,18,6
2,2186,8,22,30415,87,2792648318,267,150,2672,1,130,185,G,Major,61,50,64,16,0,12,27
1,1864,1,24,125,4,154608833,4,7,0,0,24,116,D,Major,57,20,47,95,0,13,4
1,2166,5,6,1042,4,196672139,14,52,1,0,63,132,F#,Major,48,52,70,44,0,14,3
1,2099,1,10,4176,8,842202091,83,23,244,1,50,185,E,Minor,45,9,59,2,0,12,5
1,1918,7,24,6895,23,576243418,26,88,59,1,43,89,F,Major,49,45,63,54,0,9,3
1,2209,11,21,2093,0,326285906,11,17,13,0,0,112,G,Major,70,4,38,6,0,9,6
2,1912,12,4,9048,6,662221071,247,112,243,0,5,108,G,Minor,69,49,71,3,0,9,4
2,1908,5,1,309,12,101152111,13,101,9,0,51,110,E,Minor,84,35,81,10,0,11,5
1,1904,4,12,377,15,139088805,32,109,8,1,127,178,C#,Major,56,91,88,11,0,37,9
1,1906,11,15,7189,19,1218866021,57,20,2,0,,119,G#,Major,70,43,51,93,0,12,4
2,1924,5,17,4273,0,427278410,12,7,57,0,1,138,F,Minor,62,44,71,11,0,66,12
1,1792,1,1,10360,0,802221556,174,101,98,0,,115,D,Major,76,70,40,84,0,6,3
2,2019,6,22,266,9,43472509,9,6,27,2,72,120,F,Major,66,37,36,80,0,32,9
2,1896,6,2,168,3,40912083,5,6,4,1,32,106,A#,Minor,73,45,61,26,0,13,12
1,2087,1,1,4111,17,590351807,22,101,103,0,41,162,G#,Major,46,24,62,9,0,17,3
2,1883,4,27,794,0,194987988,16,79,23,0,0,132,E,Major,95,86,105,3,0,3,10
1,2056,9,17,22561,0,1076602803,111,1,702,3,0,112,A#,Minor,60,20,60,69,0,6,6
2,1998,8,15,515,161,132942518,42,252,45,10,810,118,B,Major,79,92,84,32,0,8,4
1,2212,5,2,661,0,236390137,17,68,9,0,0,95,G,Major,84,43,57,5,0,13,15
1,2055,1,5,179,0,885724780,0,0,5,0,0,83,F,Minor,42,23,40,40,0,23,3
1,2193,11,2,11831,8,1256565939,203,70,274,7,15,119,D#,Minor,77,51,61,43,1,9,4
2,1890,5,7,2509,22,658485197,28,80,24,2,0,120,B,Minor,81,38,73,2,0,72,4
1,2073,1,8,2909,5,409339001,13,95,31,0,3,138,A,Minor,71,65,52,4,0,16,3
2,1915,9,26,167,6,72257616,9,85,2,0,41,131,F,Minor,77,82,72,64,0,9,9
1,2122,1,27,548,0,169245824,28,73,66,0,0,123,F,Minor,87,94,90,17,0,8,5
2,2087,2,4,1038,0,84489473,40,1,25,0,0,120,C#,Minor,81,51,53,51,0,12,40
3,2055,1,1,11664,0,417334836,68,71,115,0,0,102,A,Major,22,20,27,93,0,36,3
3,2149,6,1,1543,0,82289465,11,0,2,0,0,155,A,Major,85,48,72,0,0,8,23
1,1884,5,27,7320,46,1259695573,133,121,147,14,222,119,G,Minor,90,82,73,59,0,24,4
1,2136,13,9,2349,6,278161119,56,98,57,13,2,104,G,Major,37,27,31,74,0,18,3
1,2065,10,23,2691,0,347104265,105,18,203,0,176,140,D,Minor,62,33,73,14,0,10,5
1,2190,8,24,1330,6,174251314,28,6,19,0,5,92,D,Major,67,41,46,68,0,13,4
3,2171,5,7,4772,10,387076792,59,15,269,0,12,106,C#,Major,69,41,93,3,0,32,6
2,1941,12,8,1654,0,112309266,15,21,4,0,0,124,F#,Major,68,63,41,78,3,12,5
3,2045,10,23,4021,0,430245512,97,2,74,13,1,110,,Minor,75,65,63,0,0,13,4
7,1949,9,12,1595,0,245312889,75,0,0,0,0,88,G,Minor,56,61,76,9,0,14,12
4,1983,1,5,768,3,238558324,30,0,11,0,0,176,F,Minor,72,60,40,38,0,39,4
2,2134,11,2,435,0,83095987,2,2,6,0,2,78,F,Minor,30,51,53,70,0,44,6
1,1887,4,6,1790,3,106415362,44,5,46,0,20,97,F,Major,43,33,45,51,0,36,5
1,1937,2,22,9644,7,911980936,71,51,192,0,10,188,F#,Major,55,82,78,48,0,13,6
1,1912,5,11,1020,28,114620836,34,48,84,11,34,132,B,Major,81,37,52,90,0,11,13
1,1924,9,14,17662,85,1972503381,275,131,3508,20,,114,E,Minor,43,14,53,76,0,9,4
4,1845,5,20,3728,3,344834421,36,1,28,0,1,179,A,Minor,82,80,85,11,0,18,15
2,2150,10,28,3892,37,530557510,50,78,57,11,8,123,G#,Major,78,53,74,32,0,31,20
1,1849,4,12,552,0,140241411,5,30,13,0,0,109,F#,Major,90,42,58,1,0,13,16
1,2054,4,21,12890,26,1285829127,29,81,555,1,1,148,,Major,50,19,82,0,0,7,5
1,1826,5,13,2489,0,133248390,3,7,13,0,1,133,G,Major,78,46,46,72,0,15,9
1,2129,7,26,7800,36,726381172,194,93,445,15,53,141,G,Major,101,83,67,17,0,6,10
2,2099,12,4,1080,0,112047875,3,7,5,0,0,120,D,Major,67,11,53,1,0,27,24
1,2015,6,11,2278,0,208384642,47,2,27,0,1,105,C#,Major,78,64,72,0,0,36,9
1,2171,5,13,3658,0,156455050,19,9,30,0,0,95,A#,Minor,85,44,39,40,0,12,19
1,2088,5,29,171,6,142573252,1,10,1,0,1,152,B,Major,55,29,36,85,0,10,4
1,1825,6,24,1607,0,116287194,39,0,22,0,0,158,F,Minor,70,24,58,14,87,11,5
2,1995,12,3,561,0,70199491,2,0,7,0,0,89,C#,Major,78,89,70,4,0,8,6
2,2083,5,13,3191,0,119122525,4,0,24,0,0,147,A#,Minor,58,49,76,20,0,10,34
1,2042,11,6,406,1,262098152,5,0,5,0,0,90,G,Major,61,25,36,88,0,9,3
1,1920,11,6,5681,0,783477802,88,86,190,0,13,94,B,Major,77,19,48,22,4,35,8
3,2065,1,1,53877,0,990882227,192,1,8824,0,0,121,F#,Minor,76,87,83,4,0,11,4
1,2159,3,33,2085,0,266153465,74,10,46,0,13,157,F,Major,56,62,62,2,0,53,4
1,1882,11,21,8787,55,940227378,252,145,175,10,285,96,E,Major,64,49,58,13,0,21,5
4,1962,6,8,844,36,62547187,21,49,21,9,105,178,G#,Minor,59,60,85,15,0,37,7
1,2101,3,24,1105,0,250388025,30,0,18,0,0,173,,Major,54,52,81,5,0,8,4
1,1969,1,1,39029,1,1424634570,212,149,6319,3,91,113,F#,Major,47,73,91,9,11,10,5
1,2011,9,23,2790,4,439360376,18,29,23,0,0,138,,Major,65,18,38,75,0,11,7
1,2074,1,26,1956,17,127520291,88,26,93,7,407,125,G#,Major,67,27,92,0,0,15,10
1,2203,6,9,637,44,122048668,20,106,24,4,71,85,G,Major,64,59,65,3,0,41,3
1,1938,4,31,2441,9,396225261,52,42,86,1,221,72,A#,Major,38,31,53,35,0,13,5
1,1961,7,29,4431,0,400092801,23,6,104,0,0,119,C#,Major,79,22,58,1,0,24,18
2,1992,3,4,435,13,154462983,8,13,12,2,31,94,D,Major,88,45,47,34,0,9,39
3,1883,11,9,20304,50,1698206209,375,133,1118,35,335,109,C#,Major,80,85,84,4,0,10,3
2,2143,4,15,1514,4,115225814,0,0,0,0,0,151,A,Major,90,71,72,14,0,10,17
3,2093,10,10,20370,53,1454065391,394,130,1060,36,336,110,C#,Major,77,92,73,4,0,10,3
1,1921,7,29,7835,11,559730478,220,89,339,28,21,109,G,Major,72,68,73,4,0,8,14
1,1920,7,22,818,12,244657174,19,119,12,0,11,115,,Major,67,76,95,10,0,8,12
1,2200,5,19,3331,5,280844623,40,28,72,0,228,144,,Major,57,30,45,15,0,10,3
1,1974,12,15,1824,0,379080979,1,0,30,0,0,96,B,Major,68,73,62,37,0,9,3
1,2048,10,20,8404,55,963554547,240,131,149,8,313,95,E,Major,63,56,57,11,0,19,5
1,2032,8,1,831,11,255832491,13,142,9,0,1,105,A#,Minor,75,73,70,22,0,9,4
1,2167,6,16,4575,34,701004224,75,59,106,19,215,91,C#,Minor,47,15,61,71,20,23,3
1,1871,5,13,1029,0,41987741,0,0,0,0,0,110,G,Major,42,75,44,86,0,9,9
1,2084,10,21,2796,9,538591723,81,34,83,5,28,122,B,Minor,82,100,89,8,0,14,3
1,1854,6,9,736,48,115299402,18,109,25,4,81,95,G,Major,65,62,63,3,0,36,3
1,2079,5,9,3064,3,843404767,24,19,117,0,13,191,A,Major,35,42,87,0,63,5,5
1,1927,10,2,12158,7,1094749277,203,75,263,6,17,140,D#,Minor,81,53,57,36,1,9,4
1,2186,7,7,543,39,50277150,70,111,45,1,145,131,F#,Major,72,80,78,6,0,6,3
1,1819,4,18,6122,0,1151815229,155,20,305,0,1,131,E,Major,66,7,41,77,0,8,5
1,1877,1,1,8123,0,432126242,112,130,78,0,0,139,,Major,72,74,37,60,0,16,3
3,2136,5,25,6988,0,543443757,89,5,61,1,0,181,F#,Minor,67,74,62,11,0,8,16
1,2135,5,5,737,0,39903463,37,3,27,0,48,170,F#,Minor,49,42,74,10,0,35,5
2,2023,2,3,342,11,146494229,4,58,4,2,36,173,A,Major,61,76,58,8,0,6,5
1,2001,7,24,5895,2,701971405,78,0,246,13,,90,F,Minor,68,48,67,60,0,13,4
2,2069,8,14,641,5,271728433,14,85,4,2,0,139,,Major,83,74,69,30,1,14,4
1,2200,5,12,1472,0,34019451,1,0,4,0,0,81,G,Major,44,57,36,78,1,46,38
2,2026,7,16,1420,0,100160931,0,0,15,0,0,78,,Major,78,64,74,6,0,18,22
4,2064,12,1,10442,0,426799886,128,1,405,0,0,159,D,Major,36,39,66,35,0,78,3
1,1939,10,15,7870,0,437237251,5,0,288,0,0,157,G,Major,62,71,45,81,0,9,4
1,1900,5,22,3354,0,750630269,19,21,107,0,8,184,A,Major,40,20,28,93,0,31,4
1,2104,6,2,276,21,59382606,9,92,5,0,75,105,F,Minor,84,64,73,9,0,7,36
1,2212,6,10,1978,7,218116476,109,76,111,1,7,90,A#,Minor,60,82,71,30,0,23,8
1,2012,6,18,3052,0,182383328,40,108,25,0,2,148,A#,Minor,82,8,47,9,0,10,13
1,2113,9,2,872,0,160186231,11,1,8,0,0,141,E,Minor,71,26,81,7,0,54,21
1,2141,11,18,718,12,292484391,22,93,11,0,3,100,A#,Minor,83,83,79,8,0,11,7
1,2006,1,1,4176,0,335474422,68,27,256,3,661,103,A,Minor,53,47,70,2,0,14,3
1,1977,6,4,10156,29,1323019429,123,83,178,4,0,190,C#,Major,67,41,61,27,0,13,11
1,2051,10,1,4739,4,776675059,72,95,162,19,401,209,A#,Major,36,27,56,64,0,19,4
1,1878,11,2,228,7,166027261,6,6,0,0,46,121,F,Major,53,17,42,69,0,10,3
1,1897,12,9,7576,79,1084262830,189,157,166,13,190,93,G#,Major,61,41,68,5,17,16,4
3,1933,1,17,2797,0,76540928,36,47,28,0,1,139,C#,Minor,82,6,82,5,21,6,6
2,1979,2,9,630,25,332352806,9,117,6,3,58,132,A,Minor,59,91,61,22,0,10,6
3,2105,10,8,2906,2,419290848,94,71,56,0,15,92,A,Minor,68,60,80,17,0,23,5
2,1887,3,3,601,2,105578929,22,85,9,0,8,98,B,Minor,63,77,75,51,0,8,14
1,1978,4,21,260,12,120599109,6,90,10,2,9,79,G,Major,77,86,79,34,0,46,28
1,2148,13,10,2388,6,285390629,64,97,59,14,2,102,G,Major,35,29,28,85,0,18,3
2,2222,5,4,677,14,116383987,25,15,66,4,180,131,B,Major,88,57,102,49,1,9,5
1,2048,10,23,24397,6,1744171598,57,0,6646,2,0,104,D#,Minor,60,43,81,1,0,33,6
1,2106,5,7,2710,0,77025177,31,0,29,0,0,91,G#,Minor,78,78,87,18,0,7,36
3,2051,6,2,1220,40,100653418,42,67,60,11,102,105,A#,Minor,69,18,60,8,0,10,5
1,2089,9,1,852,12,256523415,15,147,8,0,1,102,A#,Minor,87,69,62,26,0,9,4
1,1851,4,7,1086,0,107303303,30,9,15,0,1,171,D,Major,72,21,57,2,0,9,34
2,2004,1,15,6356,0,1094739763,71,49,400,0,1,171,A#,Minor,88,76,79,14,0,30,31
1,2154,4,8,2958,8,275146757,61,59,46,0,7,142,A,Major,52,24,36,46,0,20,3
3,2077,1,1,10816,0,418207051,69,77,124,0,0,94,A,Major,21,19,27,88,0,37,3
1,1943,1,1,3726,0,369334729,60,24,268,3,718,92,A,Minor,57,45,70,2,0,13,3
2,2070,6,2,170,3,47557003,5,6,4,1,36,95,A#,Minor,67,47,62,28,0,12,13
3,2040,8,24,3449,28,512057050,73,63,68,6,3,104,B,Minor,80,63,88,21,0,9,5
1,2052,3,19,663,0,223824818,6,198,18,0,0,111,C#,Major,62,76,79,16,0,7,42
1,1895,6,18,5059,0,203844220,71,85,57,0,11,120,E,Minor,49,5,67,11,2,14,7
1,2097,1,1,15140,0,698065210,175,177,209,0,,139,G#,Major,74,80,43,71,0,45,5
2,1781,1,1,11412,0,431016397,129,102,395,0,0,135,D,Major,63,79,31,89,0,32,6
1,2114,1,1,20303,0,1255862977,279,121,1363,0,,114,B,Minor,73,95,66,30,0,45,3
2,1819,6,21,657,52,54345449,1,57,8,0,1104,127,A,Major,66,83,88,66,9,9,8
1,2102,11,27,3041,20,553881215,65,43,125,1,93,125,F,Major,68,45,66,9,0,10,3
1,2209,1,1,5589,0,539227664,91,21,333,0,107,83,G#,Major,52,27,83,10,0,34,7
1,1860,8,7,1917,13,695709542,1,9,3,0,0,152,G#,Major,57,4,64,7,45,8,3
1,2213,2,18,1484,2,139928900,66,6,44,0,146,100,F,Major,61,73,78,6,0,35,3
1,2056,9,14,1002,0,83164873,35,41,14,0,3,148,F,Minor,71,21,70,0,0,11,43
1,1890,3,21,1570,43,133517837,44,113,52,14,405,83,C#,Major,66,58,80,7,0,10,4
1,2017,6,27,4853,0,506302777,44,19,71,12,0,84,G#,Minor,86,80,69,33,0,9,16
1,2092,9,5,2576,0,387836838,21,14,69,0,6,156,A,Major,33,28,91,7,0,8,8
1,2034,7,14,3909,6,266193741,42,0,169,2,67,149,G,Major,68,94,70,8,0,8,11
1,1939,10,8,19075,55,3042143008,476,122,1852,0,,100,C#,Major,48,44,43,75,0,11,3
1,2084,1,7,662,0,42709618,0,2,2,0,0,92,F,Minor,50,50,46,78,0,9,12
3,1822,1,5,2031,0,380728534,64,7,75,16,6,113,F,Major,56,44,46,63,0,29,5
2,2192,5,1,314,13,95521746,15,111,8,0,46,99,E,Minor,88,42,90,10,0,10,5
1,1868,1,1,19200,3,1624950816,147,26,1898,0,27,74,F,Major,73,53,45,51,0,8,4
1,1850,8,15,733,7,198610406,2,4,6,0,0,87,F,Minor,67,34,45,28,0,13,10
2,2009,1,1,28847,29,1159828086,66,114,644,0,467,153,E,Minor,67,39,48,7,0,23,10
8,1898,6,1,1244,32,132793139,21,30,32,8,173,132,,Major,76,60,65,12,0,10,4
2,1949,3,1,924,5,146681070,7,32,49,1,28,149,F#,Major,62,70,91,30,0,86,5
1,2190,6,7,141,22,38611307,29,97,7,2,5,81,G#,Major,51,21,57,1,0,16,3
1,2073,13,9,1122,0,99767419,15,69,8,0,0,70,A,Minor,70,57,23,79,0,12,9
1,2132,5,2,594,0,228519183,18,74,9,0,0,94,G,Major,91,44,68,5,0,12,14
1,1916,1,10,431,0,226423821,10,51,16,0,0,134,G,Minor,80,68,68,50,0,39,4
2,2008,12,12,4329,3,357662239,77,94,548,6,4,135,,Minor,75,85,28,98,0,12,5
1,2098,5,21,1952,0,251096109,12,2,29,0,0,126,G,Major,56,18,56,67,0,6,5
2,2074,5,29,2553,0,253012887,16,45,47,0,3,90,F#,Minor,67,33,43,41,0,39,13
1,1846,8,25,612,0,198648756,15,72,14,1,2,130,D#,Minor,78,83,89,14,0,30,11
1,1980,4,14,9160,0,720929206,262,46,285,21,22,108,A#,Minor,92,74,68,10,0,37,7
1,2088,9,27,6058,0,501357396,140,101,243,0,0,150,G#,Major,49,64,81,0,0,22,5
1,1996,6,27,24778,63,2748275292,406,157,685,27,,87,B,Major,83,54,56,43,0,10,10
1,1953,11,16,1741,0,433871332,1,0,28,0,0,96,B,Major,70,80,54,35,0,9,3
2,2119,6,2,224,0,23279788,3,3,6,0,0,137,B,Major,84,26,74,4,0,23,11
1,1819,3,28,9097,0,747229487,213,78,576,1,1,109,F#,Minor,74,95,95,5,0,31,9
1,1859,10,15,9737,0,638530511,185,115,145,0,1,212,G,Major,25,81,63,78,0,12,4
2,2172,5,29,1342,37,183647146,17,142,32,12,143,141,F,Minor,82,80,69,26,0,12,5
3,2174,1,8,1339,0,89725759,7,18,7,0,0,123,C#,Major,40,24,66,38,0,61,3
1,1852,1,7,4638,0,327633210,88,70,139,0,,134,G,Major,73,95,85,3,0,7,9
1,1931,5,20,3565,5,292546118,40,30,73,0,198,134,,Major,60,31,47,15,0,9,3
1,2221,9,23,2670,0,324478019,103,17,200,0,178,154,D,Minor,68,34,69,15,0,8,5
2,2220,6,29,792,37,66069538,37,103,43,13,206,115,F#,Minor,78,76,78,14,0,56,4
1,1984,9,22,7598,106,878436933,123,201,117,13,599,178,A,Major,60,60,79,11,0,11,16
1,2143,1,7,681,0,40169279,0,1,2,0,0,111,,Major,40,50,99,12,0,4,31
1,2080,4,13,2325,35,173278467,59,83,58,3,486,176,D,Major,51,38,87,0,0,13,5
1,2034,7,1,621,0,144715708,5,57,11,0,0,90,D,Major,82,33,77,1,0,10,4
1,2013,1,9,2137,0,105941356,41,123,399,0,2,83,D,Minor,51,55,55,35,0,22,10
1,2078,4,18,1792,0,144156312,4,2,46,0,0,98,E,Minor,73,30,47,78,26,12,3
1,2013,6,21,500,37,504475163,4,3,19,0,0,94,F#,Minor,80,48,72,13,0,7,4
2,1843,11,31,11577,19,1638393765,180,166,518,8,27,106,E,Minor,80,13,60,36,0,11,5
2,1848,6,20,14749,2,2384710154,416,52,1834,1,7,122,A,Minor,72,80,48,4,0,8,3
1,2186,7,21,3098,2,317720151,68,82,62,0,27,132,E,Minor,41,9,24,86,1,15,4
3,2135,5,10,667,2,139751860,18,0,24,0,30,127,D#,Minor,69,77,37,42,0,7,43
2,1840,12,4,1148,0,111373766,3,8,5,0,0,116,D,Major,59,11,51,1,0,26,26
1,1873,9,19,9586,2,1768187476,295,69,1080,1,18,98,B,Major,79,62,32,78,0,7,5
1,1833,4,5,755,7,335645733,26,121,14,0,1,112,C#,Minor,66,58,68,0,0,30,4
2,2152,3,28,4159,15,730568761,31,77,138,0,28,119,A#,Major,35,19,67,14,0,18,3
2,2083,9,17,1478,4,208536058,26,65,68,1,4,149,,Major,66,64,93,15,0,71,4
2,2024,13,1,580,10,275579518,10,74,8,3,13,137,G#,Major,61,91,64,43,0,15,12
1,2048,2,30,1285,0,315868441,14,1,14,0,1,93,C#,Minor,75,87,86,20,0,27,4
2,1866,12,2,415,0,71387757,2,2,6,0,2,73,F,Minor,31,47,61,83,0,40,6
2,2173,1,11,6064,44,791306288,124,113,272,29,23,121,D,Minor,79,48,57,28,0,9,5
1,2152,7,7,142,22,36856376,32,89,8,2,5,89,G#,Major,50,23,52,1,0,14,3
1,2005,5,13,1893,0,56174556,2,0,4,0,0,90,E,Minor,72,30,63,21,0,8,7
2,2055,1,1,31280,0,1168735034,135,83,6975,1,0,95,B,Major,78,52,77,19,0,6,25
1,2079,11,22,2246,0,287656762,11,16,13,0,0,107,G,Major,70,4,37,6,0,10,6
1,1969,5,15,462,32,102785203,10,121,7,0,138,134,E,Minor,79,64,89,3,0,25,5
1,1895,4,20,2017,0,240131066,52,9,43,0,1,84,G,Major,40,20,65,9,0,9,7
2,1917,2,21,4347,48,661014778,118,130,168,19,349,175,E,Minor,71,62,68,62,0,10,30
2,2089,9,22,7615,16,563461073,120,182,301,2,,122,,Minor,59,15,73,0,0,10,4
1,2156,7,15,2333,29,369683335,68,12,37,8,70,144,G#,Major,70,73,64,3,0,25,4
1,2003,10,10,4642,2,595273284,132,122,182,1,4,88,E,Minor,82,39,67,16,0,9,8
1,2206,8,31,2697,0,156799595,37,48,34,0,0,115,A#,Minor,52,50,60,0,0,15,10
3,1980,10,28,619,1,235828505,13,3,87,0,0,131,F#,Minor,80,55,59,37,0,13,28
2,1871,8,23,12548,0,1737692318,249,24,633,0,,99,G,Minor,75,78,74,24,0,25,4
2,1900,5,5,1838,8,520390994,7,23,17,1,0,186,B,Minor,65,54,83,23,0,21,22
3,2037,4,26,5037,14,504418885,126,88,78,0,33,81,C#,Major,47,36,59,31,0,7,35
1,1886,12,23,6644,19,720656884,42,91,221,1,47,146,G#,Major,70,42,50,17,0,16,23
1,1913,5,24,13858,20,1041596402,147,123,393,6,269,89,B,Minor,65,51,63,3,0,18,11
1,2068,11,9,21259,35,1797328647,81,59,484,0,13,91,A#,Minor,66,44,57,27,0,6,35
1,1823,3,15,367,13,154534600,4,65,17,1,10,132,,Minor,60,57,85,13,0,12,6
2,2021,8,5,5857,10,523165879,118,17,212,3,153,139,F#,Minor,61,19,80,1,0,16,5
1,2084,4,29,3098,22,1188228512,37,101,62,1,33,111,C#,Major,64,44,76,2,0,8,3
1,1976,8,6,6652,0,404961709,188,67,331,0,0,110,G#,Major,69,54,75,2,0,12,5
1,2106,1,29,1408,0,145239811,58,4,52,0,0,115,B,Minor,62,48,39,75,0,12,3
1,2060,3,25,21747,5,1491078166,36,0,7947,0,0,102,A,Major,52,22,90,0,0,62,4
1,2196,11,30,47040,67,4004441420,613,194,3683,21,,166,C#,Major,51,41,81,0,0,10,7
1,2108,1,1,10503,0,638403204,207,115,332,0,0,170,F#,Minor,63,91,59,49,0,9,4
1,2010,7,16,2181,25,367438863,71,11,39,8,68,148,G#,Major,69,68,70,3,0,24,4
1,1945,10,23,10298,0,383331083,115,67,274,0,0,83,D,Major,51,88,74,44,0,32,3
2,2223,1,14,889,2,299456685,32,114,88,1,0,118,,Minor,76,73,89,52,0,92,8
1,1860,5,25,6444,20,1277567644,0,0,897,0,0,143,C#,Minor,69,53,51,73,0,14,3
2,2096,6,30,10870,48,958353822,223,133,568,16,63,117,F#,Minor,70,25,60,56,0,16,9
1,2139,10,6,7405,0,247591476,114,48,300,0,0,144,,Major,67,66,65,17,0,19,3
1,2004,6,23,355,18,45502010,12,16,20,4,102,105,C#,Major,65,40,74,31,0,33,6
1,2172,8,5,32167,6,1669354644,124,24,8435,1,0,136,F,Major,54,20,41,80,0,10,2
1,1939,4,21,287,26,73083782,6,37,6,6,196,155,A#,Major,55,46,38,58,0,10,5
2,1985,6,3,5102,14,610157560,94,20,87,14,39,100,F,Major,74,46,74,11,0,12,7
3,2171,6,25,6437,0,529793562,91,5,68,1,0,179,F#,Minor,71,79,65,11,0,8,15
1,2146,5,19,2851,0,281109955,23,11,43,0,0,148,,Major,69,65,46,48,0,19,4
1,1881,3,26,1208,0,148649513,21,4,56,0,1,99,D#,Minor,66,97,88,6,0,38,4
1,1879,13,9,1078,0,61231834,5,10,1,0,0,93,D,Major,58,50,70,9,0,33,4
4,2210,6,10,2286,0,136362196,31,0,29,0,0,126,G,Major,96,14,60,1,0,8,6
1,1962,9,18,2373,0,185200666,11,6,25,0,1,156,E,Major,38,24,57,8,0,14,3
1,2155,4,8,2953,9,285572576,62,55,45,0,6,162,A,Major,51,27,35,46,0,21,3
1,1899,10,28,516,0,132379117,10,1,12,4,3,141,D,Major,93,77,52,53,0,14,6
1,2139,8,5,2295,14,277161556,76,92,64,0,142,82,G#,Major,40,42,70,20,0,7,8
2,2200,5,34,27773,0,2755927618,336,146,2332,0,47,98,G#,Major,81,66,53,45,0,12,3
1,1866,2,12,534,5,267517678,4,121,22,0,1,143,D,Minor,53,54,80,28,0,11,7
2,2136,6,14,4703,5,252190957,96,51,119,12,0,130,,Major,77,66,94,25,58,16,5
1,1832,1,1,19060,14,990134338,110,71,5367,0,556,173,A,Major,44,31,57,6,0,9,3
1,2111,6,21,251,26,85663935,15,141,11,5,153,122,G,Minor,76,94,86,9,0,10,9
1,2107,1,1,4240,0,387328582,71,28,287,3,705,96,A,Minor,63,49,60,2,0,12,3
2,2212,3,3,427,0,97487514,7,11,12,0,0,77,C#,Minor,60,77,70,51,0,10,36
3,1842,2,5,1724,9,192548417,0,0,20,0,0,125,B,Minor,67,39,84,1,9,14,4
2,2197,3,13,7018,26,448810721,172,78,187,0,157,135,C#,Minor,84,69,63,1,0,5,5
2,2071,11,11,4501,3,380706264,76,101,489,6,4,142,,Minor,74,86,30,103,0,13,5
1,2146,12,23,15476,0,507675156,203,30,432,0,0,112,,Major,62,23,51,0,2,26,3
1,2115,8,21,2106,15,537419180,59,115,71,1,13,90,,Major,86,70,67,2,0,25,10
2,1935,9,22,30674,81,2422050934,292,146,2290,1,146,171,G,Major,63,49,53,17,0,12,29
1,1860,3,22,13251,16,895119160,64,91,841,2,125,87,F,Major,37,16,51,2,49,11,3
1,1857,3,18,1853,0,692828797,3,0,66,0,333,174,,Major,54,56,61,11,0,47,7
1,1961,8,15,422,37,14306705,33,33,32,1,24,126,C#,Major,58,44,67,0,0,35,4
1,2181,8,18,3671,38,615124102,41,74,50,4,3,100,F,Major,89,56,59,10,0,30,7
1,1967,1,33,2279,21,472131193,51,112,14,1,312,184,F#,Major,52,50,62,46,0,16,4
1,2157,8,15,153,4,131935998,5,6,1,1,18,143,G,Major,74,38,45,44,0,10,3
1,2167,7,15,3626,6,233385297,40,0,168,2,73,147,G,Major,77,89,81,9,0,8,10
1,2100,12,10,882,0,66221543,13,21,0,0,0,145,F,Major,78,83,70,28,0,10,13
1,2086,5,6,2781,29,682961378,21,65,34,6,0,116,A#,Major,84,40,48,7,0,13,5
1,2111,7,27,2813,0,185208580,39,50,33,0,0,126,A#,Minor,59,48,59,0,0,17,11
1,1847,1,1,4682,16,642693580,26,106,105,0,42,161,G#,Major,43,24,65,8,0,16,3
1,1887,9,4,3359,0,271864133,21,89,144,0,2,80,E,Minor,59,20,42,99,73,11,3
8,2214,6,1,1178,28,128128639,24,31,33,6,194,120,,Major,82,67,72,12,0,12,4
1,1905,1,8,4013,0,355885991,49,82,65,0,,88,,Minor,65,78,74,28,0,33,5
1,2192,10,4,3757,25,869644512,122,197,3,0,,117,A,Minor,79,33,66,6,0,11,4
1,2090,2,10,3823,0,515778024,82,0,105,0,2,171,G,Minor,36,23,63,25,0,18,6
1,2160,5,20,3347,5,302509930,44,29,75,0,193,133,,Major,60,32,44,13,0,10,3
2,1986,12,8,1134,0,90726159,8,28,3,0,0,144,A#,Minor,67,68,66,51,0,32,9
1,1940,1,25,608,0,139474715,27,67,69,0,0,147,F,Minor,82,94,89,16,0,8,5
3,2015,13,2,3253,17,441030624,39,64,36,0,35,123,F,Minor,76,47,63,14,0,18,20
1,2208,1,34,17253,22,2370350397,249,114,2956,11,28,123,A#,Minor,72,75,85,4,0,25,12
3,1972,6,2,251,0,40599238,5,17,5,0,0,148,A,Minor,84,26,50,18,0,23,15
1,2046,4,14,2632,40,189183491,58,92,64,3,496,162,D,Major,51,37,97,0,0,13,5
2,2087,2,2,2332,32,283195607,42,77,55,8,4,176,C#,Minor,81,55,83,37,0,10,24
1,2146,7,5,5746,12,479772559,3,1,36,1,35,97,F,Minor,58,51,87,0,1,11,4
2,2141,9,22,2381,0,195410617,101,56,32,0,0,95,F,Major,58,86,94,1,0,13,4
1,1933,5,13,1628,0,62610865,1,0,5,0,0,66,A#,Minor,59,56,47,74,0,8,39
1,1829,1,1,13327,40,1149093406,80,116,2001,5,481,115,D,Minor,59,43,62,0,0,14,3
1,2057,9,4,1493,35,355222057,16,15,21,0,0,134,C#,Major,61,51,42,26,0,11,23
1,1898,6,24,405,19,40464906,11,17,20,4,88,103,C#,Major,62,37,74,33,0,29,6
2,2198,3,21,719,3,96915526,12,3,17,1,1,119,B,Minor,70,84,77,51,0,16,33
1,1947,10,16,19669,79,1934468120,235,114,3718,19,,120,E,Minor,48,12,58,70,0,9,4
1,1965,1,13,12837,110,1384493306,312,209,787,55,1121,115,,Major,71,63,64,5,0,3,8
2,1897,2,11,709,27,334793592,9,97,6,3,59,155,A,Minor,57,79,60,24,0,11,6
1,1822,5,21,2642,0,288815442,23,10,40,0,0,155,,Major,69,66,49,53,0,20,4
5,2047,12,15,1872,17,233031898,19,8,29,2,0,104,C#,Major,81,77,82,17,0,7,5
1,2176,10,21,8523,0,1258199548,180,54,101,0,2,136,,Major,67,66,81,43,0,9,13
1,1863,7,30,2117,0,442214254,20,0,35,0,0,83,,Major,42,12,53,8,0,24,3
2,2067,4,1,1387,2,184099977,23,16,10,0,5,170,C#,Major,64,46,65,17,0,12,23
1,2048,13,8,737,0,49194653,0,8,2,0,0,134,B,Major,47,35,69,71,0,39,9
1,1920,1,18,2517,0,272260735,49,1,67,12,1,94,C#,Major,92,82,53,12,0,9,26
1,1854,7,12,4932,0,423757598,100,15,79,8,2,123,D,Major,97,94,87,6,0,28,22
1,2137,12,17,4431,0,428939523,114,7,184,0,0,89,C#,Major,50,60,75,9,0,3,5
2,2190,6,9,3785,2,281640720,109,68,84,1,9,130,,Minor,83,69,74,12,1,11,5
1,1892,8,13,658,7,191759461,2,4,7,0,0,84,F,Minor,60,33,51,28,0,13,10
1,2060,5,18,6949,8,779215586,179,39,200,17,54,111,A#,Major,75,92,66,31,0,11,5
1,1890,6,29,1472,111,132866793,92,196,94,14,909,136,F,Major,56,34,58,16,0,30,6
1,1855,9,24,51099,15,1890458567,325,95,5081,2,120,148,C#,Major,32,26,95,0,0,10,8
3,2190,12,2,6347,87,855377717,102,139,259,23,27,101,C#,Minor,76,17,66,37,0,8,5
1,2183,9,15,23253,0,1025294828,111,1,663,3,0,100,A#,Minor,65,22,54,70,0,6,6
2,1890,11,12,4837,27,561811888,123,88,112,17,366,97,D,Major,52,25,71,14,0,10,11
1,2082,11,9,2648,6,262122784,57,98,56,14,2,96,G,Major,39,26,31,76,0,17,3
2,2112,2,6,350,6,263357807,11,22,3,0,0,92,B,Minor,69,68,62,7,0,7,4
2,1865,8,28,6483,5,572714597,123,16,63,0,2,144,C#,Major,66,13,64,1,0,25,31
1,1930,5,6,2613,32,727687365,19,65,32,6,0,131,A#,Major,86,42,49,7,0,15,5
1,1835,5,8,2699,0,72541070,28,0,27,0,0,103,G#,Minor,79,76,82,17,0,6,34
1,1884,12,11,9427,0,438209861,31,62,98,1,0,117,F,Major,53,25,48,1,3,6,3
1,1895,7,1,575,0,151944397,7,49,11,0,0,97,D,Major,73,34,72,1,0,11,4
2,2060,3,3,420,0,97580639,7,11,13,0,0,75,C#,Minor,64,70,79,58,0,11,43
2,2038,9,22,1023,0,236652003,18,5,19,0,0,86,D,Major,66,72,67,29,0,13,5
1,2075,5,10,3078,3,895899511,25,21,113,0,12,174,A,Major,33,45,100,0,65,5,5
2,1899,3,19,671,0,205280485,10,2,13,0,1,95,F,Major,75,84,80,44,0,30,8
1,1960,7,25,7126,21,563662119,24,82,57,1,43,91,F,Major,49,42,66,53,0,8,3
1,1907,1,22,5611,29,621926784,45,17,53,1,2,93,A#,Minor,81,89,50,10,0,5,8
1,2127,10,17,20342,34,2397338052,451,120,1226,11,,95,,Major,52,58,87,11,0,36,5
1,1975,5,6,2814,28,702627199,19,69,34,6,0,117,A#,Major,87,46,47,6,0,13,5
2,1948,2,10,1501,0,147314810,45,1,36,0,0,132,,Major,55,32,31,99,0,29,3
1,1900,5,6,2712,28,687494827,22,59,36,6,0,133,A#,Major,85,46,45,7,0,14,5
1,2118,10,7,1632,5,221496739,83,69,318,1,187,127,D,Major,49,22,58,0,0,8,3
2,2118,2,10,675,27,351178346,9,114,6,3,65,141,A,Minor,55,91,66,24,0,11,6
2,1839,3,14,7519,30,435874232,169,87,175,0,173,119,C#,Minor,79,67,71,1,0,5,5
5,2056,6,15,2109,0,288673237,34,2,38,2,0,119,C#,Major,84,56,85,8,0,5,7
1,1903,4,18,2009,0,159914730,4,2,46,0,0,94,E,Minor,72,33,41,77,24,11,3
1,1872,4,7,31,0,68467090,0,0,0,0,0,91,A#,Minor,75,38,34,74,0,11,5
1,1990,10,21,9511,0,242228696,132,61,224,0,0,137,D#,Major,33,34,70,39,0,8,5
1,1862,8,18,9315,2,1699642759,274,63,996,1,20,99,B,Major,74,57,31,79,0,7,5
1,2070,4,19,1888,0,154399173,4,2,50,0,0,96,E,Minor,73,32,46,80,25,12,3
1,2017,11,20,1896,0,252653686,35,44,19,0,0,182,D,Major,67,36,57,2,0,4,31
2,2014,2,6,320,6,269375293,11,23,3,0,0,99,B,Minor,65,66,63,7,0,6,4
1,1990,1,10,429,0,192037228,10,56,15,0,0,130,G,Minor,72,70,67,44,0,33,4
1,1902,1,19,5710,30,639617098,48,17,50,1,2,98,A#,Minor,83,86,53,10,0,5,8
1,1874,3,3,183,2,198517774,11,4,0,0,0,69,F#,Major,64,76,46,72,9,12,4
1,2050,10,25,26967,6,1650468884,58,0,6943,2,0,112,D#,Minor,54,41,92,1,0,35,6
1,2051,6,26,8776,13,859274593,162,68,121,16,29,166,C#,Major,69,68,56,69,0,36,4
2,1977,4,19,1234,31,110797298,27,24,41,5,46,100,G,Major,80,43,66,9,0,10,15
1,1920,11,22,2266,0,349106602,12,17,15,0,0,113,G,Major,64,4,39,6,0,10,5
1,2001,2,14,358,0,171859044,10,20,7,0,9,93,,Major,75,60,69,50,0,7,4
2,2057,2,2,1276,0,148175914,31,1,30,0,0,135,G,Major,47,41,55,41,0,26,3
1,2018,1,18,2435,0,266674479,47,1,62,11,1,107,C#,Major,88,80,53,12,0,10,27
2,1914,10,26,1400,0,113683732,46,8,57,0,0,85,G,Major,82,59,62,5,0,20,7
2,1932,5,25,290,9,42222436,9,6,26,2,66,127,F,Major,59,33,33,69,0,38,9
2,2025,2,1,974,2,202838458,47,0,102,1,1,123,A,Minor,79,60,61,4,0,9,8
1,2089,4,5,163,0,55490662,16,14,7,0,0,117,G#,Major,75,23,54,46,0,6,3
2,1990,2,11,1544,0,148669307,48,1,36,0,0,140,,Major,54,31,32,94,0,26,3
2,1972,13,23,2981,0,245975973,58,19,161,0,21,116,G,Minor,93,74,45,61,0,8,9
2,1827,9,26,1499,0,211752196,31,49,32,0,2,145,D,Minor,57,18,63,19,0,22,8
1,1879,11,23,9960,0,429587397,108,73,236,0,0,95,D,Major,53,84,70,36,0,32,3
4,1993,1,5,772,3,252954835,33,0,12,0,0,161,F,Minor,74,64,42,38,0,37,4
1,2110,9,17,8010,0,851324944,171,7,311,0,4,97,C#,Minor,72,58,81,1,0,5,23
2,2013,4,27,3496,15,605662415,61,22,70,1,0,83,D,Major,80,87,52,16,0,30,7
3,1881,3,19,14511,0,1326847145,211,51,607,7,,91,,Major,62,51,71,38,0,38,18
2,1997,12,3,1326,6,249104255,24,65,73,2,6,173,C#,Major,60,66,99,29,0,93,5
1,1864,5,6,8334,42,1241264186,121,125,141,13,157,104,F,Minor,65,18,71,9,0,13,23
3,2031,4,27,5549,14,534217421,121,86,78,0,38,75,C#,Major,47,36,69,31,0,8,34
1,1928,5,14,1604,0,34489944,1,0,4,0,0,81,G,Major,43,57,41,83,1,53,41
1,1858,10,7,6207,0,856053932,79,81,186,0,13,94,B,Major,69,21,50,20,4,32,7
1,2058,12,22,8975,0,266543701,120,63,209,0,0,131,D#,Major,37,32,74,42,0,8,5
1,2180,10,4,842,2,103157147,25,18,34,1,0,98,E,Minor,59,34,65,15,0,12,5
1,1906,1,1,18745,15,1001360587,112,69,5360,0,512,176,A,Major,47,33,61,6,0,8,3
1,1853,6,14,2445,59,56131196,0,0,111,18,0,128,G,Minor,71,94,81,13,20,8,4
2,2023,7,26,11710,72,1081864977,308,174,540,41,700,129,G,Minor,60,40,99,4,0,34,4
1,2080,1,25,914,5,139561642,8,52,83,2,50,143,F#,Major,58,60,93,17,0,81,9
2,1846,12,10,682,4,202725693,24,3,0,0,0,88,C#,Major,52,73,63,14,0,33,8
1,1966,1,1,12410,48,1321116813,169,125,451,2,79,88,F,Major,68,52,73,10,0,14,7
1,2075,6,15,2058,65,56256829,0,0,116,18,0,135,G,Minor,66,96,95,11,20,8,4
3,2062,5,7,4509,10,430601719,56,15,241,0,14,102,C#,Major,73,39,96,3,0,34,6
1,2188,7,27,7234,34,730472775,166,96,429,14,57,137,G,Major,85,78,58,18,0,6,11
1,2067,5,12,1313,0,34587751,0,0,3,0,0,125,F,Minor,69,78,43,86,0,19,19
4,1979,8,16,862,0,160954039,13,1,14,0,0,110,A,Major,88,43,72,5,0,5,7
2,2097,12,14,2646,26,271188709,53,72,54,1,17,110,F,Minor,103,47,73,51,0,10,29
1,2068,1,1,31677,0,2094771456,370,131,3702,0,25,85,D,Major,77,56,48,51,0,18,3
3,2090,7,6,980,0,131639668,49,3,58,0,0,82,C#,Major,88,76,90,11,0,8,10
3,1974,8,17,281,6,368542036,25,94,4,0,0,89,,Major,63,45,60,54,0,9,3
2,1957,6,18,14843,2,2477431360,434,47,1716,1,8,110,A,Minor,71,72,55,4,0,8,3
1,2137,9,11,48454,9,1746402099,266,132,13143,4,148,120,C#,Major,55,76,94,0,0,11,7
1,2067,7,21,576,4,181803644,13,18,13,0,0,111,G#,Major,64,36,60,13,0,22,39
1,2205,6,20,401,20,43261080,12,15,16,4,98,101,C#,Major,62,43,82,31,0,29,6
3,2208,13,14,1348,20,212623248,40,23,55,4,92,90,F#,Minor,84,90,78,47,0,19,10
2,2020,2,3,355,10,146757807,4,70,4,2,38,167,A,Major,58,83,57,8,0,6,5
1,2171,5,21,4995,6,1147641434,181,128,224,0,5,111,G#,Major,79,75,38,0,0,5,11
3,1827,12,2,5765,85,799413867,117,145,221,22,28,101,C#,Minor,73,17,65,36,0,7,5
1,2109,5,22,1860,0,199438025,7,1,14,0,0,198,F,Major,64,80,73,34,13,19,3
2,2141,1,1,34677,23,1313103328,311,86,5029,1,54,123,C#,Major,71,56,79,3,0,11,4
2,1845,2,10,7090,26,681515680,136,98,167,5,27,101,E,Minor,80,95,72,10,0,14,8
1,2079,4,1,1286,0,178503923,19,0,31,0,0,133,C#,Major,68,39,59,16,0,10,12
1,1968,12,4,973,0,93042381,9,5,2,0,0,139,F,Minor,82,37,46,4,0,40,31
1,1887,12,13,9921,0,764109659,208,99,450,0,,145,G,Major,50,53,67,5,0,29,16
2,1907,2,2,211,4,95141592,8,77,2,1,1,124,G,Minor,66,89,66,23,0,10,4
1,2197,5,34,157,6,162430091,1,10,1,0,1,153,B,Major,61,27,40,95,0,10,4
1,1945,9,23,3273,12,927984769,7,0,190,0,2,142,B,Minor,82,17,23,83,0,10,24
2,1922,1,10,7212,2,704302273,108,159,414,0,44,109,D,Major,61,19,65,8,0,12,4
2,2146,8,22,12847,0,710071080,168,59,468,0,12,130,B,Minor,83,62,86,2,5,7,9
1,2105,5,22,2069,0,236829196,12,2,31,0,0,109,G,Major,61,22,56,66,0,6,5
1,1947,8,22,21933,27,824453578,115,67,272,1,41,144,A,Major,56,53,60,74,0,43,10
1,2223,12,11,5001,5,590920011,53,51,29,1,2,96,,Major,65,19,50,27,0,10,3
1,1908,5,6,862,3,364111422,9,24,12,0,0,128,C#,Major,81,54,67,13,0,12,5
2,1847,11,26,1328,0,168982726,12,1,11,0,9,113,F#,Minor,46,36,72,8,0,9,21
2,2225,3,17,1215,12,123059459,44,35,24,1,169,145,C#,Major,79,51,37,2,0,9,47
1,1861,12,16,2500,20,293548795,50,24,116,0,7,133,D,Minor,71,53,48,90,0,21,35
1,1939,10,15,23175,34,2096947527,400,109,1155,12,,104,,Major,59,59,78,13,0,33,5
1,2100,4,7,32,0,69577265,0,0,0,0,0,84,A#,Minor,68,42,29,82,0,10,5
1,2028,10,21,2242,0,203012110,11,6,25,0,1,140,E,Major,36,30,55,7,0,12,3
2,2018,2,10,739,25,320131114,10,102,6,3,66,139,A,Minor,51,83,67,22,0,9,6
1,2022,9,13,300,0,51133301,3,0,2,0,0,92,D,Major,78,68,57,6,0,14,7
2,1975,13,16,840,21,396785443,25,139,19,6,102,154,G,Major,51,72,60,32,0,6,5
1,1943,5,11,1019,26,115892879,40,54,82,10,28,153,B,Major,77,33,51,82,0,9,12
1,1891,1,1,19112,7,739151373,31,10,264,0,0,154,C#,Major,39,30,67,15,0,9,5
1,1997,12,9,1526,0,150851068,22,46,12,0,0,109,A,Minor,43,65,30,95,0,20,4
1,2024,4,26,292,11,89394995,15,106,10,0,56,130,G#,Major,83,36,81,17,0,16,10
2,2198,3,29,762,0,55684103,8,1,13,0,0,101,F#,Minor,49,49,83,39,0,40,20
1,1894,13,7,8101,0,1364578707,193,67,1050,9,70,123,B,Minor,70,55,87,13,0,37,5
2,1934,10,1,4566,27,316129847,207,114,154,19,64,122,G#,Major,68,73,77,7,0,17,9
1,1946,5,13,14270,5,2043135815,253,57,449,1,,155,F#,Minor,54,74,66,25,0,11,19
2,1895,3,29,15012,8,1966798360,207,14,594,0,55,94,F#,Minor,70,83,89,1,0,7,6
1,2154,2,20,8398,6,715695718,49,104,203,1,234,103,F,Minor,69,15,54,10,1,11,3
1,2220,10,15,10133,21,1417662435,266,89,649,24,9,140,F,Major,60,12,36,60,0,12,3
1,2126,2,9,3856,10,472174849,104,44,705,24,,97,B,Major,81,79,81,41,0,13,4
3,2093,7,15,6184,48,1839637412,211,44,6207,2,0,161,D,Major,68,89,94,3,0,11,8
3,1899,1,19,3133,0,75029431,43,41,26,0,1,138,C#,Minor,86,6,85,5,25,6,6
3,2192,7,24,281,4,358869121,8,22,2,0,0,100,F,Minor,92,45,78,8,0,14,7
1,2184,1,7,4257,0,325213206,88,72,142,0,,127,G,Major,65,99,84,3,0,7,9
1,2221,1,7,3916,0,333582753,49,93,57,0,,95,,Minor,60,75,69,28,0,31,5
1,2168,11,4,1056,0,101130115,9,5,2,0,0,149,F,Minor,81,39,45,4,0,39,29
1,1839,4,27,2229,0,270088236,27,45,23,0,0,127,G#,Major,82,28,68,6,0,13,32
1,2004,1,1,969,0,429388563,54,0,6,0,0,189,A,Major,53,87,64,40,0,17,4
1,2106,3,18,1869,47,136644113,52,101,60,1,0,98,F#,Minor,49,17,34,75,9,10,3
1,2123,10,12,10047,0,1146845938,36,77,59,0,1,92,D#,Major,49,25,43,57,1,17,3
1,1975,3,27,9376,0,844418730,235,89,562,1,1,103,F#,Minor,64,87,88,5,0,27,8
6,1911,11,13,118,4,130154799,23,79,2,0,0,118,G#,Minor,82,67,78,5,0,14,4
1,2054,2,32,4195,11,734979197,19,20,37,0,0,91,,Major,93,84,78,16,0,11,6
2,2029,4,4,306,7,134754424,8,82,4,1,1,144,A,Minor,73,88,82,30,0,7,4
3,1977,7,16,308,7,401143401,28,91,4,0,0,97,,Major,59,46,53,55,0,10,3
1,1985,5,6,1384,0,121021450,24,2,16,0,2,155,E,Major,48,7,51,32,0,7,4
2,2099,1,15,1020,2,274449495,38,97,95,1,0,121,,Minor,78,71,75,57,0,91,7
2,1825,11,1,582,11,279152941,10,75,9,3,15,137,G#,Major,63,91,59,42,0,14,13
1,2142,1,1,8003,39,851761981,98,112,144,4,84,87,D,Major,61,49,73,0,0,12,4
2,1974,5,13,2892,0,255032233,46,29,43,0,0,124,,Major,49,42,79,4,0,10,32
3,1930,12,2,2289,59,262796756,17,109,18,2,248,87,G,Minor,72,15,64,15,0,11,5
3,1927,7,25,3330,33,506631630,77,70,64,6,3,102,B,Minor,85,56,75,20,0,11,5
1,2192,13,8,959,0,61973858,3,18,2,0,0,165,F,Major,45,42,46,52,0,14,6
1,1997,1,22,2627,22,420563271,20,63,54,0,22,122,A#,Major,67,55,93,1,0,14,10
2,1845,5,14,1754,0,66083536,4,1,6,0,0,101,B,Major,69,52,75,31,0,9,37
2,2076,2,2,1256,0,145640767,33,1,31,0,0,113,G,Major,47,46,58,42,0,26,3
2,2223,6,21,1009,34,57067377,45,88,56,3,179,137,C#,Minor,74,77,88,18,0,45,5
3,2001,8,21,809,8,157054643,13,11,12,2,30,140,A#,Major,81,74,76,13,0,13,38
1,2209,3,25,10171,0,859543142,223,90,498,1,1,102,F#,Minor,75,97,87,5,0,32,8
3,2155,9,9,2665,2,429583370,94,78,65,0,17,97,A,Minor,73,62,81,18,0,25,5
1,1942,1,28,1720,0,126684050,100,41,106,1,61,185,F#,Minor,51,54,59,13,0,18,25
3,2034,1,8,3213,0,336448864,56,28,43,0,0,77,C#,Minor,80,53,46,1,1,13,20
1,1977,1,1,4854,0,197460893,57,79,889,0,0,164,G,Major,80,85,70,21,0,32,5
2,2153,9,21,2950,11,317534130,58,34,64,2,0,115,,Major,82,20,85,0,4,32,9
1,2087,5,3,2741,0,254468491,67,8,249,2,111,144,G,Major,48,21,57,5,0,40,3
2,1934,1,1,36002,23,1194212879,333,99,4700,1,59,140,C#,Major,80,56,74,3,0,10,4
3,2001,4,4,39630,22,2520216509,454,109,3305,0,28,99,C#,Major,84,35,67,1,0,34,5
1,1893,13,2,2148,37,379523213,29,69,32,5,3,105,G#,Minor,76,58,84,11,0,34,6
1,1876,5,13,3357,0,167966601,19,9,34,0,0,91,A#,Minor,82,44,43,38,0,12,19
3,2196,5,23,3122,43,766019988,35,0,4,0,0,109,D,Major,95,73,59,68,0,9,3
2,2115,6,2,222,0,27207718,3,3,6,0,0,131,B,Major,76,23,65,4,0,21,11
1,1851,11,11,4509,2,569686040,127,105,170,1,4,99,E,Minor,80,40,67,14,0,8,9
1,1891,11,28,26920,0,1428367706,422,142,2014,0,,137,G,Major,31,35,59,15,0,8,4
1,2000,6,11,310,0,115645536,5,37,12,0,0,119,D,Major,64,29,47,40,0,26,4
2,2203,1,1,17206,39,1194583123,112,81,900,1,546,137,,Major,49,85,84,8,0,5,26
7,1895,1,13,1078,1,256989347,21,5,12,0,0,186,F,Minor,65,78,82,47,0,7,31
2,1977,1,11,6070,47,732356330,114,106,243,29,23,130,D,Minor,83,45,67,27,0,9,5
1,2099,2,9,1676,14,413720892,1,47,20,0,19,137,A,Minor,45,40,45,32,0,10,10
2,2109,3,20,568,0,210464055,10,2,14,0,1,104,F,Major,81,88,71,42,0,26,7
2,1830,11,21,2772,0,261745082,54,15,139,0,20,100,G,Minor,87,67,44,52,0,8,9
1,2051,5,6,758,0,302389330,4,14,10,0,0,120,F#,Minor,83,68,68,44,0,33,6
1,1842,3,20,6451,7,1358290393,87,1,252,0,2,87,F,Major,52,23,45,67,0,31,3
3,2008,5,14,185,6,60073588,6,77,1,0,32,95,E,Major,59,56,54,51,0,12,4
1,2116,2,11,642,5,256935612,4,102,22,0,1,120,D,Minor,54,55,72,30,0,10,6
2,2148,9,20,2331,0,333982830,33,54,30,0,12,113,A,Major,61,21,33,66,0,12,4
2,2006,9,22,12247,0,695217353,166,68,474,0,10,135,B,Minor,79,67,81,2,5,7,8
1,2054,5,19,8163,8,727170479,180,40,217,18,56,112,A#,Major,71,93,73,29,0,11,5
1,2008,5,4,2984,2,526105951,19,83,0,0,5,92,A#,Major,75,53,71,4,0,5,25
1,2200,3,18,1982,0,781195273,3,0,68,0,386,161,,Major,56,47,58,11,0,44,7
1,1853,5,19,2147,1,253926150,7,1,18,0,0,173,A,Major,74,92,43,33,0,18,24
2,2212,4,23,4413,10,649989492,116,67,227,14,1,167,F,Major,69,54,65,22,0,8,35
2,1865,3,3,502,0,96352544,8,10,13,0,0,73,C#,Minor,60,66,80,58,0,12,43
1,1889,11,20,1824,0,187289031,42,35,49,12,4,149,G#,Minor,51,68,55,63,0,11,20
1,2070,4,8,1732,3,111448608,50,5,48,0,20,103,F,Major,41,38,38,50,0,41,5
3,2022,6,2,243,0,37141121,5,16,5,0,0,134,A,Minor,71,25,53,17,0,22,14
1,1949,13,2,3488,57,373347021,108,58,179,7,478,211,A#,Minor,56,65,45,57,0,10,7
2,1824,3,33,2478,42,344778705,40,97,55,15,201,102,B,Major,85,67,61,13,0,13,17
1,2029,13,10,1838,0,293595016,22,74,14,0,8,142,,Minor,74,33,59,47,0,16,6
1,2098,12,9,911,0,65505313,3,19,2,0,0,148,F,Major,44,42,47,58,0,14,6
3,2054,12,2,1712,0,204459814,13,24,12,0,2,90,G,Minor,51,23,65,21,0,18,29
1,1999,5,13,238,4,184157076,17,5,0,0,6,125,,Major,48,13,41,78,0,12,3
1,2131,9,1,4621,4,735498717,68,97,140,19,466,218,A#,Major,33,27,46,72,0,16,4
3,1875,5,18,1075,4,198797677,22,2,65,1,3,148,G#,Major,81,81,75,50,0,36,9
1,1905,10,31,27109,0,2274769813,557,80,1637,3,8,112,B,Minor,73,71,81,1,0,11,8
1,1972,1,1,31983,60,1922811426,315,65,925,1,0,98,C#,Major,48,48,74,41,0,15,4
1,2211,9,9,1818,9,424715531,51,25,31,0,10,147,B,Major,56,38,59,1,0,14,3
1,2021,1,1,7325,0,377217241,104,123,77,0,0,139,,Major,67,83,39,70,0,14,3
2,1978,1,10,7441,2,744897427,101,137,410,0,50,96,D,Major,61,18,74,9,0,13,4
1,2197,6,10,6222,7,949310089,112,41,155,3,32,166,G#,Major,42,27,31,87,0,14,5
1,2185,3,32,766,18,228854821,19,105,18,0,68,122,A,Minor,89,68,39,3,0,12,4
1,1880,5,12,2314,9,373992092,38,85,9,0,13,114,A,Major,80,67,78,25,0,66,3
1,2106,8,10,1114,2,269609733,30,2,5,0,6,74,F#,Major,66,83,71,42,0,6,4
2,2063,6,30,2682,0,257234624,14,47,47,0,3,91,F#,Minor,65,36,42,37,0,33,14
2,2137,9,21,714,14,227054931,19,54,18,5,55,88,B,Major,66,82,54,56,0,5,2
1,1966,7,9,1799,2,630475601,78,121,76,0,2,128,A,Major,76,60,70,1,0,31,4
1,2187,1,27,1337,0,146370641,53,4,47,0,0,102,B,Minor,72,51,36,68,0,11,3
2,2042,5,13,2830,0,114063821,21,0,24,0,0,130,C#,Minor,92,74,56,47,0,15,10
1,1992,9,4,2557,0,544665260,5,1,58,0,0,113,G#,Major,67,7,52,25,0,7,4
1,1973,1,1,4134,0,185685209,32,3,62,0,0,178,G#,Major,53,85,35,68,0,9,5
1,2159,1,2,1704,26,437593573,26,120,14,1,23,126,A,Minor,77,79,77,38,0,12,4
1,1992,1,32,2228,19,401743774,47,100,16,1,301,209,F#,Major,50,56,63,46,0,14,4
1,2164,1,1,19226,14,1124875945,343,75,1394,8,19,167,G,Major,67,102,82,5,0,45,16
1,2062,1,1,9564,48,267476060,23,116,286,3,385,150,D,Major,44,19,92,21,0,8,8
2,1888,1,15,900,2,289586813,38,105,93,1,0,127,,Minor,75,74,78,58,0,96,7
2,2081,6,22,4802,0,619397390,76,9,108,0,4,126,G#,Major,83,47,63,2,0,7,6
3,2201,3,18,14553,0,1566355394,252,47,621,6,,93,,Major,68,45,67,37,0,38,18
2,2111,6,9,3758,2,304935867,97,70,83,1,9,121,,Minor,96,66,84,13,1,10,5
2,1955,1,8,665,0,57488875,17,3,3,0,0,121,F,Minor,87,74,57,15,0,13,25
2,2063,10,4,328,2,133040049,9,6,8,1,8,109,B,Minor,66,88,64,3,0,10,3
2,1994,11,31,1840,12,386667669,20,4,14,1,3,104,C#,Minor,61,81,85,49,0,10,30
1,2072,2,22,300,0,134790405,9,68,10,0,0,184,B,Minor,41,30,70,4,0,6,29
1,1843,8,9,10100,4,595565260,22,0,767,0,0,99,C#,Major,38,17,28,69,5,10,3
1,2220,5,2,6337,5,247632036,136,59,138,0,103,122,C#,Major,63,64,100,2,0,27,11
1,1820,6,27,22728,64,2661072103,362,158,763,26,,88,B,Major,71,56,51,46,0,9,8
1,2049,3,3,307,0,56712961,5,15,0,0,0,138,D,Major,44,51,65,9,0,26,3
1,2053,9,9,1972,9,374917035,51,27,32,0,10,156,B,Major,61,39,57,1,0,14,3
3,1869,9,17,3738,0,345276811,76,3,66,0,3,100,C#,Minor,91,28,54,43,0,11,6
1,1949,1,10,12337,0,946742920,73,84,248,3,10,93,D#,Minor,69,69,76,3,0,10,3
1,1844,13,26,1285,0,64980761,30,0,18,0,2,106,C#,Minor,77,58,84,14,0,9,6
1,1827,6,19,2904,0,198827809,39,95,24,0,2,139,A#,Minor,82,8,48,10,0,9,15
2,2133,8,25,6412,5,606159114,104,16,62,0,2,125,C#,Major,68,13,55,1,0,25,32
1,1822,2,20,5460,4,881399548,108,116,209,0,37,125,,Major,63,62,42,52,0,12,5
2,1889,4,30,759,0,208695062,15,89,25,0,0,126,E,Major,83,98,89,3,0,3,10
1,2192,8,18,2563,25,688513509,77,57,53,0,10,120,F#,Major,54,22,52,43,1,33,3
1,2003,5,14,2221,9,348132505,39,85,9,0,14,118,A,Major,80,70,86,25,0,56,3
2,2161,9,29,10431,20,1876393390,203,169,499,10,25,100,E,Minor,71,14,54,36,0,10,5
1,2026,4,1,7026,4,1340291800,125,42,136,0,50,193,A,Major,40,20,64,59,0,42,8
1,1937,10,12,1495,11,200281029,24,37,24,1,0,178,C#,Minor,64,53,83,5,0,6,23
1,1875,11,10,706,0,49249540,2,16,1,0,0,119,D,Major,66,45,50,73,0,18,7
1,2137,11,1,11873,0,413113705,153,70,230,0,0,143,C#,Major,34,20,14,78,0,10,4
1,2215,5,15,1145,82,94668096,62,194,49,11,1008,136,C#,Minor,78,24,66,13,0,25,8
1,2206,8,1,727,12,272568985,13,143,10,0,1,103,A#,Minor,79,63,66,24,0,8,4
1,2097,1,1,832,0,400858914,53,0,6,0,0,163,A,Major,54,85,62,38,0,18,4
1,1962,1,20,2492,19,425147720,18,73,53,0,21,119,A#,Major,72,59,104,1,0,12,11
1,2037,13,6,12499,1,1500693591,255,73,550,2,5,102,G#,Major,65,55,75,2,0,11,5
1,1852,5,18,7264,7,779827911,152,39,208,16,55,122,A#,Major,65,85,74,30,0,11,5
1,2116,5,6,869,0,307191507,4,16,11,0,0,129,F#,Minor,78,66,65,43,0,32,7
2,1830,2,4,980,0,63429159,7,0,32,0,0,124,C#,Major,84,64,88,12,0,22,26
1,2026,1,8,802,0,30273577,1,1,3,0,0,106,A,Minor,42,21,44,74,30,14,4
2,1828,1,1,33237,0,1201408623,147,75,7010,1,0,89,B,Major,87,52,83,17,0,6,24
2,2083,11,9,1716,0,104825171,15,19,4,0,0,114,F#,Major,63,61,43,92,3,10,5
1,2163,9,15,18446,87,1640939675,253,114,3681,18,,128,E,Minor,49,14,57,69,0,9,4
1,2095,3,22,1313,0,181028977,23,1,16,0,0,168,G#,Major,56,45,76,1,0,17,5
1,2051,1,1,4857,0,552310787,83,21,347,0,112,87,G#,Major,56,28,81,10,0,33,8
1,1929,3,21,2985,29,207391912,126,73,107,3,724,104,D,Major,85,36,52,33,0,11,6
1,1951,10,13,1371,13,188944447,26,32,27,1,0,164,C#,Minor,61,57,80,5,0,7,25
2,2035,5,6,1727,0,121209580,15,3,3,0,0,103,B,Major,74,37,50,60,0,11,37
1,1862,4,15,8291,0,786554205,229,48,270,20,26,113,A#,Minor,91,65,81,11,0,33,7
1,2138,1,10,471,0,228693000,10,57,18,0,0,134,G,Minor,68,63,68,48,0,34,4
2,2030,10,20,1114,0,240733921,15,5,22,0,0,89,D,Major,70,83,58,30,0,12,5
4,2080,8,14,6248,0,432160529,117,10,209,0,1,117,G#,Minor,83,82,91,2,0,5,5
1,2222,9,31,1767,0,175319655,94,14,85,0,34,119,D,Major,60,48,83,5,0,16,4
2,1862,5,13,270,5,82637610,8,60,4,1,117,124,G#,Major,76,39,43,75,0,11,3
1,1902,10,19,4235,5,518458772,151,23,119,3,15,150,A#,Major,77,81,49,37,0,7,7
1,2104,3,28,593,0,73697534,31,9,11,0,47,105,A,Major,67,41,69,17,4,19,4
1,1838,6,22,264,26,81937783,16,143,10,5,162,129,G,Minor,86,94,93,9,0,9,9
1,1865,13,13,9782,0,775594052,244,112,457,0,,131,G,Major,42,57,69,5,0,29,19
1,1976,10,26,25310,6,1674240184,65,0,7107,2,0,107,D#,Minor,50,37,86,1,0,32,6
1,1972,4,31,2717,2,363200801,31,2,37,1,0,172,A#,Minor,77,69,73,6,0,11,33
2,2182,5,6,1135,0,310433278,8,27,13,1,1,101,C#,Minor,80,48,58,72,0,10,34
1,2206,6,30,79,8,29991719,8,81,3,1,101,134,A,Minor,75,84,72,1,0,8,5
1,2026,3,22,6377,7,1313067935,84,1,251,0,2,87,F,Major,51,23,43,65,0,34,3
1,1999,7,6,6732,0,402128184,188,67,354,0,0,117,G#,Major,82,57,68,2,0,12,5
1,1817,4,19,14030,26,1261256831,31,80,560,1,1,144,,Major,56,19,80,0,0,7,5
2,1997,10,28,3972,36,579924012,52,75,48,10,8,111,G#,Major,77,58,76,31,0,34,21
2,1998,12,21,475,4,92985096,6,1,23,0,1,91,C#,Major,58,37,36,79,0,12,32
1,1993,10,4,3588,0,308452692,20,94,149,0,2,86,E,Minor,56,20,43,93,77,12,3
1,1862,1,1,4902,17,671139846,24,92,112,0,43,148,G#,Major,42,23,60,8,0,17,3
1,2180,5,6,4386,34,961634843,78,114,77,9,2,104,F,Minor,80,29,72,30,0,11,3
1,2054,3,25,390,21,156601708,4,69,5,0,5,127,G,Major,65,34,69,0,0,37,4
1,2167,4,7,1971,6,189861715,57,66,40,0,177,148,A#,Minor,87,52,48,6,0,35,6
1,2104,1,11,244,0,72348163,2,13,10,0,0,137,E,Minor,57,42,92,10,0,64,6
1,1833,5,20,591,30,190953098,17,160,16,6,108,131,F,Minor,80,96,84,26,0,11,6
4,1930,7,14,3141,0,113738271,51,6,131,1,0,125,A,Major,73,83,73,25,0,28,4
1,1873,6,17,3082,0,190866689,41,102,23,0,2,137,A#,Minor,96,9,53,8,0,8,13
2,1977,2,2,186,4,94654228,8,76,2,1,1,123,G,Minor,67,78,64,26,0,12,4
1,2182,11,14,1049,0,88822039,36,38,13,0,3,168,F,Minor,78,22,62,0,0,11,48
3,1952,1,12,712,7,130890861,30,6,48,2,0,85,A#,Minor,73,91,71,3,0,29,8
1,2016,7,14,4225,35,786156947,64,55,112,17,229,101,C#,Minor,53,15,56,68,19,24,3
1,1999,13,8,762,0,52189791,0,9,2,0,0,116,B,Major,49,35,67,82,0,36,7
2,1905,5,34,10242,14,1271924067,172,107,389,7,0,192,D,Major,66,24,62,63,0,24,29
2,1853,11,20,3485,41,610841222,48,72,80,13,212,164,F#,Minor,73,56,78,5,0,10,6
1,1936,5,6,2111,0,162926915,33,0,3,0,0,146,B,Major,75,39,59,0,10,11,8
1,2180,1,1,31621,44,2016723009,162,106,3387,11,146,125,C#,Minor,62,53,69,6,0,13,4
1,1865,5,7,2995,0,72328420,31,0,30,0,0,91,G#,Minor,76,87,89,19,0,6,33
1,1836,11,14,1041,0,90804003,37,36,12,0,3,173,F,Minor,72,21,66,0,0,11,43
1,2116,8,5,28691,6,1645794339,134,27,8081,1,0,145,F,Major,55,23,46,74,0,11,2
1,2021,9,23,10050,0,364245808,43,26,1237,0,44,116,G#,Major,42,7,19,67,41,11,3
1,2066,10,30,437,8,212397969,9,109,14,1,27,118,F,Major,49,23,80,0,0,15,3
1,1966,10,22,1552,0,225759088,9,3,12,0,0,116,G,Major,78,10,46,21,0,29,16
2,1940,11,22,1489,0,198971928,42,6,15,0,4,83,D,Minor,80,40,70,29,0,14,6
1,2127,10,17,6566,0,430909610,83,1,291,0,0,147,C#,Major,41,67,23,92,0,18,4
1,1950,1,32,444,0,90213369,16,17,0,0,0,139,D,Major,63,84,85,9,0,8,4
1,1854,12,21,1215,21,394510935,30,136,11,1,51,138,F#,Minor,78,17,67,3,0,11,12
1,2111,10,17,1587,16,527896385,48,128,61,0,2,119,,Major,79,73,67,0,0,18,4
1,1968,1,7,665,0,36007658,0,1,2,0,0,123,,Major,43,54,97,11,0,4,29
1,2039,3,3,378,4,81490665,4,21,0,0,0,123,F#,Minor,60,71,87,0,0,39,3
1,1914,10,15,13017,0,730241111,33,0,503,0,0,87,E,Major,34,37,21,92,0,29,3
1,2073,4,9,3172,10,319772719,70,58,47,0,6,156,A,Major,55,25,30,44,0,24,3
1,2005,5,28,509,0,74915363,15,15,6,0,0,98,F,Major,70,23,78,14,0,32,4
2,1997,3,12,3367,0,282917802,76,2,49,10,0,112,G,Major,82,73,59,18,0,9,24
1,1930,6,16,3004,0,196749141,41,115,24,0,2,134,A#,Minor,89,8,51,9,0,8,15
1,2060,10,11,46298,9,1532036672,282,116,12675,4,176,110,C#,Major,51,79,94,0,0,10,7
1,1853,5,8,2992,0,67013942,31,0,28,0,0,96,G#,Minor,73,83,74,19,0,6,32
2,2046,5,15,5113,0,418761736,14,7,57,0,1,133,F,Minor,65,45,78,11,0,73,10
2,1931,11,10,4822,0,306834148,166,10,170,4,76,122,,Major,70,48,71,10,0,20,11
2,1859,4,14,1549,4,107104515,0,0,0,0,0,158,A,Major,89,67,66,15,0,9,18
1,2134,5,14,2973,0,128103689,3,8,12,0,1,122,G,Major,77,46,41,65,0,15,9
1,2175,12,8,921,0,64932710,5,8,1,0,0,83,D,Major,48,50,70,9,0,37,4
1,1909,1,30,20690,22,2585088647,271,132,2820,9,32,121,A#,Minor,74,80,79,4,0,23,10
3,1870,7,22,1066,75,63378320,75,146,69,16,1202,153,,Major,78,74,52,54,0,25,25
3,1979,3,2,1125,33,156644413,10,41,20,0,1,99,B,Major,79,58,68,34,0,8,8
1,2106,5,6,1426,0,139125083,24,2,14,0,2,135,E,Major,50,8,51,32,0,7,4
2,2089,11,4,1838,0,134732694,25,9,17,0,3,109,C#,Major,80,27,59,1,0,32,7
1,2009,10,19,1696,0,215046494,10,3,12,0,0,105,G,Major,80,12,54,22,0,27,18
1,2018,8,23,800,13,288217204,22,140,12,0,12,134,,Major,73,87,92,10,0,9,11
1,1830,7,6,538,41,50603032,77,108,46,1,154,114,F#,Major,69,87,78,6,0,6,3
1,1850,1,33,2465,21,457652896,54,115,15,1,316,200,F#,Major,54,50,62,42,0,16,4
2,2218,9,20,2865,12,282926330,53,32,61,2,0,114,,Major,86,20,75,0,4,31,8
1,2136,6,11,271,0,73090802,0,19,6,0,0,162,G#,Minor,63,70,81,4,0,23,12
1,2134,6,6,143,18,38405920,17,66,5,0,8,149,D,Major,54,21,65,1,0,11,3
1,1940,4,6,31,0,63423051,0,0,0,0,0,88,A#,Minor,65,40,33,71,0,10,5
1,2124,6,18,3003,0,177277687,39,99,25,0,2,147,A#,Minor,95,9,51,9,0,10,15
1,2154,3,11,580,0,59015496,10,4,4,0,0,105,D,Major,81,29,75,15,0,12,4
1,2060,1,32,411,0,80545430,16,18,0,0,0,148,D,Major,62,89,87,10,0,8,4
2,2115,3,28,1485,0,79859706,24,0,17,0,33,74,G#,Major,67,76,70,47,0,22,32
1,2083,1,8,757,0,57694912,1,8,5,0,0,85,A,Minor,26,10,50,58,0,49,5
2,1824,11,3,594,0,71087269,2,0,7,0,0,101,C#,Major,87,73,64,4,0,9,6
3,1896,10,20,1357,0,130492928,31,24,18,0,0,93,C#,Major,86,64,72,8,0,12,5
2,1972,7,21,482,4,289692379,11,46,3,1,0,95,G,Minor,84,67,56,26,0,11,14
1,2164,10,26,7541,7,1002757417,41,21,132,0,6,80,A#,Major,62,47,62,62,0,13,4
2,1822,5,7,1712,0,131353161,16,3,3,0,0,92,B,Major,71,36,57,67,0,11,38
1,2061,4,5,712,7,306596676,27,121,12,0,1,122,C#,Minor,68,58,65,0,0,34,4
1,2152,6,10,2326,0,217685376,47,2,27,0,1,110,C#,Major,76,59,81,0,0,34,8
6,2118,11,22,134,4,1396618,14,80,2,0,0,102,G,Major,84,58,67,11,0,35,7
1,1990,2,4,1799,0,122502570,26,1,57,0,0,71,,Minor,27,25,21,20,0,29,3
1,2101,1,1,30481,0,2313172604,376,123,4143,0,27,80,D,Major,79,62,46,45,0,18,3
1,2157,3,29,32479,1,1791544784,281,103,1439,0,5,151,C#,Minor,88,45,64,0,0,8,12
2,2119,8,1,5693,0,574497526,158,46,192,1,20,118,B,Minor,82,47,85,19,0,25,6
1,2205,5,20,3238,4,876524459,23,42,106,0,48,161,F#,Major,40,33,46,86,0,7,12
2,2157,4,25,902,4,65410748,17,13,29,0,43,131,G,Minor,83,33,74,21,0,9,4
2,1852,9,22,7778,43,1265916967,227,98,324,26,146,122,D,Major,68,26,44,1,0,29,9
1,1843,1,18,2712,0,283816543,47,1,73,11,1,105,C#,Major,82,74,49,10,0,9,25
1,2166,10,20,2058,0,181851656,11,7,25,0,1,153,E,Major,35,25,57,8,0,13,3
2,1850,2,2,1087,0,128268428,34,1,32,0,0,128,G,Major,56,47,57,37,0,28,3
6,2002,12,12,129,4,141584563,20,85,2,0,0,107,G#,Minor,72,62,79,6,0,15,4
2,1905,10,26,1414,0,199659381,11,1,10,0,9,117,F#,Minor,48,36,70,9,0,10,20
2,1942,12,16,886,21,383701362,29,118,20,7,110,163,G,Major,57,79,63,31,0,7,5
1,2055,10,17,739,9,251757539,38,26,59,0,251,135,A,Major,34,23,61,4,0,11,3
2,2065,6,22,293,9,41683785,9,6,23,2,68,123,F,Major,57,33,35,83,0,37,10
1,2130,5,7,1091,6,454123089,7,31,12,1,1,100,,Minor,82,21,51,29,0,12,5
1,2182,8,6,6492,0,409851750,182,73,344,0,0,126,G#,Major,75,54,76,2,0,12,5
3,2028,8,3,4844,0,629850423,46,46,47,0,3,153,F,Minor,85,23,34,14,0,6,30
1,2126,10,2,11372,8,1114117688,198,69,268,6,15,134,D#,Minor,74,54,58,41,1,9,4
1,2056,1,1,4873,0,727269032,88,103,546,0,,95,C#,Major,76,31,55,45,0,9,3
1,1971,3,12,4025,47,912817566,97,114,346,18,166,117,F,Minor,71,65,71,2,0,7,5
1,1941,9,9,2074,9,375163790,57,26,35,0,10,146,B,Major,61,40,58,1,0,13,3
1,2162,8,11,5201,0,457074498,104,19,73,10,2,142,D,Major,91,92,87,5,0,32,25
2,1989,12,23,15834,0,879001632,78,57,4200,0,0,79,F#,Minor,85,52,69,4,0,43,19
2,1951,5,20,929,0,53844177,36,2,31,0,1,117,C#,Major,75,21,63,1,0,15,4
1,2183,5,14,1661,0,35264818,1,0,4,0,0,76,G,Major,41,64,37,82,1,49,38
1,2143,12,5,1553,9,1420642580,0,0,324,0,0,155,F,Major,75,93,73,6,0,26,5
1,1801,11,22,23320,7,1635657507,57,0,7222,2,0,106,D#,Minor,59,38,85,1,0,29,6
1,1897,11,10,9400,0,470163632,32,62,115,1,0,119,F,Major,55,25,43,1,3,7,3
2,1969,6,16,6197,26,597260879,82,125,62,1,32,150,,Major,50,38,70,0,0,9,15
1,2058,12,1,11802,0,353224935,146,75,265,0,0,132,C#,Major,38,23,15,79,0,10,4
1,2008,8,1,564,0,165679878,7,52,10,0,0,92,D,Major,71,33,74,1,0,10,4
1,1855,1,21,122,4,165668804,4,5,0,0,22,123,D,Major,61,20,41,83,0,11,4
1,2154,11,4,2377,0,188994344,8,67,60,0,0,83,G#,Minor,42,45,57,79,0,9,21
1,2163,5,16,229,4,195321413,4,112,0,0,7,96,B,Minor,73,51,80,19,0,11,20
1,2048,1,25,1255,0,141375269,54,4,52,0,0,116,B,Minor,61,42,44,66,0,11,3
1,1862,6,15,14376,0,2305899517,186,31,698,0,5,88,B,Minor,48,21,44,36,0,36,25
2,2181,5,6,2678,20,611664087,27,71,22,2,0,105,B,Minor,86,44,68,2,0,70,4
2,1944,10,4,1435,0,164611647,23,7,16,0,0,132,G#,Minor,85,22,59,1,0,7,30
3,1926,6,22,3397,37,671441640,37,0,4,0,0,92,D,Major,83,75,55,62,0,9,3
1,1952,3,23,214,0,131764511,5,0,4,0,1,85,E,Minor,68,60,49,45,0,11,3
1,1901,9,1,725,11,242041380,13,138,9,0,1,111,A#,Minor,77,64,70,23,0,9,4
1,1987,8,1,17093,14,1255271380,73,41,595,0,159,108,,Major,76,83,66,7,0,12,3
1,1923,3,27,10509,0,873628749,223,85,507,1,1,105,F#,Minor,72,84,86,5,0,32,8
1,1970,5,4,3105,2,486160988,17,80,0,0,5,97,A#,Major,78,53,63,4,0,5,26
2,1847,11,1,517,11,275503151,10,69,8,3,13,162,G#,Major,61,77,57,36,0,14,13
2,2070,13,25,382,5,202758390,3,30,2,1,0,135,D#,Minor,72,82,46,36,0,13,5
1,1873,5,22,3553,0,709361083,11,0,73,0,0,150,A#,Minor,64,69,55,25,0,7,13
1,2219,5,6,1067,3,292999782,6,24,11,0,0,110,G#,Major,79,81,78,17,0,47,7
1,2053,5,5,4485,0,492227106,80,14,87,0,17,170,G#,Minor,81,80,60,8,0,14,28
2,1851,5,26,411,5,44997265,22,90,6,0,107,140,B,Major,70,55,62,6,0,16,3
1,2031,3,9,568,0,55624812,10,4,4,0,0,108,D,Major,88,35,84,14,0,11,4
1,2009,9,11,50686,9,1819266727,251,128,12186,4,158,115,C#,Major,53,71,98,0,0,10,7
2,1824,11,9,1508,0,110301422,17,20,4,0,0,132,F#,Major,64,53,47,86,3,12,5
2,2085,2,2,1152,0,126276740,33,1,31,0,0,126,G,Major,48,48,54,37,0,27,3
2,2213,4,19,4987,9,598224119,122,62,208,14,1,167,F,Major,66,61,60,24,0,9,33
1,2071,9,9,1757,0,577755997,36,23,115,0,,168,G#,Minor,56,66,62,80,0,48,39
1,2148,12,9,752,0,72994983,6,18,1,0,0,118,G,Minor,52,48,66,67,0,8,23
1,1913,10,23,2770,10,553547074,78,31,83,5,25,115,B,Minor,68,101,89,8,0,13,3
3,1894,5,4,630,1,49181715,9,12,11,0,1,161,C#,Minor,60,62,68,16,0,11,5
1,1925,4,23,653,4,154258379,17,11,18,0,0,127,B,Minor,86,66,41,31,0,9,9
1,2211,1,7,3111,6,367501151,12,82,32,0,3,131,A,Minor,70,61,57,4,0,18,3
1,2040,8,27,4919,0,343206208,23,5,97,0,0,112,C#,Major,81,21,59,1,0,26,17
3,1895,3,13,6681,0,543019747,43,13,93,0,1,99,D,Major,77,43,46,2,0,8,3
1,1807,11,27,14826,0,453090795,228,27,407,0,0,125,,Major,62,25,59,0,2,28,3
1,1823,5,19,7021,7,671411899,179,44,206,18,56,112,A#,Major,74,93,79,29,0,10,5
1,1858,5,2,5642,5,262324281,129,51,123,0,96,124,C#,Major,57,67,85,2,0,25,12
3,1808,1,1,12418,0,392620622,66,76,128,0,0,93,A,Major,22,21,23,90,0,38,3
1,2143,9,11,10770,0,1171390080,34,85,67,0,1,86,D#,Major,47,31,52,57,1,19,3
2,1845,10,19,6678,0,1011984075,84,131,1222,0,62,104,G,Major,69,44,89,5,0,24,13
1,1998,5,19,2191,1,230567066,8,1,18,0,0,154,A,Major,72,85,50,31,0,19,24
1,2216,1,25,1370,0,160358228,58,4,52,0,0,99,B,Minor,60,50,42,68,0,10,3
1,2036,1,1,16109,3,1482748598,148,22,1821,0,32,75,F,Major,65,54,49,58,0,8,4
1,1965,4,6,34,0,68772750,0,0,0,0,0,97,A#,Minor,76,40,28,75,0,10,5
1,1934,5,10,26442,0,3062382409,522,155,3515,6,,101,F#,Minor,84,49,61,64,0,18,10
1,2140,4,9,2384,13,350589213,43,85,1,0,7,142,F#,Major,67,49,67,5,0,8,3
1,2135,11,22,2658,4,409466062,19,31,19,0,0,140,,Major,66,20,33,76,0,12,7
1,2155,6,10,719,45,122069351,19,115,26,4,81,98,G,Major,64,52,61,3,0,41,3
1,2015,12,10,2446,35,427093291,3,73,20,1,53,104,F#,Minor,70,43,51,15,0,9,5
1,1828,8,16,1476,17,502205486,54,129,67,0,2,101,,Major,87,61,70,0,0,17,4
3,1990,8,29,2642,0,573955623,42,2,56,0,,109,G#,Major,55,46,59,47,8,5,6
1,2093,10,4,2486,0,487025672,5,1,68,0,0,119,G#,Major,71,9,50,29,0,8,4
1,1916,5,4,3137,2,499390704,19,84,0,0,5,97,A#,Major,78,58,69,4,0,5,24
2,2060,2,2,2190,31,247333625,49,87,48,8,4,170,C#,Minor,71,57,83,32,0,12,23
2,1984,9,29,2402,14,333313045,56,6,53,3,1,97,F,Minor,68,67,74,5,0,10,6
1,1985,1,1,9189,0,602574381,203,109,302,0,0,148,F#,Minor,66,84,58,46,0,9,4
3,1824,12,21,839,21,330907754,11,78,35,0,20,120,,Major,71,36,95,15,0,41,4
2,2136,5,6,3291,4,647788173,42,59,39,3,35,89,A,Major,79,49,82,2,0,25,9
1,2157,3,24,387,17,180809441,4,77,5,0,5,115,G,Major,56,32,81,0,0,39,4
2,1833,4,13,1321,4,101788862,0,0,0,0,0,155,A,Major,97,68,64,14,0,11,19
1,1990,4,8,684,2,159412909,11,6,11,0,15,101,F#,Major,66,60,43,78,0,10,6
1,2201,10,24,2942,10,497126256,84,29,93,5,28,125,B,Minor,74,97,83,8,0,13,3
2,1844,3,3,345,0,61631417,14,37,1,0,0,143,E,Major,47,47,77,13,0,12,3
1,1883,1,7,947,0,75241487,1,19,12,0,0,89,A,Minor,29,13,44,48,0,19,3
1,1992,1,1,10289,0,780651471,178,96,99,0,,130,D,Major,78,82,34,80,0,7,3
1,1943,1,18,4212,0,473600181,122,6,93,1,1,195,F#,Major,73,90,69,10,0,10,30
1,1976,7,18,4144,0,237819850,13,0,102,1,3,114,C#,Major,61,38,73,9,0,46,4
2,1939,6,5,213,6,54196559,6,15,8,2,4,91,A,Minor,42,15,75,1,0,20,7
2,1970,10,21,2613,0,308326489,35,56,29,0,10,111,A,Major,68,20,31,73,0,13,4
1,2149,3,3,265,0,54750485,6,15,0,0,0,143,D,Major,47,47,63,9,0,27,3
1,2210,5,14,1461,0,43500900,2,0,11,0,0,171,C#,Minor,38,14,24,79,0,11,4
1,2198,5,12,467,0,180864134,5,37,1,0,0,141,F#,Minor,70,95,59,50,0,9,4
2,1862,6,23,188,11,57189728,19,117,8,1,81,133,A,Minor,80,75,59,35,0,14,4
1,2142,9,20,3880,25,425144920,40,50,32,0,269,89,G#,Major,59,10,61,6,0,50,7
1,2070,13,8,8394,78,1225658512,190,155,173,12,183,89,G#,Major,59,39,72,5,17,17,4
1,1833,9,16,466,11,237149472,2,132,12,0,1,145,G,Major,83,52,66,7,0,63,10
1,1920,1,1,30433,10,891281872,135,24,573,0,4,132,A#,Minor,85,53,55,3,0,17,22
2,2087,4,1,1209,2,180479302,21,17,9,0,5,170,C#,Major,66,43,76,19,0,11,26
2,1859,2,4,1131,0,76870836,45,1,24,0,0,129,C#,Minor,76,53,47,43,0,13,42
1,2051,7,14,2366,2,679617926,0,0,26,0,0,120,A#,Minor,85,69,73,9,0,34,7
1,1946,11,22,1266,0,178815798,1,6,11,0,0,105,F,Major,54,60,76,20,0,9,4
1,1836,5,21,3149,3,366381582,26,10,73,0,0,122,D,Major,49,36,27,85,0,9,4
3,1957,9,3,5913,0,499840659,132,33,78,0,0,125,B,Minor,81,34,63,0,0,29,14
3,2171,5,19,1062,4,187635830,21,2,62,1,3,123,G#,Major,84,75,79,48,0,35,7
1,2096,8,24,1221,6,181534562,28,6,20,0,5,89,D,Major,66,41,50,74,0,13,4
1,2047,5,6,9378,39,1193351782,132,141,145,13,161,112,F,Minor,69,17,67,10,0,13,27
1,1786,11,23,13716,0,502745497,207,28,492,0,0,124,,Major,60,24,56,0,2,25,3
1,2139,1,7,3767,0,353227163,51,92,68,0,,99,,Minor,70,87,77,25,0,35,5
1,2114,5,17,73,8,50999882,6,9,0,0,53,84,E,Minor,67,34,64,28,0,29,5
1,1905,6,22,6104,57,157382167,137,143,2888,24,1502,121,D,Major,82,37,60,42,47,25,6
1,2149,10,24,2787,10,559219486,70,29,80,5,27,133,B,Minor,79,84,90,8,0,14,3
1,2155,7,13,6409,19,611575079,93,104,461,0,426,96,,Major,94,70,86,33,0,8,6
1,1870,1,29,468,0,78126189,14,16,0,0,0,152,D,Major,74,75,81,8,0,8,4
2,2003,9,12,298,0,49787812,6,1,6,0,0,93,A#,Major,80,44,74,12,0,16,7
1,2041,1,7,1021,0,69071689,1,16,12,0,0,89,A,Minor,26,13,38,51,0,20,3
2,2130,11,22,2753,32,326729967,22,53,33,3,0,98,G#,Major,80,55,63,16,0,37,15
1,1915,7,30,4582,0,409796949,22,6,100,0,0,130,C#,Major,75,20,52,1,0,26,17
2,2190,3,23,4457,54,371350725,74,122,177,12,176,96,F,Minor,72,51,60,76,0,18,15
2,2213,10,4,1939,0,148603435,25,9,16,0,3,98,C#,Major,71,25,61,1,0,35,7
1,1884,11,9,821,0,52809962,6,11,3,0,0,85,G#,Major,46,32,74,23,0,22,42
2,2172,5,21,5715,6,1290226895,88,47,129,0,,179,D#,Major,30,11,31,68,0,11,5
1,1858,8,21,7973,5,1715826269,250,170,632,0,,111,F#,Minor,74,76,76,1,0,9,10
1,1851,12,4,1569,0,268191290,40,49,38,18,0,141,G#,Major,43,15,50,38,14,28,5
1,1838,9,18,7551,0,977422094,173,7,303,0,4,83,C#,Minor,69,55,83,1,0,5,21
1,2179,10,4,1595,0,264695085,40,41,37,17,0,136,G#,Major,50,14,52,35,12,30,5
1,2066,3,20,5382,24,1253073373,109,39,99,0,,166,D,Major,55,39,75,23,0,39,6
2,1900,12,5,92,0,140003772,11,96,0,0,51,89,A,Major,56,40,53,72,0,6,3
1,1926,1,1,20776,7,771069068,36,11,291,0,0,134,C#,Major,33,26,67,13,0,9,5
7,1937,11,18,2967,0,428443276,95,91,46,0,,193,,Minor,60,76,43,39,0,11,8
1,1880,6,26,3407,0,488417769,29,6,49,0,1,126,D#,Major,93,57,46,47,0,35,20
2,2139,3,33,680,0,63778408,9,1,13,0,0,97,F#,Minor,46,48,86,43,0,40,21
1,1993,13,8,939,0,74072827,5,9,1,0,0,92,D,Major,51,47,69,9,0,31,4
1,2134,11,2,203,6,180299164,6,7,0,0,48,126,F,Major,51,18,41,70,0,12,3
2,2006,2,9,652,26,354576046,10,109,6,3,60,151,A,Minor,60,82,71,22,0,9,6
1,2051,2,10,645,5,267544095,4,114,19,0,1,131,D,Minor,49,53,80,30,0,9,8
2,1967,3,25,413,0,78599941,15,15,5,0,1,129,B,Minor,65,10,77,9,44,29,7
1,2074,8,29,7127,36,764996067,171,82,453,14,54,130,G,Major,84,79,68,18,0,6,10
1,1932,5,19,1931,0,199203715,6,1,14,0,0,173,F,Major,61,89,70,34,13,22,3
2,2124,12,31,283,6,152202368,7,82,5,1,4,148,E,Minor,75,79,88,18,0,6,8
1,2002,4,5,164,0,55393074,15,15,7,0,0,121,G#,Major,72,22,54,40,0,6,3
2,2014,9,9,26343,79,3026111706,405,123,891,4,73,90,D,Major,81,94,51,59,0,7,5
2,2026,11,27,1456,0,181858982,11,1,10,0,8,108,F#,Minor,47,39,70,10,0,9,19
1,1969,1,1,6853,0,1141947314,140,18,508,0,7,146,E,Minor,78,43,76,19,0,15,9
1,1827,8,13,4378,0,464081706,106,17,77,10,2,142,D,Major,95,91,86,6,0,30,25
1,2195,6,5,30,42,36882136,2,105,8,0,0,93,C#,Minor,48,32,50,8,0,75,4
1,1949,9,19,39861,7,1265334701,156,79,6933,5,76,90,G,Major,53,13,31,1,0,11,4
2,2222,5,19,967,0,62286847,32,2,33,0,1,133,C#,Major,83,18,63,1,0,17,4
1,2060,11,1,12375,0,396178582,153,72,250,0,0,145,C#,Major,35,21,14,92,0,12,4
1,1880,11,17,392,6,163445601,15,117,9,0,10,134,E,Minor,67,59,89,4,0,50,18
1,2062,5,6,1195,6,432905991,6,32,13,1,1,98,,Minor,78,24,52,33,0,12,5
3,1885,7,1,1631,0,80010894,10,0,2,0,0,151,A,Major,94,56,73,0,0,8,23
2,1921,11,14,1795,14,206593301,27,16,34,2,49,110,G,Minor,80,60,69,8,0,11,5
1,2212,7,25,5523,2,749601588,71,0,253,13,,89,F,Minor,73,50,73,62,0,14,4
2,2156,5,12,3016,0,113332772,20,0,22,0,0,146,C#,Minor,95,86,60,49,0,15,9
1,1898,9,20,4127,9,484045795,50,43,41,10,1,95,A#,Major,79,11,46,25,0,15,8
1,1921,5,12,1360,0,45614667,2,0,11,0,0,176,C#,Minor,38,15,25,77,0,10,4
1,1974,8,10,737,0,195244443,40,8,24,1,1,147,D#,Major,63,32,42,78,0,10,41
1,2098,10,33,27746,0,2438265978,524,81,1595,3,7,134,B,Minor,71,73,86,1,0,10,9
1,2095,2,18,684,11,297977490,17,41,13,1,1,190,G#,Major,51,85,41,38,0,8,4
2,2008,11,17,3803,2,274108196,62,12,49,1,7,175,B,Minor,30,4,87,1,0,30,18
5,1901,6,15,2470,0,265864899,40,2,38,2,0,120,C#,Major,92,57,76,7,0,6,8
1,2034,1,1,20611,13,1628916198,90,0,3026,0,0,99,F,Major,58,46,81,1,0,9,5
2,2031,3,26,4146,55,325300118,83,131,190,12,182,91,F,Minor,78,57,69,78,0,18,15
1,2193,13,5,1526,9,1368405393,0,0,381,0,0,133,F,Major,77,92,64,6,0,27,5
1,2053,11,7,8039,80,1156729966,174,178,171,13,204,94,G#,Major,64,39,72,5,17,16,4
1,1932,11,4,972,0,92358142,8,5,2,0,0,153,F,Minor,80,42,43,4,0,41,32
1,2116,3,23,1376,45,132183787,52,133,52,14,411,92,C#,Major,76,59,69,7,0,11,4
2,2195,6,19,595,45,54743362,1,54,8,0,1191,142,A,Major,61,89,86,65,7,9,7
1,2164,4,27,3001,2,426708678,27,2,37,1,0,196,A#,Minor,84,68,62,6,0,11,38
1,2040,3,3,2041,3,250582348,28,40,32,1,1,118,G,Major,102,34,35,35,0,10,30
1,1933,5,16,1205,87,100585256,58,205,51,11,1029,125,C#,Minor,77,24,61,11,0,27,8
1,2080,1,1,15605,0,820580112,176,174,188,0,,127,G#,Major,76,83,42,74,0,42,5
1,2115,7,16,144,4,145496313,5,6,1,1,17,145,G,Major,67,36,43,44,0,10,3
1,1870,7,9,703,0,328098117,5,140,18,0,3,78,G#,Major,65,76,79,2,0,4,18
4,1849,3,18,901,0,183283504,34,0,46,0,0,134,D#,Minor,94,70,43,25,0,13,25
1,1842,4,13,2254,0,576368918,30,0,41,0,0,174,F#,Minor,81,66,48,43,0,13,33
1,1937,4,8,2499,0,231172791,75,0,47,0,0,89,A,Major,73,30,33,65,1,11,4
3,1872,8,21,12694,70,1045863004,79,59,246,1,309,85,F#,Major,56,57,55,36,0,12,11
1,1908,5,19,3325,4,899020402,27,50,99,0,42,156,F#,Major,43,34,44,84,0,8,14
2,1868,3,3,441,0,91123026,7,12,13,0,0,77,C#,Minor,55,68,78,55,0,11,37
1,1987,9,14,1041,0,84854827,36,40,12,0,3,147,F,Minor,80,21,69,0,0,10,50
1,1957,2,16,43408,27,1127627116,106,33,2413,0,644,108,G,Major,70,59,75,38,0,10,6
1,2068,1,7,831,0,113711095,14,0,31,1,0,107,A#,Major,57,31,32,92,0,27,3
3,1964,5,4,726,1,54168114,9,12,11,0,1,172,C#,Minor,60,60,67,19,0,13,5
1,2204,7,18,3948,40,445809877,54,47,197,1,12,136,F#,Major,93,99,62,36,0,37,27
1,2131,12,8,381,1,255100145,5,0,5,0,0,100,G,Major,62,30,33,81,0,10,3
5,2159,11,23,143,4,1424883,13,79,2,0,0,108,G,Major,81,57,74,10,0,35,7
1,2101,2,15,1184,26,211148978,51,30,62,4,53,111,A,Major,99,60,61,52,0,34,24
1,1877,5,21,4687,1,301402753,77,11,62,0,1,107,B,Major,67,34,75,26,6,12,4
2,1859,10,23,3151,13,315625646,53,30,67,2,0,99,,Major,80,19,86,0,4,29,9
1,2182,13,1,547,1,262349325,18,82,11,0,0,126,A,Major,81,57,68,6,0,5,12
6,1852,11,22,151,4,1459833,14,74,2,0,0,101,G,Major,75,63,71,11,0,35,7
1,2071,5,10,300,0,82313917,0,17,6,0,0,166,G#,Minor,62,68,82,4,0,25,11
1,2088,12,9,8178,77,1238803893,178,152,164,12,180,89,G#,Major,68,40,75,5,19,15,4
1,2014,6,24,2519,0,351540295,16,0,0,0,0,106,C#,Minor,64,4,55,11,0,18,4
1,1999,7,24,8009,20,618236906,24,81,57,1,44,93,F,Major,51,44,66,50,0,8,3
1,1966,6,9,2246,0,240675310,46,2,24,0,1,110,C#,Major,77,64,72,0,0,33,8
2,1871,4,22,1297,33,104480279,27,28,45,5,41,82,G,Major,87,44,65,9,0,9,16
1,2135,11,13,295,6,350646094,11,73,1,0,8,95,F#,Minor,66,38,47,32,0,10,4
1,2020,1,1,5506,0,196601375,52,83,838,0,0,149,G,Major,77,82,69,21,0,32,5
2,1875,12,13,2529,26,318185816,57,70,59,1,15,115,F,Minor,99,45,68,45,0,9,32
2,2001,1,1,9635,0,467610448,129,116,394,0,0,142,D,Major,59,80,34,91,0,36,6
2,1991,2,18,828,9,304380847,14,33,6,1,0,107,G#,Major,75,96,61,51,0,27,11
1,2023,13,8,782,0,74446319,6,17,1,0,0,118,G,Minor,53,50,66,72,0,9,22
2,2171,8,14,587,146,151007146,42,262,46,10,867,127,B,Major,76,80,91,28,0,8,4
1,2211,4,11,376,16,116452672,15,100,6,0,53,118,E,Minor,73,36,80,1,0,8,5
1,2040,10,31,47356,76,3995993391,685,187,3130,20,,176,C#,Major,53,35,85,0,0,10,7
2,2156,1,26,4701,0,318122519,146,79,119,1,18,135,A#,Major,69,57,84,19,0,26,4
3,1990,5,15,2462,0,252001659,73,4,228,1,6,131,B,Major,74,46,88,20,0,20,3
1,1844,1,1,1174,0,327380035,93,32,5,0,0,102,C#,Minor,78,84,91,14,0,13,3
1,2077,11,30,4382,6,365261738,116,48,138,0,260,115,F#,Major,104,59,55,3,0,5,17
1,1852,5,12,4607,12,270209131,171,261,157,3,136,96,D#,Minor,84,56,57,12,0,8,9
1,1926,6,25,803,0,138341902,23,0,22,0,0,189,G#,Minor,47,48,61,8,0,12,12
1,2025,7,18,3570,21,581110711,102,86,69,1,86,125,E,Major,58,25,44,50,0,12,3
2,1948,4,26,992,0,161074998,18,0,8,0,0,93,,Major,56,32,88,26,0,10,10
1,1873,11,12,4450,5,604750407,54,52,27,1,2,93,,Major,63,21,55,26,0,10,3
1,1949,11,19,868,10,243451936,40,25,59,0,240,136,A,Major,37,23,56,4,0,12,3
2,1915,1,28,7421,0,673251280,98,35,123,0,0,109,G#,Major,90,73,89,3,0,16,10
2,1837,3,26,1574,0,80321955,22,0,18,0,36,79,G#,Major,65,80,65,47,0,23,32
3,2095,7,1,1626,0,82799491,11,0,2,0,0,153,A,Major,91,56,68,0,0,8,21
1,2058,1,29,2276,17,125556421,90,23,106,7,417,123,G#,Major,62,23,83,0,0,16,10
1,1966,13,13,9913,0,788894693,216,107,400,0,,134,G,Major,48,51,62,5,0,31,19
1,1953,6,11,7050,0,968661617,128,37,159,0,,141,C#,Major,63,17,62,33,0,9,7
1,1961,7,11,642,0,210368731,15,1,18,0,2,81,B,Minor,73,48,65,3,6,11,42
1,1910,2,22,2901,45,244467713,62,73,62,1,661,134,G,Minor,62,91,72,53,0,16,5
2,2114,3,15,3089,50,726982508,31,236,41,14,416,140,F,Minor,73,84,79,52,0,8,3
1,1972,1,14,2839,0,605760716,11,2,138,0,0,111,B,Minor,54,46,78,0,0,5,3
1,2161,9,6,1566,5,245577592,75,64,327,1,197,134,D,Major,51,23,62,0,0,9,3
2,2036,5,34,9468,14,1208857637,156,107,361,7,0,189,D,Major,58,26,60,66,0,23,29
1,1979,1,26,2004,0,127548850,109,37,115,1,64,170,F#,Minor,55,61,57,14,0,17,25
1,2176,10,14,12954,0,854879342,32,0,573,0,0,90,E,Major,38,42,24,87,0,27,3
2,2155,10,21,2474,0,176416309,99,54,29,0,0,97,F,Major,68,102,95,1,0,11,4
3,1847,5,28,4083,0,202251735,74,42,108,0,0,103,B,Minor,87,81,71,16,0,8,5
1,2006,12,2,366,2,130099924,2,75,15,0,2,143,G#,Major,52,43,73,3,0,11,9
2,1915,4,22,2993,33,628855939,58,100,66,0,110,108,A#,Major,35,34,53,76,0,18,3
1,2119,1,29,989,5,141440252,8,53,78,2,48,163,F#,Major,61,60,81,19,0,80,10
2,2146,7,17,1412,0,118938817,0,0,14,0,0,75,,Major,70,68,63,6,0,18,20
1,2176,1,1,15236,0,1127239425,260,33,594,0,15,128,G#,Minor,72,22,65,44,2,11,24
2,2076,10,21,1427,0,230617051,45,8,15,0,4,100,D,Minor,73,37,72,28,0,14,6
1,2022,5,20,3336,5,298008122,41,26,74,0,211,145,,Major,57,30,42,15,0,8,3
1,2054,5,27,2842,94,135775715,0,0,136,39,0,106,B,Minor,65,79,90,2,0,31,5
2,2182,5,13,2869,0,283642490,39,26,41,0,0,135,,Major,48,38,79,4,0,12,36
1,1957,2,10,1634,15,393741396,1,51,19,0,20,134,A,Minor,47,36,42,35,0,10,11
1,1869,4,8,8031,0,755483931,152,30,141,16,13,105,G#,Major,89,31,54,3,0,12,11
1,2092,1,27,1360,0,147956682,63,4,50,0,0,98,B,Minor,61,45,40,69,0,12,3
2,2063,5,27,636,0,45925252,25,20,33,0,0,92,G#,Major,66,6,62,6,0,55,6
2,2097,3,15,3269,46,794882723,36,209,46,14,401,159,F,Minor,63,76,80,50,0,8,3
1,1857,13,23,10937,2,767977338,143,116,166,1,10,117,C#,Minor,49,52,84,22,0,71,7
2,2072,10,22,7776,16,568057327,103,184,263,2,,120,,Minor,56,16,66,0,0,12,4
2,2149,5,4,106,0,34523492,5,9,5,0,0,156,B,Minor,57,20,49,36,0,37,5
1,1894,10,15,20646,0,943776572,124,1,663,3,0,119,A#,Minor,63,19,55,70,0,6,7
4,1878,12,1,11746,0,477811219,138,1,385,0,0,145,D,Major,30,36,56,31,0,81,3
1,2091,1,1,5592,0,635309854,91,106,546,0,,99,C#,Major,69,31,50,50,0,8,3
1,1981,7,11,11302,4,566369834,22,0,854,0,0,105,C#,Major,37,18,27,74,5,9,3
1,2087,3,31,1968,0,267400614,75,11,48,0,15,158,F,Major,62,63,70,2,0,59,4
1,2073,11,30,2758,0,376234857,57,16,35,0,1,77,D,Major,81,10,37,0,0,35,15
2,1973,3,25,2899,1,343532543,59,3,34,0,0,94,G,Major,73,57,81,9,0,12,5
1,2143,1,1,17064,33,884203528,59,35,1324,0,2,85,A#,Minor,87,68,70,5,0,23,15
4,2088,5,7,836,33,62113828,21,47,21,9,105,180,G#,Minor,66,54,84,14,0,38,7
8,2159,7,13,1408,0,237808743,69,0,0,0,0,76,G,Minor,61,57,76,9,0,15,11
1,2115,9,17,4305,12,460607426,65,28,45,0,0,142,B,Major,53,4,54,7,0,6,3
1,2098,5,6,826,3,322676236,11,24,10,0,0,117,C#,Major,80,52,67,11,0,13,5
1,1931,5,14,3813,0,161073683,19,9,34,0,0,97,A#,Minor,78,37,41,37,0,13,22
2,2053,12,10,769,28,2948,23,105,20,9,64,150,A#,Major,51,82,68,17,0,10,4
1,2053,4,16,6096,0,1175238004,172,21,336,0,1,128,E,Major,59,8,38,75,0,8,5
1,2102,10,4,3750,7,595806273,24,81,105,0,1,155,B,Major,60,21,63,4,6,16,4
1,1939,7,14,2451,57,63410326,0,0,116,17,0,127,G,Minor,62,98,90,12,18,7,4
1,1819,1,1,14108,0,749714018,196,175,188,0,,136,G#,Major,73,84,43,76,0,49,5
2,2140,12,23,1217,29,578458369,13,8,5,0,1,94,F,Minor,57,53,48,35,5,9,11
1,2011,7,29,2481,0,186613295,36,49,39,0,0,127,A#,Minor,53,44,59,0,0,17,11
1,2092,3,32,34856,1,1868964368,286,114,1517,0,5,145,C#,Minor,94,43,56,0,0,10,13
1,1996,5,31,149,6,159337104,1,10,1,0,1,153,B,Major,56,24,36,86,0,9,4
2,1900,1,8,1102,0,83406066,9,9,9,0,0,111,D,Major,82,81,76,10,0,30,19
1,2151,3,3,214,0,37504067,5,10,0,0,0,142,,Major,58,62,87,5,0,37,4
1,2061,5,20,626,13,399286255,25,101,10,0,25,171,F#,Minor,56,52,71,17,0,19,5
4,1997,8,16,3175,0,129434953,49,6,133,1,0,128,A,Major,86,86,72,29,0,28,4
5,2157,5,1,521,15,129377987,23,19,15,1,0,80,A#,Minor,54,26,65,10,0,9,31
2,2184,1,12,426,2,137579264,16,38,22,1,14,107,,Major,77,64,61,7,0,28,4
1,1929,1,12,13125,0,1016157664,76,87,232,3,10,108,D#,Minor,74,59,75,3,0,9,3
1,1991,6,10,811,0,299774057,31,108,25,0,0,159,C#,Major,52,62,90,4,0,34,19
1,2044,1,1,20309,12,1674453595,77,0,2701,0,0,103,F,Major,63,48,84,1,0,9,5
1,2200,6,11,6898,7,984139729,115,38,149,3,30,160,G#,Major,48,29,34,82,0,15,5
2,2111,11,4,443,0,65537414,9,1,7,0,0,125,D,Minor,64,24,44,50,33,15,3
1,1902,10,29,1234,0,146288843,27,0,31,12,0,131,F,Major,69,72,83,25,0,19,4
2,2196,5,13,1858,0,62063143,1,0,3,0,0,181,A,Major,72,27,57,33,0,33,29
2,1865,1,24,889,24,467512975,19,136,11,6,14,143,G,Minor,79,82,82,10,0,12,5
1,1829,11,13,5023,5,619488254,55,46,30,1,2,84,,Major,66,20,55,31,0,8,3
1,2029,11,10,8247,0,406156415,33,62,103,1,0,115,F,Major,59,23,41,1,3,7,3
2,1975,8,15,620,5,313268590,16,73,4,2,0,149,,Major,82,70,72,33,1,14,4
1,2161,5,21,4704,1,362710426,77,11,71,0,1,107,B,Major,75,35,75,25,6,10,4
2,2000,12,18,7515,0,969893715,87,131,1281,0,64,99,G,Major,80,49,96,5,0,27,14
2,2210,3,31,631,9,154267918,15,95,22,2,25,138,D,Major,83,50,64,39,0,10,4
1,2057,5,3,2508,0,258657384,69,8,262,2,100,150,G,Major,52,21,66,5,0,38,3
1,1929,5,14,478,0,172338632,5,33,1,0,0,168,F#,Minor,64,103,56,52,0,10,4
1,1992,11,28,4187,6,354374143,122,48,133,0,235,111,F#,Major,92,65,56,3,0,5,16
1,1827,2,24,2406,43,254681274,64,81,55,1,648,131,G,Minor,70,96,78,50,0,18,5
3,1990,7,22,282,4,343895888,7,22,2,0,0,86,F,Minor,91,49,71,8,0,16,8
3,1837,1,16,2990,0,71329628,36,47,26,0,1,130,C#,Minor,87,6,89,5,24,6,6
3,2055,3,5,13876,0,1088534798,239,124,539,0,10,162,F,Major,58,78,68,18,0,9,3
1,2116,10,26,47416,75,3922435843,644,196,3743,19,,154,C#,Major,50,35,83,0,0,9,7
1,2046,1,20,968,23,163891461,10,23,8,1,7,183,E,Minor,71,102,65,24,0,21,6
1,2155,7,16,2125,28,333818905,72,11,39,8,67,140,G#,Major,72,66,72,3,0,28,4
1,2013,5,20,3570,0,643865926,10,0,75,0,0,168,A#,Minor,73,67,61,25,0,7,12
2,1922,11,14,833,0,84619939,15,0,9,0,0,88,D#,Minor,66,23,55,6,0,54,4
1,2203,3,3,150,0,31397297,2,10,0,0,0,121,,Major,52,32,70,40,0,8,3
1,1950,6,16,5433,0,202500435,69,97,64,0,10,123,E,Minor,48,5,73,13,2,16,5
1,2125,5,7,1013,1,303019554,8,12,9,0,0,201,F,Minor,45,44,54,64,0,11,6
3,2077,1,1,323,0,97827389,4,0,14,0,0,130,F#,Minor,67,49,79,20,4,8,5
2,1877,4,27,3320,16,652734036,57,24,70,1,0,87,D,Major,92,97,51,15,0,30,8
1,2109,9,20,3092,10,522558981,81,34,93,5,26,117,B,Minor,81,92,85,7,0,15,3
3,2060,11,25,1075,19,453777211,13,107,9,5,3,129,B,Minor,80,83,79,16,0,25,10
1,1987,1,1,5387,0,205577350,54,78,848,0,0,164,G,Major,77,93,71,20,0,29,5
1,2191,2,19,8773,6,688798707,43,121,214,1,202,119,F,Minor,73,15,58,9,1,11,3
1,2179,4,12,568,0,131599646,5,27,14,0,0,109,F#,Major,92,43,60,1,0,13,16
2,1857,11,20,790,0,161136349,14,29,7,0,0,112,E,Major,76,52,73,26,0,9,4
1,1975,7,12,7092,18,695302488,105,92,422,0,450,102,,Major,94,77,87,32,0,8,7
1,2068,1,1,18577,8,694840454,30,10,296,0,0,163,C#,Major,40,28,72,13,0,9,5
1,2003,11,8,2330,6,293286488,54,104,62,13,2,104,G,Major,35,26,26,85,0,18,3
2,2190,8,23,3361,14,324172406,42,46,58,3,1,93,B,Minor,63,35,86,25,0,22,36
1,1839,3,12,4372,40,850027134,94,107,316,17,148,116,F,Minor,82,61,71,2,0,7,5
2,1942,11,6,4223,40,668664760,60,75,94,11,16,101,C#,Minor,83,38,62,0,0,11,32
2,2117,6,2,28822,11,2086579173,497,119,2542,6,,136,A,Minor,87,56,80,4,0,9,11
2,2060,6,26,266,31,47251365,18,181,13,8,192,154,F#,Major,59,68,82,38,0,12,5
1,2167,11,11,4479,5,539859764,50,49,31,1,2,93,,Major,58,21,53,26,0,9,3
2,1903,3,13,347,6,111249858,5,46,2,1,8,136,G,Minor,65,71,87,27,0,10,7
3,2056,1,29,497,4,201478284,26,3,39,0,0,121,G#,Minor,81,68,58,1,0,7,4
1,1872,6,22,4125,0,959580541,26,0,426,0,0,117,B,Minor,68,50,73,14,0,32,4
2,2179,8,6,7931,48,1237222899,86,60,159,15,172,137,D,Major,65,50,80,1,3,23,4
1,2011,4,30,2132,0,272613372,27,43,25,0,0,133,G#,Major,95,27,61,6,0,14,31
1,1863,4,16,6373,0,1129348297,151,17,333,0,1,120,E,Major,61,7,39,75,0,9,5
1,2180,11,9,810,0,66659693,3,16,2,0,0,139,F,Major,46,42,48,54,0,15,6
1,2082,10,1,7690,25,1540653550,223,136,615,0,24,115,D#,Major,45,19,57,67,0,10,5
2,1796,1,1,10694,0,478189149,136,119,405,0,0,146,D,Major,66,87,34,90,0,31,6
1,2155,2,18,716,11,321207546,15,43,12,1,1,194,G#,Major,60,80,43,39,0,7,4
1,1899,10,23,49954,14,1936857751,287,99,5232,2,122,139,C#,Major,37,25,87,0,0,10,7
2,1837,10,9,5355,0,280284766,170,10,184,4,68,138,,Major,65,49,76,12,0,18,10
2,2160,3,3,421,0,97240896,8,12,12,0,0,71,C#,Minor,63,71,68,60,0,10,37
2,2112,5,28,22236,0,1805667434,71,42,2667,1,0,183,C#,Major,57,10,77,8,0,8,21
1,1829,7,25,6714,23,648055768,27,87,55,1,41,96,F,Major,53,41,65,49,0,9,3
1,2032,1,33,544,0,95336630,11,53,0,0,112,104,G#,Major,60,66,78,0,0,14,3
3,2223,12,5,4873,0,371993129,60,44,77,0,0,75,D,Major,59,82,59,6,0,38,4
3,1962,6,25,7135,0,508234530,90,5,70,1,0,171,F#,Minor,69,83,62,11,0,8,15
2,2089,10,14,586,0,251656955,24,84,102,0,0,121,F#,Minor,88,61,64,30,0,14,7
1,1935,4,18,241,25,80465342,6,40,6,6,184,162,A#,Major,59,50,36,61,0,11,6
1,1991,6,26,7057,21,603037893,24,85,59,1,42,98,F,Major,48,43,58,56,0,9,3
1,1959,12,2,2139,38,347396011,31,61,37,5,3,105,G#,Minor,71,59,78,12,0,33,6
2,1894,5,16,5016,0,499952480,13,6,52,0,1,154,F,Minor,66,47,73,9,0,67,11
1,2032,13,8,955,0,59578359,3,19,2,0,0,159,F,Major,39,43,47,62,0,14,7
1,1975,7,27,8244,30,785013846,163,95,395,15,54,121,G,Major,92,82,63,17,0,6,10
1,1867,6,8,449,54,60342110,40,202,23,5,168,154,F,Minor,82,47,88,17,0,16,7
3,1886,5,13,1200,33,82111108,40,61,45,7,186,134,B,Minor,90,94,89,4,0,21,6
1,1908,10,27,3468,0,268230527,123,31,229,1,41,189,A,Major,23,15,31,95,0,13,3
3,2015,7,3,927,4,183579740,28,0,50,0,0,133,F#,Major,104,77,51,49,0,10,25
1,2144,5,13,1215,0,39975700,0,0,3,0,0,121,F,Minor,60,83,40,92,0,19,21
2,1900,5,4,674,16,108824298,30,16,77,4,178,138,B,Major,92,65,94,52,1,8,5
2,2002,2,1,931,2,207277706,45,0,107,1,1,136,A,Minor,73,60,54,4,0,11,8
1,1946,2,4,1892,0,121633079,28,1,60,0,0,76,,Minor,28,26,21,18,0,30,3
1,1977,9,20,7681,5,1850069026,254,166,586,0,,109,F#,Minor,81,73,84,1,0,10,10
1,1837,2,4,2779,0,317912567,102,11,47,0,12,161,D,Minor,57,64,59,1,0,11,4
1,2170,10,3,1026,0,161379201,9,0,15,0,1,100,G,Major,91,75,80,15,24,30,6
1,2064,3,27,10108,0,768736618,232,88,557,1,1,98,F#,Minor,75,82,96,5,0,28,9
1,2103,5,8,2940,0,70466549,30,0,27,0,0,106,G#,Minor,70,86,73,19,0,6,34
1,2151,6,22,776,0,131253282,24,0,24,0,0,199,G#,Minor,48,48,65,7,0,12,13
1,1837,11,9,893,0,73979972,6,18,1,0,0,114,G,Minor,48,56,62,65,0,8,23
1,1888,7,15,4027,7,258757334,39,0,172,2,62,148,G,Major,79,90,70,8,0,7,10
1,2008,11,7,6264,0,941857972,86,88,182,0,12,87,B,Major,76,18,46,23,4,35,8
2,1988,11,5,5029,0,542724008,61,17,72,0,1,95,C#,Major,71,73,79,4,0,6,5
1,2163,9,19,1794,16,558033135,53,109,73,1,12,86,,Major,77,78,62,2,0,25,10
1,1848,9,3,2042,0,342659246,15,5,47,0,6,138,B,Major,44,31,48,62,0,7,6
1,2060,5,14,220,4,199627906,16,5,0,0,5,137,,Major,51,14,40,86,0,10,3
2,2207,12,2,388,0,79590627,2,2,6,0,2,86,F,Minor,32,51,59,72,0,42,6
3,2131,12,19,845,0,175199246,29,26,16,0,0,85,F#,Minor,65,78,69,17,0,12,8
2,2115,8,14,718,5,320964262,14,85,4,2,0,127,,Major,73,75,75,31,1,13,4
2,2058,5,13,1483,0,72875987,4,1,6,0,0,103,B,Major,63,50,72,30,0,8,38
1,2005,4,16,6721,0,1116637670,183,18,300,0,1,136,E,Major,63,8,39,75,0,8,5
4,1852,6,2,532,4,93021623,13,45,20,1,10,158,B,Minor,65,18,48,22,0,12,6
7,2187,1,13,1006,1,251893236,20,5,11,0,0,161,F,Minor,71,77,71,42,0,7,28
1,2198,1,26,1836,0,256390753,51,3,39,11,6,93,G#,Minor,81,60,51,33,0,27,9
1,2123,4,8,2456,0,248964098,69,0,50,0,0,79,A,Major,69,34,35,61,1,11,4
1,1865,7,21,6241,53,155225364,135,150,2512,22,1361,119,D,Major,80,38,66,38,55,26,6
1,1918,12,3,933,0,85933441,57,13,40,1,0,132,A,Major,55,24,38,61,0,9,3
1,2155,5,6,2418,0,471257169,25,45,25,0,5,79,F,Major,55,55,90,32,0,17,29
2,2150,10,10,23159,85,2633863741,377,110,925,4,65,97,D,Major,81,99,47,54,0,7,5
1,1821,3,21,11828,14,1692587762,187,113,110,0,181,129,,Major,63,67,83,2,0,50,3
1,2079,5,11,2525,0,217982102,41,2,26,0,1,106,C#,Major,70,64,70,0,0,36,8
1,2184,10,4,2821,0,222214852,8,61,69,0,0,76,G#,Minor,36,42,53,78,0,8,23
1,1892,12,7,777,0,46268253,0,10,2,0,0,132,B,Major,49,37,74,78,0,42,8
1,2122,2,10,895,0,46418044,18,3,24,0,0,87,C#,Major,68,65,56,10,0,10,40
3,1916,8,7,2960,2,411517951,86,77,54,0,15,97,A,Minor,73,56,88,18,0,26,5
2,2034,10,4,521,0,67223755,8,1,7,0,0,108,D,Minor,59,27,41,46,32,14,3
1,1768,12,15,6692,0,412845310,84,1,256,0,0,137,C#,Major,48,78,26,95,0,17,4
3,1976,11,24,899,0,1197154511,9,8,8,2,0,79,G,Major,72,58,76,25,0,38,22
1,1948,3,31,13849,9,1253602935,132,5,542,0,0,168,B,Minor,35,46,79,0,0,9,4
1,2109,5,6,1251,0,297032962,7,21,11,0,0,133,,Major,87,90,64,26,0,18,5
1,1865,1,1,4142,0,168916181,34,3,67,0,0,186,G#,Major,54,87,36,72,0,11,5
2,2116,8,20,27768,86,2558250520,285,124,2214,1,152,199,G,Major,73,46,59,15,0,13,27
2,1994,4,16,2659,39,462267955,41,196,57,11,245,90,F#,Minor,56,58,71,24,0,30,5
1,1944,1,14,3240,0,625798449,11,2,149,0,0,100,B,Minor,49,47,78,0,0,5,3
2,1823,5,4,708,15,114125518,29,17,72,4,167,134,B,Major,81,64,102,54,1,10,5
2,1969,1,1,13897,4,1568896051,57,34,1795,1,,117,E,Major,67,47,79,2,0,29,4
2,2080,11,29,270,6,145116302,8,85,5,1,4,148,E,Minor,78,78,79,17,0,6,9
1,2076,1,1,21465,7,675822870,35,11,261,0,0,159,C#,Major,37,31,60,14,0,9,5
1,2116,9,15,4238,0,228508543,14,0,110,1,3,107,C#,Major,54,38,67,8,0,46,4
1,1984,5,12,1672,0,40616784,1,0,4,0,0,76,G,Major,43,62,34,76,1,46,35
2,2043,1,1,19712,0,739491674,72,15,1793,0,3,137,G#,Major,97,66,71,9,0,17,8
1,2018,2,26,1027,41,138595560,14,64,25,10,185,110,F#,Minor,100,58,69,19,0,15,7
1,1853,10,3,1014,0,163024777,10,0,14,0,1,107,G,Major,83,79,73,15,22,35,6
1,2145,11,19,794,10,265174519,37,23,60,0,269,162,A,Major,34,25,53,4,0,11,3
2,2078,5,29,2323,0,179059714,21,1,41,1,0,92,F,Minor,69,39,90,2,0,48,24
3,1887,11,19,851,0,194513317,29,25,14,0,0,84,F#,Minor,61,81,69,19,0,11,8
5,2070,5,20,198,9,49663274,3,96,1,0,54,113,G,Minor,82,87,77,33,0,9,4
1,1847,3,33,30000,1,1858037520,269,110,1568,0,5,162,C#,Minor,87,45,55,0,0,9,11
3,2105,1,1,11792,0,362375395,80,79,121,0,0,86,A,Major,21,18,27,84,0,40,3
2,2062,9,26,1693,0,203691538,31,53,36,0,2,138,D,Minor,61,18,62,20,0,18,8
1,2081,8,26,572,0,201997187,14,70,15,1,2,124,D#,Minor,76,84,86,15,0,30,11
2,1853,3,4,6059,4,783431472,198,43,468,8,32,97,G#,Major,78,88,64,18,0,36,4
1,2128,5,16,2047,0,167781423,83,10,114,0,43,138,A,Major,70,24,58,17,0,19,5
1,1833,10,2,12805,7,1269259422,199,71,271,6,16,124,D#,Minor,87,57,58,39,1,10,4
1,2028,7,1,14529,14,1144929336,74,40,711,0,172,110,,Major,78,71,75,7,0,14,3
1,1883,2,17,718,10,305984503,18,38,13,1,1,198,G#,Major,53,93,43,38,0,6,4
3,2004,8,1,699,4,171103788,0,0,32,0,0,164,A#,Minor,60,67,57,12,0,5,42
1,1858,1,1,16415,3,1664583339,123,26,1854,0,32,85,F,Major,73,50,51,51,0,7,4
1,2115,2,24,292,0,133460635,8,60,10,0,0,216,B,Minor,42,31,76,4,0,6,32
3,2206,1,17,3047,0,75650071,42,43,28,0,1,136,C#,Minor,83,6,81,5,24,6,6
1,2091,4,20,251,13,116839857,6,80,10,2,10,83,G,Major,68,88,90,29,0,50,28
1,1877,5,25,3038,110,116528352,0,0,145,36,0,120,B,Minor,74,86,78,2,0,31,5
1,2092,5,12,2157,8,363536132,37,92,9,0,14,130,A,Major,69,61,83,23,0,64,3
1,1832,6,2,598,7,154436726,13,1,8,0,1,109,F,Minor,80,62,92,51,0,12,12
1,1879,2,16,327,0,167362568,10,22,6,0,8,90,,Major,72,52,68,47,0,8,4
1,1976,1,27,2169,0,237869255,43,3,40,12,6,83,G#,Minor,71,60,57,29,0,24,8
3,2118,9,27,2653,0,581449188,46,2,58,0,,118,G#,Major,62,48,59,48,9,5,6
2,2035,2,2,209,4,92258859,8,71,2,1,1,124,G,Minor,67,79,74,26,0,11,4
1,2019,3,30,330,2,146366867,25,2,29,0,0,128,C#,Minor,85,27,47,11,0,10,11
1,2107,1,1,29871,12,753101265,114,25,531,0,4,113,A#,Minor,96,50,60,3,0,17,24
1,1997,4,21,693,4,152700987,16,11,18,0,0,127,B,Minor,83,66,46,34,0,8,8
3,1854,3,33,911,0,194860389,14,0,10,0,0,82,A#,Major,84,52,86,13,0,21,23
1,2001,3,27,302,2,152574016,25,2,29,0,0,118,C#,Minor,83,25,48,12,0,11,10
1,2080,1,1,13265,65,1305960391,53,107,2420,5,213,87,E,Minor,63,23,70,21,0,13,30
1,1990,2,12,848,0,46490890,21,3,23,0,0,81,C#,Major,60,63,60,11,0,10,41
1,1906,5,2,645,0,243330036,18,80,9,0,0,102,G,Major,85,41,57,5,0,13,13
1,1925,10,4,3587,0,305501271,21,91,138,0,2,83,E,Minor,58,19,42,89,68,12,3
2,1976,5,28,26089,0,2589156802,322,154,2049,0,47,86,G#,Major,76,59,50,41,0,10,3
1,2057,9,21,10894,2,1878446339,282,62,996,1,18,88,B,Major,81,62,30,92,0,7,5
2,1976,8,1,6457,0,588301512,161,51,181,1,20,117,B,Minor,77,53,84,19,0,27,5
1,1943,5,6,1210,6,419295850,7,29,12,1,1,93,,Minor,73,23,57,33,0,13,5
3,1924,1,5,2398,0,321328861,66,6,69,15,6,118,F,Major,64,47,46,59,0,32,5
5,1840,6,15,2307,0,270257959,39,2,39,2,0,106,C#,Major,97,64,86,7,0,6,8
2,2094,3,25,906,3,136384225,20,121,23,1,0,153,F,Minor,48,43,98,0,0,44,7
2,1856,5,6,2469,20,629917459,26,84,23,2,0,118,B,Minor,76,43,65,2,0,65,4
2,2108,5,22,5398,6,1153075270,77,41,123,0,,183,D#,Major,27,13,34,66,0,11,5
2,2168,12,3,4082,15,660751090,151,34,116,20,0,138,A#,Major,69,78,72,37,0,16,4
1,1856,2,12,4050,0,479960963,82,0,95,0,2,186,G,Minor,32,22,66,22,0,20,6
1,1994,13,8,1617,0,170071240,21,52,12,0,0,123,A,Minor,50,63,31,97,0,21,4
1,1879,7,27,2488,0,165018046,39,46,34,0,0,125,A#,Minor,54,50,62,0,0,18,11
2,2001,2,11,7295,27,760416593,151,109,170,5,30,90,E,Minor,92,97,74,9,0,15,8
1,1836,11,9,2083,0,343913018,35,2,12,0,13,116,A,Minor,71,33,48,12,0,10,40
1,1881,5,26,331,14,92892559,12,115,8,2,59,112,,Major,84,68,89,53,0,10,5
1,2104,6,19,4033,44,470111203,61,47,189,1,11,143,F#,Major,92,104,58,39,0,36,28
1,1872,3,20,1914,0,739024984,3,0,58,0,319,169,,Major,53,56,60,11,0,44,7
1,2044,11,13,565,4,191413884,35,111,27,0,0,95,C#,Major,59,30,94,0,0,9,11
1,2001,5,30,178,6,144008405,1,9,1,0,1,136,B,Major,58,27,37,92,0,11,4
1,2216,2,10,2036,4,155918782,87,29,62,9,480,126,G,Major,90,100,71,63,0,10,4
2,1846,2,4,1015,0,79712308,46,1,28,0,0,131,C#,Minor,81,49,53,48,0,11,37
3,1891,6,1,1755,0,93087907,10,0,2,0,0,150,A,Major,93,48,69,0,0,8,23
1,2132,13,10,19489,33,1886287122,85,66,488,0,15,108,A#,Minor,69,48,52,30,0,6,32
5,2143,6,2,194,0,35634369,3,10,3,0,0,107,F,Major,99,58,50,39,51,27,7
1,1884,1,25,379,0,97493190,11,52,14,0,12,116,A#,Minor,67,90,86,1,0,16,9
1,1995,4,19,270,29,77299882,6,37,6,6,193,163,A#,Major,52,50,37,65,0,10,6
1,2162,4,20,14706,26,1275397037,32,79,624,1,1,151,,Major,55,18,86,0,0,7,5
2,1878,9,27,12565,76,1174948998,314,183,564,43,660,117,G,Minor,53,42,100,4,0,32,4
2,2210,7,30,10136,42,1008672061,246,131,599,16,59,114,F#,Minor,67,27,70,53,0,18,9
1,2008,5,11,1528,0,241825536,26,27,27,1,1,162,G#,Minor,94,63,14,65,33,12,11
1,1935,10,22,27079,6,1645666784,68,0,6492,2,0,100,D#,Minor,56,39,97,1,0,33,6
1,2164,4,26,3118,21,1051688017,43,108,64,1,34,115,C#,Major,66,49,73,2,0,8,3
2,2004,5,6,1083,0,355220745,8,32,12,1,1,112,C#,Minor,74,45,56,69,0,11,40
1,2084,3,6,5994,0,950040228,102,45,634,1,,73,A,Minor,44,27,33,85,0,13,4
1,2174,9,27,3387,0,284008986,127,30,215,1,44,184,A,Major,27,18,28,88,0,13,3
1,1965,11,21,7079,0,658974121,31,21,15,0,4,141,G,Major,52,25,36,10,20,17,3
2,1849,2,21,4327,45,602320317,124,123,170,18,367,180,E,Minor,73,58,57,67,0,9,30
1,1930,12,4,766,2,99729004,27,19,33,1,0,96,E,Minor,60,34,73,16,0,10,5
1,2189,1,1,20536,7,749149126,30,10,265,0,0,140,C#,Major,38,31,67,14,0,9,5
1,1867,10,13,11890,0,813827854,35,0,596,0,0,94,E,Major,32,38,22,96,0,29,3
3,2121,11,28,586,1,230341147,15,3,74,0,0,129,F#,Minor,76,50,64,39,0,13,30
1,2190,11,7,570,4,136330465,21,1,78,2,0,139,F,Major,81,97,70,70,0,32,3
1,2174,5,19,1488,0,142730468,27,2,29,0,0,129,,Major,43,29,20,96,0,10,4
3,1865,10,17,3509,0,379192697,72,3,77,0,3,117,C#,Minor,86,32,52,44,0,10,7
1,2174,11,8,17651,50,2607532659,418,133,1817,0,,120,C#,Major,48,48,37,82,0,11,3
1,2024,11,25,13674,0,525497884,225,30,416,0,0,120,,Major,58,21,62,0,2,29,3
1,2186,5,16,427,32,90104769,9,119,6,0,142,130,E,Minor,75,71,86,3,0,26,5
1,1953,6,15,2320,55,59196509,0,0,106,17,0,118,G,Minor,68,98,82,12,19,8,4
2,2025,5,13,239,5,95091719,7,61,4,1,101,140,G#,Major,72,42,46,81,0,11,3
1,2097,4,23,1866,0,249665249,54,9,45,0,1,74,G,Major,41,21,69,9,0,10,8
1,1885,6,9,794,0,304500157,5,144,17,0,3,84,G#,Major,68,72,86,2,0,4,18
1,1976,10,10,2799,13,839976148,43,108,118,0,,133,C#,Minor,77,38,53,17,0,13,25
1,1869,10,26,3154,0,338037084,68,104,29,0,2,126,D#,Minor,85,58,43,14,3,9,11
1,2009,2,16,1557,2,153546372,65,6,45,0,158,98,F,Major,59,74,75,6,0,35,3
1,1964,3,25,610,0,50791194,22,6,10,0,85,115,G,Major,80,21,87,29,0,13,4
2,1862,6,2,362,5,76317500,19,38,5,0,17,111,A,Major,72,5,31,19,0,12,5
3,2189,1,33,579,4,185478915,24,3,41,0,0,120,G#,Minor,85,65,61,1,0,7,4
1,2219,5,31,149,6,150249012,1,10,1,0,1,137,B,Major,57,24,38,93,0,10,4
1,1900,3,24,1441,46,121735978,45,117,62,14,363,85,C#,Major,77,57,73,7,0,9,4
2,1915,8,28,6036,5,542551166,106,15,69,0,2,145,C#,Major,74,14,61,1,0,22,35
2,1891,1,8,851,0,62433206,3,0,5,0,0,150,C#,Major,74,31,74,0,0,7,7
2,2028,5,6,1738,8,488737146,7,27,19,1,0,211,B,Minor,61,60,79,24,0,24,19
2,2070,1,1,11390,0,491688214,124,109,408,0,0,145,D,Major,57,83,33,96,0,32,6
1,2002,11,3,4153,0,390944345,69,104,42,0,0,99,G,Minor,56,43,41,48,0,10,18
1,2130,9,3,1150,0,183233045,10,0,16,0,1,91,G,Major,82,71,82,16,23,33,6
1,2100,6,10,820,0,302846240,30,117,28,0,0,184,C#,Major,58,66,84,4,0,33,20
3,2061,11,22,1027,20,461285087,13,119,8,5,3,127,B,Minor,72,80,69,16,0,28,10
1,2011,1,11,12272,105,1397193471,277,212,791,62,1030,120,,Major,77,63,65,6,0,3,7
1,2047,5,21,371,21,47091020,12,16,19,4,95,107,C#,Major,62,38,73,34,0,28,6
1,1954,7,8,72,33,28222188,8,182,4,4,36,140,E,Minor,77,57,75,51,0,11,5
2,2089,5,22,4793,6,1243031631,87,46,136,0,,178,D#,Major,29,11,33,61,0,12,5
3,1983,1,19,2668,0,71224767,37,43,25,0,1,134,C#,Minor,75,6,76,5,24,6,6
1,1937,6,25,2485,3,461795904,38,83,37,0,5,101,A,Minor,70,25,57,64,0,10,5
1,1859,12,2,193,6,182518353,7,6,0,0,50,130,F,Major,47,17,43,81,0,11,3
2,2049,5,4,96,0,35865740,5,9,5,0,0,156,B,Minor,58,17,51,33,0,36,5
1,1845,1,1,4571,17,591310223,25,95,111,0,44,150,G#,Major,41,26,58,9,0,15,3
1,2178,3,31,10449,6,1323957869,137,112,814,1,99,130,C#,Major,44,18,61,19,0,34,4
1,2088,5,3,2389,0,229624045,64,8,267,2,95,154,G,Major,48,19,59,5,0,44,3
1,1987,3,27,1378,0,173772029,18,4,49,0,1,92,D#,Minor,64,90,84,6,0,36,4
1,2200,5,6,8455,44,1374302299,133,143,143,14,165,113,F,Minor,60,21,69,9,0,13,26
2,2174,3,20,10000,5,1102806556,238,97,453,3,10,126,,Major,67,68,72,3,0,10,3
2,1876,1,22,893,25,470972006,17,133,11,7,15,133,G,Minor,86,84,83,10,0,12,5
1,2023,11,16,19031,89,1749484893,228,124,3163,19,,120,E,Minor,42,12,55,73,0,8,4
3,2003,12,28,19313,0,624286987,138,18,1542,0,0,91,G,Major,78,78,80,3,0,38,4
3,2073,6,13,402,31,11083749,18,26,27,3,224,103,,Major,79,89,84,5,0,6,5
2,1866,6,28,9552,47,1001854935,220,124,583,18,57,117,F#,Minor,69,25,70,56,0,17,10
1,2019,6,7,397,53,53500035,39,203,20,5,177,136,F,Minor,81,51,75,19,0,16,7
2,1969,6,1,281,8,12207653,5,2,30,2,61,126,B,Minor,85,72,65,45,0,13,26
2,2146,12,22,485,4,84813532,6,1,20,0,1,75,C#,Major,57,41,34,69,0,11,31
2,2178,5,34,8821,14,1350817408,160,120,366,7,0,183,D,Major,61,26,63,60,0,22,32
1,2010,1,1,10865,0,791217635,158,107,110,0,,123,D,Major,74,81,37,79,0,6,3
3,1903,2,11,1935,0,111814690,37,3,28,0,0,160,G#,Minor,50,48,83,10,0,35,36
2,1906,6,11,3995,2,317922194,109,70,78,1,8,119,,Minor,95,66,81,12,1,9,5
3,1833,10,19,1290,0,130634281,32,24,18,0,0,88,C#,Major,89,68,80,7,0,12,5
1,2055,11,21,2449,2,350578124,8,17,21,0,1,109,D,Major,63,39,38,37,0,14,6
1,2176,13,8,734,0,54906485,2,15,1,0,0,119,D,Major,58,48,52,72,0,15,7
3,1983,2,24,1083,0,98056861,31,3,18,0,19,133,C#,Minor,84,43,73,8,0,11,6
1,1970,1,1,17484,8,1349429443,87,117,1169,0,59,134,F#,Major,49,69,86,2,0,26,4
1,1872,1,1,3163,0,BPM110KeyAModeMajorDanceability53Valence75Energy69Acousticness7Instrumentalness0Liveness17Speechiness3,17,0,55,0,0,113,A,Major,53,81,70,8,0,18,3
3,2138,10,5,5150,0,409015050,57,37,76,0,0,88,D,Major,59,82,57,6,0,34,4
1,1817,1,1,29141,42,1969098726,177,97,3523,11,161,127,C#,Minor,66,51,76,6,0,12,4
2,1920,11,27,1264,0,166070579,11,1,11,0,8,116,F#,Minor,45,40,70,9,0,8,21
2,1887,12,4,1082,0,98265416,3,8,5,0,0,123,D,Major,59,11,49,1,0,26,24
2,2009,2,21,21968,20,2133404393,351,175,2934,3,33,112,B,Minor,63,46,69,3,0,16,4
2,2160,2,25,4124,47,565870337,104,133,168,18,346,196,E,Minor,68,60,61,69,0,9,31
1,1988,9,20,1235,0,125949433,4,0,9,0,0,152,F#,Major,38,7,22,79,1,12,6
1,2103,11,8,751,0,47818008,0,8,2,0,0,136,B,Major,48,35,62,73,0,39,8
1,2054,10,11,277,6,338153637,11,85,1,0,7,101,F#,Minor,64,41,53,34,0,9,4
3,2218,6,23,6880,0,551608073,84,5,69,1,0,158,F#,Minor,69,83,60,11,0,8,17
1,1899,8,20,692,11,244481101,19,136,11,0,13,137,,Major,72,77,99,10,0,10,13
2,2063,4,26,330,2,245335688,4,33,11,1,1,140,D#,Major,49,15,45,60,0,13,3
1,2034,9,2,851,0,151676489,9,1,8,0,0,142,E,Minor,66,26,78,8,0,54,24
2,2100,1,7,823,0,59011928,3,0,5,0,0,151,C#,Major,75,29,68,0,0,7,7
2,2011,11,14,553,0,277667110,22,84,101,0,0,129,F#,Minor,74,65,67,27,0,12,7
3,1918,4,7,4393,70,178566560,151,105,197,12,847,127,G,Major,65,24,92,0,0,11,3
2,1812,1,1,9697,0,494991252,129,116,444,0,0,144,D,Major,65,88,31,87,0,33,6
1,1913,1,21,7978,12,976691008,123,69,1251,2,,182,A,Major,44,25,82,10,0,11,7
1,2207,2,26,3064,60,215836163,81,103,150,17,1015,162,D#,Minor,50,31,79,23,0,12,8
2,2143,6,1,298,8,12847199,5,2,29,2,60,142,B,Minor,89,70,64,40,0,12,23
4,1831,1,5,755,3,252455000,33,0,11,0,0,180,F,Minor,66,58,44,38,0,36,4
1,2040,10,1,1264,0,356538906,20,98,47,0,2,116,A,Major,77,93,87,9,0,7,7
1,2085,7,9,11220,4,663733131,25,0,818,0,0,99,C#,Major,36,16,26,68,5,10,3
1,2043,12,1,8647,26,1583472182,186,133,577,0,23,108,D#,Major,48,19,62,60,0,10,6
1,2129,5,13,4925,12,268108274,168,259,147,3,125,93,D#,Minor,78,54,52,13,0,8,8
1,1905,6,4,9720,30,1245414846,112,91,159,4,0,177,C#,Major,65,46,68,31,0,15,12
2,2179,7,12,15373,32,2171340053,240,98,999,2,144,120,E,Minor,36,13,31,88,0,9,3
1,1985,5,25,3235,107,119047222,0,0,139,36,0,118,B,Minor,69,79,77,2,0,30,5
2,1827,3,10,5256,43,220897210,148,125,226,9,654,129,A,Major,66,33,91,4,4,8,4
2,1961,6,27,10721,48,1069450650,254,118,531,17,58,113,F#,Minor,68,25,61,52,0,18,10
1,2044,1,1,20299,50,1080337779,82,144,1607,3,195,121,C#,Minor,52,24,70,7,0,12,3
1,2209,4,11,374,14,132322880,16,101,7,0,51,123,E,Minor,73,38,91,1,0,7,5
2,1835,1,15,320,0,151023678,10,0,39,0,0,151,D,Minor,82,78,52,62,0,9,7
2,2207,8,14,534,133,139557373,42,250,46,11,819,126,B,Major,83,95,87,32,0,8,4
1,2065,12,25,9675,2,888970460,142,118,183,1,10,132,C#,Minor,45,49,79,24,0,73,6
1,1841,12,8,24002,5,2313292408,297,84,2495,0,34,110,E,Major,58,57,39,86,0,28,46
1,1899,1,1,31252,60,1584384035,212,0,3771,9,0,125,F,Minor,45,42,61,9,0,11,3
1,1938,4,9,2569,0,206645789,75,0,52,0,0,89,A,Major,68,32,32,65,1,12,4
1,2182,4,22,290,13,89990539,17,109,9,0,52,144,G#,Major,82,34,90,16,0,17,8
1,2022,11,32,3870,6,338562683,125,45,144,0,221,107,F#,Major,93,61,50,3,0,5,15
1,1892,6,25,2646,3,450096437,37,81,42,0,5,107,A,Minor,76,26,65,63,0,11,5
1,1874,1,1,14294,0,720477443,191,162,199,0,,142,G#,Major,74,85,37,73,0,48,5
1,2124,4,1,1260,0,173034585,19,0,31,0,0,145,C#,Major,71,41,59,16,0,10,12
2,1843,6,16,1661,0,104922822,0,0,15,0,0,86,,Major,83,74,65,6,0,16,20
2,1896,10,21,765,0,260240345,7,3,92,0,0,168,G#,Minor,47,62,88,54,0,101,27
1,1981,1,1,30532,6,1157998351,224,106,4757,1,38,96,F#,Minor,91,79,67,27,0,7,36
1,1949,1,1,10177,49,259067683,24,120,296,3,364,163,D,Major,39,21,87,23,0,9,8
4,2125,3,16,949,0,174174878,34,0,53,0,0,144,D#,Minor,102,83,44,25,0,12,25
1,2223,7,28,8400,0,1094575874,147,143,293,0,,68,,Major,31,31,22,71,0,15,4
1,2157,2,18,741,12,307934828,15,40,12,1,1,194,G#,Major,56,87,48,39,0,6,4
2,1874,5,25,24410,0,1720791442,72,49,2527,1,0,183,C#,Major,60,10,79,7,0,8,18
2,2103,3,33,699,11,153318729,15,97,20,2,28,128,D,Major,86,55,67,41,0,8,4
2,1914,9,14,322,0,50006235,6,1,6,0,0,96,A#,Major,89,52,68,13,0,16,8
1,1883,5,27,6407,20,1396701528,0,0,838,0,0,140,C#,Minor,69,49,50,78,0,13,3
1,2112,3,17,761,26,88310316,26,82,23,0,148,157,C#,Minor,77,81,81,6,0,10,9
1,1862,9,15,20156,0,1040625179,111,1,629,3,0,104,A#,Minor,58,20,57,79,0,6,6
2,2075,11,28,3947,35,485711768,51,70,51,10,7,113,G#,Major,74,63,73,29,0,32,18
2,1839,5,29,10266,15,1200857244,168,117,380,7,0,167,D,Major,59,25,65,57,0,23,31
1,2073,5,6,1244,0,287842370,7,20,12,0,0,144,,Major,90,98,58,26,0,17,5
1,1938,2,10,1869,14,421729076,1,52,19,0,17,140,A,Minor,52,36,43,34,0,10,10
1,1959,5,13,5085,0,327437848,56,16,62,0,200,130,D#,Minor,73,40,64,36,0,12,14
1,2219,5,6,9590,45,1297628613,118,122,150,15,160,107,F,Minor,63,19,76,11,0,13,23
1,2002,4,33,2651,2,394536812,28,2,37,1,0,183,A#,Minor,75,74,62,6,0,11,40
3,1930,1,8,1528,0,95631918,7,18,7,0,0,146,C#,Major,44,28,62,34,0,60,3
1,2134,3,28,31906,1,1808157057,300,108,1344,0,5,137,C#,Minor,97,40,55,0,0,8,13
1,1841,1,1,18031,8,727663967,34,10,283,0,0,157,C#,Major,34,25,69,13,0,10,5
2,2128,6,10,3524,2,294718244,102,79,85,1,8,118,,Minor,97,69,85,11,1,10,5
1,2061,5,22,7068,9,769590300,177,41,188,16,59,108,A#,Major,69,99,80,32,0,12,5
1,1850,11,21,1768,0,193875813,10,5,12,0,2,177,,Major,33,37,15,92,0,12,5
2,2050,11,4,1021,0,108648324,6,5,3,0,0,140,F,Major,89,66,62,0,0,13,18
4,2083,8,13,6868,0,417473831,116,10,218,0,1,120,G#,Minor,85,72,85,2,0,5,5
2,1903,6,22,53,17,37401372,2,98,4,2,174,121,B,Major,78,76,59,34,1,15,3
1,1960,1,19,4153,0,515119152,123,6,77,1,1,171,F#,Major,74,85,69,11,0,8,32
1,2063,3,27,1219,0,142999138,21,4,50,0,1,92,D#,Minor,63,99,82,6,0,32,4
2,2204,6,17,14709,2,2446745302,470,53,1778,1,8,110,A,Minor,75,70,55,4,0,8,3
1,2215,9,16,428,10,248670999,2,127,14,0,1,135,G,Major,99,55,61,7,0,58,10
1,2079,1,1,31912,0,2071660952,346,129,3585,0,28,82,D,Major,71,55,45,51,0,16,3
1,1963,6,15,2040,64,60765972,0,0,98,19,0,141,G,Minor,68,101,82,11,18,8,4
2,2063,8,4,5497,0,398336328,32,130,6,0,4,133,D#,Major,38,16,69,2,0,34,9
1,1912,11,30,38880,6,1471767967,201,118,6412,2,72,112,G#,Major,78,51,78,13,0,5,3
1,2033,6,10,993,0,86112564,48,14,19,0,0,88,D#,Minor,65,29,68,4,0,20,4
2,2015,3,15,1083,12,107682586,46,33,27,1,158,147,C#,Major,90,53,39,2,0,10,48
1,2206,10,23,1664,0,160208865,4,5,8,0,0,156,G,Major,45,60,82,44,0,16,11
1,1871,9,10,2318,14,834313186,47,100,138,0,,150,C#,Minor,79,36,58,16,0,14,25
1,2068,10,31,9979,4,1132865505,39,75,351,0,3,79,A#,Major,60,35,50,7,14,11,3
2,1858,6,2,350,5,72161346,17,44,5,0,18,126,A,Major,80,5,30,23,0,12,5
1,1882,5,6,1073,3,263619386,7,25,12,0,0,111,G#,Major,77,77,76,18,0,42,8
1,1873,7,27,219,0,76506247,12,2,14,0,4,132,E,Minor,84,66,59,32,0,11,4
1,2174,3,17,2110,47,122722149,52,100,67,1,0,101,F#,Minor,49,17,33,73,9,12,3
1,2195,11,10,927,0,60946811,5,9,1,0,0,88,D,Major,50,42,76,10,0,32,4
1,1856,6,9,1131,0,84309469,55,14,20,0,0,88,D#,Minor,59,31,67,4,0,18,4
3,2136,3,31,801,0,191068068,14,0,12,0,0,85,A#,Major,85,48,79,13,0,22,22
1,2098,1,25,531,20,236565918,7,73,4,2,12,144,G,Minor,79,105,74,17,0,5,5
2,1837,3,11,3798,0,292315817,68,2,50,11,0,135,G,Major,81,70,62,18,0,10,20
2,1883,1,25,875,27,471982225,20,132,10,6,14,145,G,Minor,82,83,81,11,0,12,5
1,1844,11,21,1921,0,257087298,39,46,21,0,0,187,D,Major,61,41,54,2,0,4,31
1,2138,1,10,459,0,222928951,10,52,16,0,0,148,G,Minor,70,70,68,46,0,36,4
1,2177,1,1,14232,0,1068591359,247,33,632,0,15,126,G#,Minor,82,24,57,43,2,11,23
2,1908,11,3,546,0,76579855,2,0,7,0,0,85,C#,Major,79,78,69,4,0,7,6
3,2214,13,2,1695,50,288018604,24,92,31,1,183,117,C#,Minor,79,46,54,20,0,17,37
1,1917,13,2,221,6,164633126,7,6,0,0,51,136,F,Major,53,17,42,72,0,11,3
1,2203,10,22,1179,0,165754411,1,6,10,0,0,98,F,Major,60,58,77,22,0,8,4
2,2213,7,3,5196,14,627208774,97,20,85,15,35,99,F,Major,76,43,74,11,0,11,7
2,2221,7,5,235,7,48366901,6,13,8,2,4,78,A,Minor,41,14,67,1,0,19,7
1,2049,4,13,332,17,147679986,36,96,7,1,107,176,C#,Major,61,86,94,11,0,36,8
2,1982,7,21,1040,2,228048943,17,10,13,1,1,124,B,Minor,80,73,90,32,1,11,4
4,2087,5,19,3324,3,304305436,40,1,34,0,1,177,A,Minor,87,76,82,11,0,16,15
1,2095,6,5,32,37,36949007,2,108,9,0,0,91,C#,Minor,57,32,48,9,0,79,4
1,2058,6,27,7863,10,555478124,213,87,349,25,25,117,G,Major,82,67,67,4,0,7,13
1,2120,1,11,11684,116,1241763632,329,206,792,58,1054,109,,Major,68,71,65,6,0,3,7
1,1916,6,20,5326,0,443903405,47,1,78,0,12,91,,Minor,44,45,43,21,7,8,20
1,2067,12,27,7478,7,924575068,46,19,135,0,6,77,A#,Major,58,49,74,61,0,12,4
1,1854,10,16,18745,77,1770812490,242,110,3712,21,,126,E,Minor,45,12,54,72,0,10,4
1,2066,1,1,17888,3,1734272245,137,22,2066,0,32,83,F,Major,71,47,48,56,0,8,4
1,2066,4,29,2930,2,421880987,30,2,33,1,0,193,A#,Minor,85,70,67,7,0,10,40
2,1896,4,9,16874,0,1607910709,354,70,486,0,11,107,G#,Major,77,75,64,30,0,14,3
2,2167,6,2,195,0,26210082,3,3,6,0,0,137,B,Major,76,24,70,4,0,22,12
2,2124,11,4,1708,2,200024884,27,53,11,0,93,124,G,Major,83,18,73,1,0,17,5
1,1825,11,27,13282,0,498969016,209,28,467,0,0,121,,Major,58,22,60,0,2,28,3
2,1895,3,4,411,13,168594193,7,14,11,2,32,102,D,Major,94,43,49,35,0,9,38
1,1966,10,22,2514,4,441233868,19,27,20,0,0,130,,Major,60,19,40,74,0,13,7
3,2138,3,13,6114,0,513130252,43,13,94,0,1,94,D,Major,79,38,50,2,0,8,3
3,1828,6,2,259,0,39949176,5,18,5,0,0,129,A,Minor,79,27,55,17,0,23,14
2,2163,6,10,4016,2,279809793,113,72,87,1,9,116,,Minor,84,69,84,12,1,10,5
2,2062,6,8,1323,0,228441859,28,15,18,0,1,134,C#,Minor,87,39,75,6,0,64,5
2,2040,2,2,809,10,218275075,15,96,65,3,77,150,A,Major,64,57,66,35,0,29,21
3,1960,11,17,1303,19,239703542,43,20,61,4,92,99,F#,Minor,87,97,77,39,0,20,11
3,2022,3,18,2998,0,246859204,51,18,33,0,0,96,G,Minor,79,68,75,15,0,17,6
2,2144,12,4,1676,0,128391701,27,8,17,0,3,105,C#,Major,66,27,61,1,0,35,7
1,2191,11,9,1909,0,270463325,22,72,14,0,10,136,,Minor,74,33,50,41,0,14,7
1,1989,5,6,1207,0,289817336,7,22,12,0,0,130,,Major,91,90,59,26,0,16,5
1,1821,11,2,11475,8,1132142513,184,82,246,6,15,116,D#,Minor,82,55,63,39,1,10,4
2,2074,6,1,278,8,12860142,5,2,31,2,64,127,B,Minor,94,67,59,43,0,13,25
1,2077,1,23,130,4,179722482,4,6,0,0,25,112,D,Major,59,21,40,83,0,13,4
2,1886,5,4,104,0,36702539,5,10,5,0,0,141,B,Minor,59,18,45,33,0,33,5
2,1872,5,13,2872,0,129521841,22,0,21,0,0,145,C#,Minor,90,80,57,46,0,13,9
1,1965,3,21,2980,19,711696095,161,81,220,24,0,180,,Major,58,55,61,10,0,44,6
1,2118,11,17,1361,2,275173298,18,12,16,0,0,131,,Major,64,42,72,32,0,10,41
1,1877,10,8,4752,23,680189681,20,43,0,0,9,139,A,Minor,67,19,55,11,0,6,4
1,1881,1,1,10486,0,784748054,169,101,106,0,,130,D,Major,80,72,36,81,0,5,3
1,1882,5,11,1592,15,436295260,22,65,42,1,182,111,E,Major,61,25,32,79,0,29,3
1,1902,1,10,11945,0,887927287,78,82,237,3,10,103,D#,Minor,78,59,67,3,0,11,3
3,2102,8,23,900,7,133680051,15,13,12,2,28,129,A#,Major,76,88,79,13,0,12,33
2,2025,1,14,429,2,162358447,16,38,21,1,14,105,,Major,79,58,66,7,0,26,4
2,2153,1,24,1036,24,468812512,17,156,11,6,14,137,G,Minor,71,90,86,9,0,12,5
1,1983,12,10,837,0,73046905,6,19,1,0,0,124,G,Minor,49,49,64,66,0,10,24
2,1955,7,26,6389,37,740463557,77,58,139,7,0,83,C#,Minor,81,53,67,34,0,9,8
1,1830,5,26,6435,20,1492283848,0,0,843,0,0,150,C#,Minor,59,53,53,69,0,13,3
1,2032,5,20,2856,4,842253661,25,43,111,0,41,174,F#,Major,42,37,42,76,0,9,14
2,1895,3,3,2304,43,216974437,76,70,114,10,351,130,G#,Minor,78,67,64,3,1,11,4
1,1888,9,3,1885,0,313508757,16,5,47,0,7,130,B,Major,40,36,41,65,0,8,6
1,2008,3,26,243,0,128782491,5,0,4,0,1,82,E,Minor,68,64,44,45,0,12,3
4,2156,6,10,2213,0,124375423,35,0,31,0,0,120,G,Major,81,14,52,1,0,8,6
1,2143,11,16,1358,0,242460537,44,57,83,0,24,80,A,Major,83,94,61,6,0,7,13
1,2156,10,19,3738,25,399244569,40,60,29,0,299,82,G#,Major,61,10,63,7,0,48,7
1,1946,4,21,647,4,163768233,16,11,19,0,0,154,B,Minor,88,59,39,30,0,10,9
1,1916,11,9,970,0,102563107,5,34,1,0,0,166,C#,Major,71,35,65,40,20,20,7
1,1987,11,19,4418,0,453838675,115,7,212,0,0,95,C#,Major,50,51,70,8,0,3,5
1,1826,11,8,847,0,61657195,2,14,2,0,0,138,C#,Major,81,69,46,5,0,11,7
1,2138,2,27,2730,62,219366472,74,101,136,19,867,136,D#,Minor,54,28,80,25,0,12,8
1,2087,10,4,4098,26,868360375,139,171,3,0,,117,A,Minor,69,30,68,6,0,11,4
1,1929,1,1,19135,3,1486105776,131,24,1839,0,32,75,F,Major,70,50,47,59,0,7,4
2,2209,1,25,4936,0,282935668,143,72,109,1,18,132,A#,Major,72,56,84,19,0,26,4
2,2009,4,26,348,9,78770054,15,99,10,0,58,100,B,Minor,81,25,68,1,0,42,6
1,1864,13,9,890,0,54261497,2,15,2,0,0,156,C#,Major,86,71,46,5,0,12,7
2,2201,4,28,419,4,71628505,19,7,42,1,29,110,F#,Minor,78,72,61,43,0,25,5
1,2187,9,12,618,4,191212679,40,110,28,0,0,104,C#,Major,55,27,99,0,0,9,12
1,1925,11,23,1683,0,179932814,4,5,8,0,0,161,G,Major,51,51,84,40,0,16,13
1,2021,7,7,435,58,52744535,35,218,21,5,168,149,F,Minor,74,53,89,19,0,15,7
1,2061,4,11,400,14,117059272,17,100,7,0,50,113,E,Minor,74,39,87,1,0,7,5
4,2098,8,18,775,0,158399096,13,1,12,0,0,95,A,Major,87,41,81,5,0,6,8
1,2145,3,20,5834,7,1271277156,84,1,220,0,2,87,F,Major,47,24,46,60,0,32,3
1,1881,4,21,664,4,153791528,15,11,17,0,0,144,B,Minor,90,62,39,31,0,9,8
1,2067,5,6,951,0,224133916,6,20,8,0,0,111,C#,Minor,93,71,62,9,0,53,11
2,1799,1,1,10245,0,465563518,138,100,385,0,0,129,D,Major,60,89,32,85,0,35,6
2,2190,6,16,1546,0,98275431,0,0,13,0,0,78,,Major,75,68,76,6,0,18,20
3,1927,8,5,2289,0,154903300,49,1,51,0,0,132,E,Minor,72,17,49,7,0,31,8
1,2190,12,29,36820,6,1416168832,213,120,6678,2,74,102,G#,Major,79,48,70,13,0,5,3
1,2195,5,21,7172,8,805570822,181,42,202,17,53,112,A#,Major,74,85,66,31,0,12,5
1,2170,2,6,718,11,270341275,25,18,16,1,4,124,G#,Minor,77,76,61,4,0,15,4
1,2146,3,18,4586,0,786616454,62,96,399,3,12,131,C#,Major,77,91,61,0,0,19,4
1,1980,1,1,32467,57,1686086141,242,0,3796,9,0,145,F,Minor,45,45,57,9,0,11,3
1,2213,3,15,3298,0,1276964036,11,11,280,0,8,152,A,Minor,62,24,43,61,0,14,6
1,2181,6,5,6525,12,476350856,3,1,32,1,40,114,F,Minor,51,55,79,0,1,10,4
1,2144,1,1,35959,0,2467381941,355,137,3563,0,26,76,D,Major,83,59,48,45,0,17,3
2,1880,8,4,5237,0,444198777,35,115,7,0,4,139,D#,Major,40,18,63,2,0,37,9
1,1999,9,12,333,0,55881198,3,0,2,0,0,100,D,Major,73,82,66,6,0,16,6
1,2206,4,5,178,0,53822721,16,14,7,0,0,109,G#,Major,63,25,56,43,0,6,3
1,2119,5,16,3401,47,330475961,80,135,81,16,402,139,A,Minor,64,25,78,14,57,12,6
1,2049,11,29,3228,19,515620257,64,47,150,1,109,111,F,Major,67,49,65,10,0,9,3
1,2140,1,7,1398,0,97003958,3,20,13,0,0,81,E,Minor,50,49,63,40,0,38,22
1,1840,8,10,9800,30,1407210833,254,71,494,20,,150,D,Major,85,84,83,26,0,4,8
1,2148,4,23,3164,6,569858853,46,58,136,1,32,181,G#,Minor,41,25,45,5,0,13,3
3,1871,1,29,525,4,191287180,26,3,38,0,0,105,G#,Minor,76,61,62,1,0,7,4
1,1927,13,1,484,1,256823702,16,97,11,0,0,131,A,Major,88,63,76,6,0,5,12
2,1874,1,15,324,0,152370042,10,0,42,0,0,151,D,Minor,72,85,51,61,0,9,7
1,1887,5,13,2412,0,221120474,88,12,178,11,3,126,G,Major,59,80,93,0,0,11,6
2,1858,10,19,2703,0,182657361,108,55,29,0,0,95,F,Major,66,95,81,1,0,12,4
1,2188,13,10,671,0,55395130,2,14,1,0,0,122,D,Major,59,49,57,71,0,17,8
2,1845,3,3,2013,43,226324535,73,72,107,11,340,118,G#,Minor,77,71,69,3,1,10,4
1,1878,6,10,1950,8,216211949,119,67,113,1,7,90,A#,Minor,64,71,65,33,0,20,7
1,1966,5,11,4812,12,266897250,165,295,138,3,136,96,D#,Minor,84,50,53,14,0,7,10
1,2094,1,1,4766,15,585326491,24,108,111,0,39,171,G#,Major,48,26,57,8,0,15,3
3,1895,10,21,890,7,139741738,15,13,11,2,29,144,A#,Major,82,83,84,15,0,13,33
1,1941,9,24,25705,5,1775383780,67,0,7253,2,0,102,D#,Minor,57,40,94,1,0,35,6
1,2068,3,20,5558,22,1114827966,109,34,87,0,,161,D,Major,61,37,77,21,0,43,6
2,2065,5,26,24780,0,1617054740,81,47,2610,1,0,172,C#,Major,56,9,85,7,0,8,18
2,2039,1,1,38809,0,1428820013,237,144,6820,1,,135,,Major,87,81,56,50,0,11,4
2,2211,5,13,1770,0,34086774,3,0,2,0,0,138,G#,Minor,46,46,36,80,0,10,36
1,1939,4,29,870,20,372238618,17,72,23,9,36,173,,Major,60,69,51,11,0,22,3
3,2203,6,23,1072,84,64095249,80,148,62,14,1178,153,,Major,79,69,55,50,0,21,25
1,2207,11,3,962,0,85008047,64,14,39,1,0,135,A,Major,56,22,41,61,0,9,3
1,1920,8,5,33398,6,1730466840,133,23,8056,1,0,140,F,Major,60,19,41,69,0,11,2
3,2207,8,5,1598,0,232342110,53,2,31,0,0,117,,Major,70,96,87,2,0,21,12
1,1919,13,9,1869,0,281023252,25,67,13,0,9,152,,Minor,71,37,52,43,0,15,6
1,1838,2,19,764,11,308877409,18,44,14,1,1,198,G#,Major,60,81,46,43,0,7,4
1,1906,12,16,1441,2,287489883,18,11,16,0,0,119,,Major,71,51,83,32,0,9,44
2,2122,9,2,1855,0,382321978,106,11,40,0,0,114,G#,Major,72,63,91,10,0,13,10
2,1985,11,5,88,0,130772316,10,110,0,0,46,96,A,Major,55,45,57,74,0,6,3
2,1824,2,21,3877,44,594568866,111,115,186,18,386,180,E,Minor,75,55,66,62,0,9,26
1,2055,1,30,555,0,92150556,11,55,0,0,96,109,G#,Major,54,72,81,0,0,14,3
1,1829,3,3,192,2,201693459,13,4,0,0,0,77,F#,Major,63,75,43,75,9,12,4
2,2095,4,7,1006,0,69319763,24,0,49,0,0,192,G,Minor,69,46,60,37,0,9,8
1,2121,6,2,296,18,67139994,9,101,5,0,77,111,F,Minor,89,65,84,9,0,7,33
1,2009,4,20,251,11,120838597,6,80,9,2,8,80,G,Major,69,88,87,32,0,43,30
1,2111,11,10,884,0,66662900,6,19,1,0,0,129,G,Minor,50,49,66,61,0,9,23
2,1873,10,6,4689,40,655419161,62,85,86,10,16,95,C#,Minor,95,41,60,0,0,10,27
1,1905,5,4,2908,2,503607564,18,80,0,0,5,98,A#,Major,80,51,63,4,0,5,23
2,2129,2,23,413,10,101368035,11,15,13,3,1,153,F#,Major,81,62,84,39,0,10,27
1,1882,10,4,1835,33,347554257,37,25,40,5,1,99,B,Minor,76,55,79,26,0,10,16
1,1827,3,21,3153,19,717502161,143,84,221,26,0,175,,Major,59,52,69,11,0,45,6
1,1885,10,20,1108,0,118160270,4,0,8,0,0,167,F#,Major,40,7,23,80,1,12,6
2,2109,10,6,4727,40,725424072,69,73,87,10,15,103,C#,Minor,85,44,63,0,0,10,28
1,2036,12,9,902,0,70418746,3,18,2,0,0,160,F,Major,45,46,46,61,0,14,5
1,2103,12,6,13396,1,1335120189,242,74,476,2,5,96,G#,Major,63,55,82,2,0,10,5
1,2066,11,1,487,1,270532681,18,80,12,0,0,119,A,Major,79,64,74,6,0,5,11
2,2001,3,29,14513,8,1916741511,185,14,543,0,58,107,F#,Minor,71,98,85,1,0,7,6
2,2058,9,17,1506,4,234169000,26,60,66,1,4,145,,Major,66,56,88,15,0,68,4
1,1835,13,2,2449,39,354452082,31,60,34,5,3,88,G#,Minor,75,58,82,11,0,34,6
3,1919,3,5,15751,0,1212874415,244,126,545,0,11,151,F,Major,57,72,60,17,0,8,3
1,1842,9,21,7822,5,1773186279,262,159,555,0,,104,F#,Minor,70,73,74,1,0,9,9
2,1854,4,29,365,4,82107079,16,6,39,1,31,119,F#,Minor,77,70,54,36,0,27,5
3,2034,7,22,14588,70,1070053721,84,59,256,1,317,82,F#,Major,52,62,55,39,0,11,9
2,2173,6,5,216,6,49640390,6,15,7,2,4,85,A,Minor,39,13,71,1,0,20,8
1,2132,11,18,1551,0,209802010,44,62,86,0,24,73,A,Major,70,101,62,6,0,8,12
2,1837,1,15,329,0,152808651,10,0,39,0,0,156,D,Minor,71,84,55,67,0,8,7
1,1869,1,26,1375,0,138461375,53,4,46,0,0,116,B,Minor,61,43,36,71,0,12,3
2,1873,9,3,4902,6,643313806,122,114,103,0,3,158,C#,Major,68,26,45,5,0,23,24
1,2111,2,11,646,5,225921978,4,119,21,0,1,141,D,Minor,50,52,79,30,0,9,7
1,2206,1,1,9803,0,634875163,186,102,329,0,0,166,F#,Minor,62,80,56,53,0,9,4
1,2089,2,23,1455,0,55188992,46,48,32,0,0,76,B,Major,45,35,75,19,0,10,5
2,1950,1,13,638,13,332682997,11,87,6,1,27,97,,Major,72,39,52,6,0,9,8
2,2114,8,2,2108,0,390703871,94,13,42,0,0,97,G#,Major,83,58,84,9,0,12,10
1,2180,1,25,1229,0,159033081,55,4,46,0,0,107,B,Minor,69,43,40,66,0,10,3
2,1941,6,1,2010,98,199346414,73,199,93,18,1001,148,C#,Major,90,67,53,19,0,8,23
1,2019,4,18,15143,26,1251431591,33,79,570,1,1,148,,Major,54,19,91,0,0,7,5
2,1867,4,24,879,0,179298866,20,0,8,0,0,103,,Major,59,29,91,27,0,10,9
1,1984,11,3,1018,0,97557480,64,14,33,1,0,140,A,Major,65,26,41,56,0,8,3
1,1865,1,1,8184,0,237112428,111,31,53,0,1,154,G,Minor,68,89,66,72,0,7,7
2,2045,8,30,1563,0,206953072,36,53,36,0,2,153,D,Minor,63,18,61,18,0,19,8
2,2134,12,13,2456,28,323369734,56,67,56,1,17,118,F,Minor,100,40,65,42,0,9,30
1,2185,3,11,1225,6,227421902,18,10,16,0,4,118,F,Major,88,71,52,40,0,8,7
1,2106,1,1,29518,44,1631639345,192,2,4275,5,0,184,B,Major,44,31,65,0,0,23,3
2,1872,2,6,336,6,286104997,10,23,3,0,0,95,B,Minor,78,64,61,7,0,6,4
1,2163,8,9,16164,16,2568453244,229,35,1516,0,12,104,A#,Major,43,45,56,63,0,9,5
1,2065,9,1,1075,0,337091315,21,104,45,0,2,114,A,Major,87,92,84,10,0,7,7
2,1980,9,10,14548,30,2195156786,230,104,1135,2,137,122,E,Minor,34,13,33,97,0,10,3
1,1831,4,22,3052,6,551634800,44,52,132,1,31,179,G#,Minor,39,25,49,5,0,11,3
1,2146,13,8,986,0,65487437,5,10,1,0,0,90,D,Major,48,44,67,10,0,32,4
1,1915,6,27,5498,0,498913008,43,21,77,12,0,98,G#,Minor,94,80,65,29,0,9,16
2,2085,7,9,17618,35,2886289271,489,106,842,32,0,157,C#,Major,63,50,78,4,0,9,5
2,2176,11,18,3520,2,256952025,61,12,45,1,6,184,B,Minor,32,4,90,1,0,28,18
2,1941,6,27,2489,0,228459820,15,48,55,0,3,94,F#,Minor,62,34,43,39,0,36,13
3,2013,5,15,168,6,68670555,6,65,1,0,34,103,E,Major,55,48,54,49,0,11,4
2,2157,10,14,808,0,84654083,15,0,9,0,0,89,D#,Minor,71,22,55,6,0,50,4
2,2065,6,23,203,12,58634031,19,119,8,1,69,126,A,Minor,77,78,66,32,0,14,4
1,2013,5,6,923,0,228473927,5,18,8,0,0,106,C#,Minor,85,71,55,9,0,50,11
1,2193,10,13,540,4,190716476,40,100,28,0,0,100,C#,Major,62,27,90,0,0,9,11
1,2170,1,1,5250,0,198761009,51,83,828,0,0,166,G,Major,76,90,67,21,0,30,5
1,1830,5,19,736,13,385519588,22,86,10,0,23,161,F#,Minor,55,53,76,17,0,18,5
3,1956,10,5,3100,26,800459934,62,68,52,6,0,165,E,Minor,61,15,75,9,0,9,7
2,2067,2,24,24083,20,2104805603,339,170,2738,3,31,106,B,Minor,61,50,67,3,0,17,4
2,1896,2,1,947,2,207256256,46,0,109,1,1,137,A,Minor,80,53,55,4,0,9,8
1,2118,6,27,7850,12,846764778,140,70,126,16,29,181,C#,Major,64,71,49,64,0,40,4
1,2181,5,10,2833,3,812553236,23,21,120,0,13,178,A,Major,35,37,95,0,57,5,5
1,2055,11,2,201,7,179680860,7,6,0,0,45,137,F,Major,53,17,43,79,0,11,3
1,2064,1,1,34089,61,1718842573,251,0,4116,9,0,133,F,Minor,45,41,59,10,0,12,3
1,2084,5,19,3475,3,377910235,31,10,86,0,0,112,D,Major,47,40,31,91,0,10,4
1,2189,7,24,1439,0,115452242,40,0,25,0,0,150,F,Minor,67,25,52,15,87,12,5
2,1868,3,3,2325,41,231437652,83,71,99,11,318,125,G#,Minor,78,74,72,3,1,11,4
1,1874,11,20,1103,23,360274311,31,134,11,1,51,130,F#,Minor,82,19,68,3,0,11,10
1,2213,3,29,8952,0,720157248,223,87,566,1,1,97,F#,Minor,74,94,85,5,0,31,8
2,2175,1,30,7557,0,747808044,98,32,120,0,0,97,G#,Major,89,78,76,3,0,17,10
2,1908,5,6,6261,39,1059071628,66,107,103,14,30,76,D#,Minor,71,28,67,9,0,49,4
1,2210,3,3,197,2,200529815,12,4,0,0,0,71,F#,Major,64,70,48,68,9,11,4
1,2040,12,10,2372,34,435473442,3,71,20,1,49,97,F#,Minor,61,50,51,16,0,10,5
1,2106,3,18,329,13,162160119,4,68,15,1,9,136,,Minor,64,54,86,11,0,13,7
1,2112,12,17,1748,0,440838012,1,0,27,0,0,88,B,Major,75,67,55,34,0,9,3
1,2181,3,14,3529,0,1246836320,12,10,276,0,7,141,A,Minor,54,23,47,65,0,14,6
4,2157,13,1,10868,0,453550707,143,1,419,0,0,161,D,Major,34,36,65,33,0,82,3
1,2083,10,7,5614,0,889178144,86,92,173,0,11,95,B,Major,81,18,44,21,4,34,8
2,2089,3,15,3080,55,776558958,35,219,39,14,384,146,F,Minor,73,82,83,44,0,7,3
2,2040,11,4,1700,2,202441226,27,56,11,0,102,124,G,Major,71,19,69,1,0,16,5
2,1863,5,24,971,0,165868815,17,0,16,0,0,71,B,Major,85,62,58,82,0,12,32
1,1986,2,10,3752,0,480945983,82,0,94,0,2,193,G,Minor,35,25,56,24,0,21,6
1,1923,11,9,2522,6,298995735,53,107,61,12,2,102,G,Major,39,28,27,82,0,18,3
1,1855,1,1,34179,0,2129638900,329,134,3815,0,27,87,D,Major,78,53,46,43,0,19,3
2,2150,3,4,5897,4,765309163,192,37,460,10,32,91,G#,Major,74,100,66,18,0,33,4
1,2062,5,6,1415,0,294819718,9,11,21,1,0,80,A#,Major,67,40,67,25,0,9,5
2,2018,2,2,2129,30,281840331,44,77,57,8,4,194,C#,Minor,78,54,74,34,0,10,26
3,2033,6,2,731,17,84983136,15,60,30,1,48,99,A,Minor,57,13,49,4,0,22,4
1,2006,9,4,2608,0,190571923,8,61,61,0,0,75,G#,Minor,39,44,59,67,0,9,22
2,2123,9,20,2716,0,164068971,106,60,30,0,0,91,F,Major,59,99,88,1,0,12,4
1,1989,12,1,3934,0,506311711,20,3,10,0,0,154,D,Major,53,96,85,47,0,35,4
2,1897,12,4,1933,0,146568275,23,9,18,0,3,99,C#,Major,75,23,67,1,0,31,6
3,1895,3,18,2979,0,298802195,53,17,32,0,0,104,G,Minor,81,58,70,15,0,17,6
2,2078,8,24,6595,14,1042336665,0,0,0,0,0,109,A,Major,54,45,73,1,0,15,4
1,2151,9,4,3927,0,279178454,20,78,126,0,2,85,E,Minor,57,18,47,95,74,11,3
1,2211,11,9,630,0,55177373,2,15,1,0,0,107,D,Major,62,43,54,73,0,15,7
1,2077,7,17,2666,0,537990005,39,15,105,0,,84,,Major,65,53,53,17,0,12,8
2,1861,8,25,6738,5,611557867,116,15,58,0,2,132,C#,Major,67,15,58,1,0,24,31
1,2124,7,26,3909,12,1122191735,7,0,223,0,2,151,B,Minor,73,18,25,85,0,10,27
3,1995,6,2,265,0,38294917,5,18,5,0,0,122,A,Minor,75,30,50,20,0,23,15
1,2072,8,5,2143,16,306243624,72,95,60,0,164,86,G#,Major,41,38,61,23,0,7,7
1,2219,8,20,3705,36,658278326,42,66,53,4,3,93,F,Major,96,56,56,11,0,31,7
1,1971,8,17,4629,0,261798186,13,0,120,1,3,119,C#,Major,66,40,68,7,0,52,4
2,1927,5,6,1557,8,329157030,11,33,13,0,34,100,D,Major,77,57,56,63,0,7,4
2,2122,8,30,1584,0,216612603,32,53,37,0,2,152,D,Minor,62,17,68,19,0,18,7
2,2034,1,1,28937,29,1148683202,75,107,666,0,501,133,E,Minor,67,35,48,7,0,19,11
1,2191,12,4,733,2,104313307,28,19,35,1,0,84,E,Minor,57,35,69,14,0,10,5
2,1884,9,27,10966,19,1682448527,188,159,528,8,25,117,E,Minor,74,14,60,38,0,11,5
1,2159,1,1,27801,13,1960870452,69,89,3115,4,12,192,D#,Major,36,40,75,21,0,26,5
1,2018,5,22,3103,5,323825488,43,27,78,0,218,136,,Major,59,32,49,14,0,8,3
3,1954,12,2,1480,0,196238721,13,22,13,0,2,86,G,Minor,53,26,70,18,0,17,29
1,1909,3,3,348,4,87314349,4,19,0,0,0,122,F#,Minor,65,66,83,0,0,34,3
1,1919,5,10,1554,13,384272035,25,67,45,1,212,123,E,Major,63,25,33,75,0,31,3
1,2143,10,4,2481,0,466147364,5,1,67,0,0,121,G#,Major,68,8,52,25,0,9,4
1,1883,8,12,7475,0,1079166595,186,11,518,16,,130,E,Major,65,42,49,33,0,40,5
2,2164,11,4,484,0,65614877,8,1,7,0,0,125,D,Minor,66,27,48,48,32,13,3
2,1969,2,4,1055,0,59465697,8,0,32,0,0,106,C#,Major,93,58,80,11,0,25,26
2,1946,12,4,1680,0,155824603,28,9,15,0,3,104,C#,Major,68,27,65,1,0,31,7
1,2198,1,1,8349,21,870605261,165,105,155,0,5,225,G,Major,47,47,53,50,0,15,11
2,1962,3,17,1307,14,124291081,41,32,27,1,177,159,C#,Major,76,47,37,2,0,9,50
2,2055,3,3,624,2,120298140,21,82,8,0,9,97,B,Minor,63,85,81,55,0,8,14
3,1925,7,1,1625,0,94040487,11,0,2,0,0,153,A,Major,85,54,72,0,0,8,22
1,2044,3,3,1954,3,242128911,32,42,34,1,1,114,G,Major,86,39,39,34,0,11,29
1,2159,1,7,3848,0,333789065,53,83,58,0,,94,,Minor,71,87,79,28,0,34,5
1,1981,9,20,2873,4,438290183,20,30,22,0,0,148,,Major,67,16,36,67,0,12,7
2,1928,13,16,1737,14,240074873,29,14,35,2,49,107,G,Minor,76,65,73,8,0,12,5
2,2151,3,20,678,0,193732690,10,2,12,0,1,94,F,Major,75,77,72,44,0,26,8
2,2204,3,22,837,3,119787130,19,130,24,1,0,126,F,Minor,46,40,92,0,0,44,8
3,2006,6,22,3361,40,740493201,41,0,4,0,0,107,D,Major,96,78,53,58,0,9,3
3,1961,7,9,3165,21,639262652,99,35,68,1,2,157,F#,Major,70,61,72,20,0,11,6
2,2146,6,26,273,37,51156802,19,175,12,7,178,152,F#,Major,53,57,90,41,0,12,5
3,1816,4,4,43557,25,2814796038,437,113,3435,0,26,98,C#,Major,77,36,64,1,0,33,5
2,2062,2,2,873,10,239675081,14,96,63,3,71,144,A,Major,64,55,74,31,0,29,21
1,1963,1,21,127,4,168492857,4,6,0,0,21,132,D,Major,52,19,41,83,0,12,4
1,1912,5,10,1672,0,228223724,28,25,31,1,1,160,G#,Minor,97,58,13,63,34,11,11
1,1933,7,10,728,0,211474704,15,1,18,0,2,71,B,Minor,83,44,60,3,7,11,42
2,1874,4,13,1577,4,94934154,0,0,0,0,0,143,A,Major,94,69,75,13,0,10,18
1,2080,8,13,678,7,194354939,2,4,6,0,0,90,F,Minor,67,38,46,30,0,12,9
1,2063,8,18,1771,16,568943662,54,107,82,1,13,85,,Major,77,72,76,2,0,25,11
1,2081,12,10,893,0,59267505,2,13,2,0,0,161,C#,Major,80,71,49,5,0,10,7
1,1970,13,10,901,4,288199108,32,77,82,1,29,123,F#,Major,76,76,79,49,0,27,3
1,2088,10,14,8871,0,711741503,192,99,150,0,1,212,G,Major,22,70,63,78,0,12,4
1,1989,10,18,852,11,289017161,42,25,57,0,259,153,A,Major,35,26,58,4,0,10,3
1,2157,12,25,1163,0,62395641,33,0,19,0,2,115,C#,Minor,79,60,88,12,0,9,7
2,1866,11,1,579,10,297584695,11,72,8,3,14,150,G#,Major,64,78,57,39,0,14,14
1,2056,2,17,2270,19,438189720,73,23,40,1,0,97,G#,Major,44,26,73,33,0,12,15
1,2094,3,21,6154,7,1373122865,74,1,251,0,2,95,F,Major,47,24,43,67,0,32,3
1,2208,7,25,7975,29,839950365,105,102,153,4,204,122,,Minor,61,56,59,53,0,26,4
1,2013,4,10,344,15,114234453,16,103,7,0,54,113,E,Minor,70,40,94,1,0,7,5
3,1946,2,22,1290,0,96351044,31,3,17,0,19,139,C#,Minor,91,45,61,8,0,12,6
2,2156,6,1,312,8,11281758,5,2,27,2,71,129,B,Minor,95,68,66,45,0,12,23
1,1898,10,1,1197,0,364372157,20,103,40,0,2,111,A,Major,75,84,86,9,0,7,7
1,2011,5,22,1960,0,224035344,13,2,33,0,0,109,G,Major,56,21,55,63,0,6,5
1,2044,1,1,20384,7,640874882,34,11,301,0,0,160,C#,Major,35,27,69,15,0,9,5
1,1960,7,20,449,37,561134143,4,3,19,0,0,100,F#,Minor,78,53,72,12,0,7,4
2,2009,11,24,2786,30,285631096,22,53,31,3,0,86,G#,Major,90,67,67,16,0,34,18
3,1999,5,12,2243,0,70019130,7,0,7,0,0,136,D#,Minor,58,70,90,20,0,15,26
1,2181,2,15,1247,24,230668820,55,31,59,4,54,120,A,Major,93,66,60,54,0,29,24
2,2046,12,15,1822,14,225661564,31,15,31,2,43,106,G,Minor,84,70,79,9,0,10,5
1,1970,4,29,2564,0,241115578,28,46,23,0,0,122,G#,Major,85,29,67,5,0,13,32
2,2152,3,18,1980,38,269120330,31,91,27,5,82,144,D,Major,68,13,77,4,0,11,4
1,1832,6,11,302,0,76567176,0,19,5,0,0,153,G#,Minor,56,70,90,4,0,22,11
1,2174,8,10,2526,13,882864824,42,112,141,0,,136,C#,Minor,82,39,57,16,0,13,24
1,1983,2,4,1706,0,124770233,25,1,61,0,0,69,,Minor,26,25,18,18,0,29,3
2,1930,1,12,6968,2,707337952,120,158,420,0,46,100,D,Major,70,19,63,9,0,12,4
4,1962,1,15,12434,0,796219498,189,54,642,0,18,135,D,Major,82,73,91,1,0,32,14
1,2081,5,8,3103,0,76514319,28,0,32,0,0,91,G#,Minor,76,85,82,19,0,6,33
1,2032,7,13,368,0,106493076,26,72,191,0,0,151,G,Major,59,47,51,22,0,13,4
2,2201,12,4,1678,0,142121740,26,9,17,0,3,108,C#,Major,69,27,66,1,0,32,7
1,2140,5,20,5191,6,1068628384,182,138,209,0,5,104,G#,Major,81,72,39,0,0,5,11
1,2097,4,21,7078,35,949200581,120,95,137,10,19,112,C#,Major,94,51,55,70,1,11,5
1,2023,13,19,1572,2,297006457,15,11,15,0,0,119,,Major,70,47,80,28,0,8,48
1,1948,4,22,3200,13,410208870,64,89,45,16,119,108,G,Major,54,23,41,44,0,12,3
1,2104,6,11,307,0,104519139,5,42,13,0,0,119,D,Major,67,31,53,43,0,24,4
1,1961,1,1,34341,25,1610590572,142,101,2613,1,26,87,F,Major,50,40,56,17,0,23,3
1,1944,10,18,46900,16,1397412663,32,0,5215,6,0,79,F#,Minor,57,84,97,2,0,8,5
2,2084,7,29,260,34,52698076,19,181,12,8,212,162,F#,Major,51,57,81,40,0,12,5
2,1882,2,9,974,35,256178174,17,21,22,3,96,114,F,Minor,85,94,68,18,0,33,16
1,1870,11,4,2014,37,349620158,32,28,38,5,1,97,B,Minor,81,50,73,25,0,9,16
1,2112,3,17,3778,0,1228784281,11,10,279,0,7,149,A,Minor,61,25,43,71,0,15,6
1,1954,9,20,9181,2,1821676179,261,73,1015,1,21,89,B,Major,77,61,30,84,0,7,5
1,2069,4,8,3369,10,283724634,67,57,46,0,7,162,A,Major,47,26,33,50,0,22,3
2,2086,5,7,1836,6,299709159,10,31,12,0,30,106,D,Major,81,57,66,62,0,7,4
1,1994,1,15,2988,0,598178126,11,2,161,0,0,113,B,Minor,54,48,87,0,0,5,3
2,2106,5,30,1303,40,188875030,16,142,33,11,150,135,F,Minor,91,82,73,28,0,13,5
1,2216,1,7,3069,0,208976069,18,82,61,0,1,156,,Major,53,48,86,0,0,9,3
1,2023,8,1,921,17,357946948,19,131,13,2,6,96,E,Minor,59,81,95,28,0,28,24
1,2188,10,29,470,10,186608959,10,96,16,1,26,132,F,Major,50,24,83,0,0,15,3
1,1999,12,1,528,1,271837315,17,89,12,0,0,114,A,Major,87,59,78,6,0,5,12
2,1837,2,17,704,8,297633529,15,33,6,1,0,107,G#,Major,76,100,59,56,0,25,11
2,2096,10,18,3449,14,351738336,111,31,159,4,18,134,,Minor,90,78,66,42,0,20,5
3,1885,9,20,921,7,158212361,15,12,12,2,28,147,A#,Major,87,79,88,15,0,13,36
2,1996,11,7,995,0,98476288,7,31,3,0,0,149,A#,Minor,67,69,69,53,0,31,9
1,2057,5,26,320,15,103995999,14,101,9,2,62,130,,Major,71,68,76,58,0,10,5
1,2069,10,19,751,10,245474744,37,26,63,0,257,138,A,Major,35,23,52,4,0,10,3
1,2026,9,21,2812,0,324962919,103,16,189,0,194,132,D,Minor,62,30,75,16,0,8,5
1,2023,10,18,778,13,323213873,23,87,11,0,3,108,A#,Minor,89,89,80,8,0,11,8
1,2217,8,30,9186,0,956843624,126,125,272,0,,64,,Major,30,29,24,78,0,15,4
1,1972,7,18,2993,0,541738120,44,14,122,0,,76,,Major,72,60,47,19,0,13,8
1,2183,6,22,1454,0,109863302,36,0,23,0,0,136,F,Minor,68,24,55,13,88,11,5
1,1959,12,2,213,6,176519142,7,6,0,0,51,121,F,Major,47,20,41,71,0,11,3
2,1901,11,2,392,0,80581930,2,2,6,0,2,74,F,Minor,31,53,55,70,0,45,6
1,2089,1,7,4470,0,345032063,86,75,122,0,,123,G,Major,73,92,75,3,0,7,10
3,1833,11,15,1241,19,242514572,40,23,55,4,91,100,F#,Minor,76,96,81,47,0,16,11
1,1923,9,21,34869,7,1187446119,149,78,7304,5,72,87,G,Major,52,13,31,1,0,12,4
3,1858,6,23,3064,41,789403531,35,0,4,0,0,104,D,Major,89,67,55,57,0,9,3
1,1820,1,5,24661,20,1680410017,217,79,959,0,138,106,C#,Major,78,73,44,59,0,7,3
1,1854,10,30,445,10,218908704,10,107,15,1,27,114,F,Major,54,20,75,0,0,15,3
2,2208,7,33,10005,42,880488057,246,128,586,16,62,126,F#,Minor,62,24,58,55,0,18,11
2,2032,5,27,356,2,56104469,1,0,10,0,0,113,F#,Minor,70,31,40,77,0,12,3
1,1893,3,32,11200,6,1354299659,138,101,751,1,98,142,C#,Major,43,17,54,19,0,31,4
6,1895,11,13,140,4,129905881,19,74,2,0,0,115,G#,Minor,72,59,86,6,0,14,4
1,2187,7,13,6711,0,1021975459,163,12,582,19,,118,E,Major,68,41,55,30,0,38,5
2,1918,5,15,4260,0,485818355,14,7,50,0,1,143,F,Minor,57,47,77,10,0,64,12
1,2128,9,28,1581,0,189971172,84,14,77,0,33,127,D,Major,57,51,81,5,0,17,4
2,2163,11,24,2875,0,252576992,60,17,159,0,21,114,G,Minor,92,68,41,59,0,8,9
2,2170,10,9,22081,78,2699780178,379,113,761,4,72,87,D,Major,80,95,52,55,0,7,5
1,1956,12,4,3071,15,438369450,47,59,88,13,123,146,E,Minor,62,43,88,1,1,55,4
1,2168,10,13,4847,5,555081651,45,52,32,1,2,99,,Major,64,23,50,27,0,10,3
1,1896,6,23,350,20,44666638,12,17,20,4,101,91,C#,Major,65,36,77,32,0,32,6
7,2061,12,19,2918,0,470792282,91,91,48,0,,204,,Minor,57,86,48,35,0,12,8
2,2117,11,21,683,14,238203658,19,61,17,5,50,98,B,Major,78,86,55,52,0,5,2
1,1806,10,18,44423,18,1371675851,36,0,4854,6,0,88,F#,Minor,54,90,83,2,0,9,5
1,1917,1,1,29563,46,1934420976,174,96,3100,12,147,129,C#,Minor,62,50,74,6,0,13,4
1,2208,4,6,222,0,96435489,10,0,7,0,0,128,C#,Minor,70,24,46,24,0,9,6
1,1947,7,22,2116,21,687293090,79,51,46,0,9,122,F#,Major,51,21,60,42,1,34,3
1,1822,6,15,1624,0,190761227,19,14,12,0,0,80,C#,Major,33,21,30,46,66,9,7
1,2088,10,22,1269,0,127897831,4,0,8,0,0,169,F#,Major,42,7,25,86,1,11,6
2,1852,4,28,783,0,200094484,16,77,24,0,0,133,E,Major,90,97,103,3,0,3,9
2,2024,10,22,8077,18,602950740,110,182,272,2,,112,,Minor,54,15,62,0,0,10,4
1,2079,9,20,34795,7,1364290437,136,66,6570,5,72,92,G,Major,51,13,37,1,0,11,4
4,2034,5,18,3735,3,300851842,34,1,34,0,1,176,A,Minor,76,79,84,10,0,17,13
3,2205,11,5,4976,0,397719188,68,36,72,0,0,86,D,Major,62,82,65,6,0,33,4
1,2173,10,19,2151,0,289430272,13,17,13,0,0,105,G,Major,68,4,40,6,0,9,6
1,2126,5,6,1610,0,121611317,26,2,15,0,2,131,E,Major,47,7,47,33,0,8,4
1,2152,6,25,5319,2,774198835,81,0,270,13,,98,F,Minor,69,51,80,62,0,12,4
3,1994,5,25,3874,0,196254223,77,46,129,0,0,105,B,Minor,81,69,71,15,0,8,5
1,1894,5,6,1060,6,433763774,7,30,14,1,1,97,,Minor,86,21,57,32,0,12,5
1,2013,9,9,1424,0,278693508,2,0,11,0,10,138,D,Major,64,38,58,13,0,10,9
1,2072,5,16,2203,0,149425515,70,10,109,0,38,156,A,Major,66,25,55,17,0,19,5
3,2208,1,7,3304,0,301530629,55,26,41,0,0,80,C#,Minor,73,45,43,1,1,14,18
2,2218,5,12,2298,23,133722800,69,133,72,2,484,143,D#,Major,75,69,45,14,0,9,33
2,1860,11,13,526,0,261554649,22,87,89,0,0,134,F#,Minor,78,66,68,30,0,14,7
1,1938,2,15,335,0,168816667,9,19,7,0,9,87,,Major,72,58,61,53,0,7,4
1,2190,7,7,142,18,36555585,15,77,5,0,7,137,D,Major,55,21,64,1,0,13,3
1,1908,10,4,1071,0,84549755,8,5,2,0,0,155,F,Minor,80,42,47,4,0,37,31
1,2014,3,22,2679,31,183031990,123,66,103,3,713,103,D,Major,80,36,54,32,0,12,6
1,1907,12,13,7659,0,938009801,122,26,277,0,7,103,E,Major,53,6,25,89,0,8,3
1,1870,11,1,1801,0,263329383,55,8,100,0,9,75,G,Major,40,7,29,56,0,9,3
1,1990,1,1,13168,119,1199746338,24,94,632,2,80,125,,Minor,44,41,38,12,2,10,3
3,2137,9,22,853,7,135677049,13,11,11,2,26,136,A#,Major,75,88,83,13,0,14,35
1,1861,2,23,304,0,146659011,8,60,9,0,0,204,B,Minor,42,27,82,4,0,6,29
2,2003,5,28,23318,0,1766215643,73,42,2434,1,0,180,C#,Major,54,10,80,8,0,8,22
1,1899,3,24,2907,33,207657508,107,72,105,3,621,115,D,Major,72,41,50,28,0,11,6
2,1948,10,1,5237,25,338409060,174,111,152,17,68,116,G#,Major,68,75,81,6,0,19,10
1,2063,4,27,3185,23,1056887871,38,101,54,1,32,129,C#,Major,67,43,67,2,0,8,3
1,2103,11,21,7123,0,722716779,29,21,15,0,4,133,G,Major,60,26,40,11,18,16,3
1,1922,5,10,25851,0,2919706096,552,171,3498,6,,102,F#,Minor,82,52,56,69,0,19,10
3,2197,1,29,1864,0,110348272,87,1,46,0,9,112,,Major,75,85,86,17,0,45,6
1,1875,1,1,8428,0,241532607,113,32,56,0,1,155,G,Minor,62,93,64,71,0,7,8
1,2149,6,20,10113,0,326376015,241,57,249,13,2,104,C#,Minor,65,85,92,4,0,29,8
2,2154,4,24,2733,30,579078747,66,98,74,0,107,105,A#,Major,36,30,52,79,0,21,3
1,2031,1,7,4797,0,358491230,83,77,128,0,,121,G,Major,64,89,84,3,0,7,11
1,2176,3,25,240,0,122592400,5,0,4,0,1,91,E,Minor,75,64,47,42,0,10,3
2,2157,5,6,1603,7,332188512,10,33,14,0,36,114,D,Major,81,53,66,63,0,6,4
1,2137,7,30,2767,0,156496324,40,45,33,0,0,132,A#,Minor,50,46,67,0,0,16,10
1,2071,7,12,872,106,32807492,85,222,104,23,1281,84,,Major,40,14,9,100,0,10,3
1,2221,9,10,1569,0,263543497,2,0,12,0,10,133,D,Major,63,33,56,11,0,11,10
1,2055,10,1,4724,4,722974548,70,107,150,21,403,217,A#,Major,35,23,56,63,0,18,4
4,1873,3,16,950,0,176256182,34,0,48,0,0,124,D#,Minor,91,70,47,27,0,13,29
1,2047,1,1,27392,10,747649452,135,29,598,0,4,120,A#,Minor,93,51,65,3,0,18,21
1,1890,2,17,2457,22,429156971,64,23,40,1,0,95,G#,Major,42,25,65,32,0,13,14
1,2065,7,20,19959,3,2331109997,231,97,2339,0,88,115,E,Major,66,20,35,57,0,10,5
2,2128,6,2,347,5,71326672,19,39,5,0,18,123,A,Major,77,5,31,21,0,13,5
1,2055,6,9,700,49,126544170,18,108,25,4,72,84,G,Major,62,61,61,3,0,35,3
1,2206,10,9,1838,9,426064295,52,25,34,0,9,133,B,Major,53,45,56,1,0,12,3
1,2037,11,4,3626,7,566852961,26,92,102,0,1,149,B,Major,52,22,65,4,6,15,4
2,1935,2,3,363,10,160592512,4,66,4,2,39,178,A,Major,60,81,55,8,0,6,5
2,2011,4,6,209,4,98604699,4,47,12,2,23,84,G,Minor,80,45,57,42,0,30,6
3,2149,8,8,897,0,160956414,15,1,46,0,0,94,G,Major,88,56,49,34,0,29,25
1,2072,5,22,693,15,434097034,22,92,9,0,24,151,F#,Minor,64,48,70,16,0,19,5
1,1826,8,10,51783,10,1802330738,252,122,12761,4,176,126,C#,Major,53,66,83,0,0,11,8
1,2220,10,7,5883,0,802983058,91,84,166,0,13,86,B,Major,69,20,50,21,4,36,8
2,2063,3,15,1886,39,248048484,28,82,27,5,82,162,D,Major,72,14,83,4,0,10,4
1,2133,11,18,3030,0,232668729,49,0,101,0,0,160,A#,Major,60,47,44,12,0,12,15
1,2134,12,26,444,16,207890254,4,10,5,1,2,171,D,Minor,75,75,48,66,0,12,38
1,2019,6,24,535,0,203988487,17,20,13,0,2,91,D,Major,78,33,84,4,0,3,5
3,1859,6,2,2003,87,126299764,79,196,80,15,1077,95,C#,Major,83,90,75,6,0,34,22
7,2173,12,19,2788,0,469606593,92,94,46,0,,223,,Minor,62,80,45,38,0,12,7
1,2072,12,2,825,4,147775179,11,61,5,0,20,141,G,Major,62,101,88,0,0,26,3
2,2038,1,1,18216,0,719077163,78,15,1543,0,3,145,G#,Major,85,67,72,9,0,17,8
1,2194,9,12,22594,30,2098369815,202,99,4839,1,0,124,E,Minor,58,40,69,61,0,13,5
2,2071,8,23,2932,13,277584035,59,34,68,2,0,117,,Major,95,20,84,0,4,29,10
2,1877,1,1,20093,0,671869369,79,16,1557,0,3,139,G#,Major,86,66,70,8,0,17,7
1,2122,1,1,17442,35,814791660,68,42,1222,0,2,88,A#,Minor,81,70,62,5,0,26,13
1,1839,1,7,775,0,39729472,0,1,2,0,0,128,,Major,44,49,96,10,0,4,30
1,1938,9,13,9420,0,1013065746,36,87,65,0,1,97,D#,Major,52,30,44,59,1,19,3
1,1986,9,21,13144,0,1639354169,234,55,1473,2,69,116,D,Major,91,96,83,38,0,9,5
1,2126,3,3,1187,0,75027265,49,11,21,0,22,89,C#,Major,71,32,67,13,0,10,26
8,2151,6,1,1043,33,132013976,22,32,33,8,195,125,,Major,85,59,73,12,0,10,4
1,1898,5,6,1107,0,226468172,10,8,13,0,1,119,G#,Major,61,58,76,5,0,9,32
1,1963,9,2,926,0,155365367,11,1,7,0,0,134,E,Minor,76,28,82,7,0,50,24
1,2203,5,19,2212,0,182560037,20,1,26,0,0,99,A,Minor,91,96,64,36,5,9,4
1,2092,2,18,2597,23,380615503,67,26,39,1,0,91,G#,Major,42,25,70,33,0,14,14
2,1933,4,11,4566,0,999109544,117,92,249,0,1,123,B,Minor,60,83,83,9,0,17,10
1,2208,9,15,171,4,135212106,5,6,1,1,17,136,G,Major,66,36,39,38,0,10,3
1,1995,1,1,18447,8,1319772781,85,126,1172,0,50,114,F#,Major,56,67,86,2,0,26,4
2,1942,2,2,1973,33,254440971,49,84,49,9,4,190,C#,Minor,77,59,77,36,0,11,26
2,2170,11,8,713,27,2844,22,99,22,8,71,177,A#,Major,47,72,70,20,0,11,4
2,2004,9,19,1007,0,263321734,18,5,23,0,0,83,D,Major,67,82,59,27,0,12,5
1,2105,7,14,1591,0,200495257,23,14,13,0,0,77,C#,Major,37,20,28,47,64,10,7
1,2197,12,27,3780,6,334028704,108,49,155,0,222,109,F#,Major,94,58,48,3,0,5,17
2,2186,4,31,5336,4,607038518,138,25,120,0,70,112,G,Major,76,64,73,0,0,12,4
2,2089,3,3,332,0,57214561,13,38,1,0,0,159,E,Major,53,52,78,11,0,11,3
1,1884,11,1,552,1,227313550,16,92,11,0,0,113,A,Major,77,54,73,6,0,5,11
1,1962,8,19,1783,16,510167010,52,109,79,1,14,90,,Major,77,66,73,2,0,25,10
1,2088,10,14,19689,91,1991985603,269,131,3208,20,,134,E,Minor,48,13,58,69,0,9,4
2,1872,13,14,1600,14,215948651,32,15,33,2,48,102,G,Minor,77,68,67,8,0,11,5
1,1826,9,8,2320,4,261044886,86,96,82,10,186,94,C#,Minor,68,75,71,29,0,39,4
1,2061,7,31,8915,0,1139958367,152,125,303,0,,59,,Major,31,34,24,76,0,15,4
2,1850,13,2,912,0,103977597,3,7,11,0,0,105,G#,Major,86,14,53,9,0,35,5
1,2182,2,27,4251,10,620224880,19,22,38,0,0,97,,Major,78,90,86,16,0,11,6
1,2151,12,17,1585,0,435235268,1,0,28,0,0,92,B,Major,74,72,62,37,0,9,3
2,2037,4,1,2837,35,501339574,29,53,41,9,87,100,F,Minor,70,47,78,33,0,7,6
2,1859,13,16,867,21,370231547,28,117,21,8,115,148,G,Major,52,75,55,28,0,7,5
2,1827,11,3,4039,16,655885907,141,33,120,19,0,134,A#,Major,74,88,67,33,0,16,4
1,2074,5,31,156,6,148229449,1,11,1,0,1,150,B,Major,63,27,37,95,0,10,4
1,1858,7,14,511,44,17539578,32,117,42,6,196,140,,Minor,91,43,68,64,0,9,19
1,2040,3,17,3457,0,1289643024,11,9,271,0,7,152,A,Minor,57,25,50,64,0,15,5
1,2160,11,20,7046,0,686277265,31,21,15,0,4,122,G,Major,53,24,38,11,17,15,3
2,1855,3,29,16590,8,1699126996,201,14,492,0,57,97,F#,Minor,69,85,91,1,0,7,6
1,1964,11,1,3773,0,536344582,20,3,10,0,0,140,D,Major,50,99,85,50,0,34,4
4,1839,6,2,1083,16,110568893,28,38,33,0,180,140,,Major,61,21,49,43,0,12,8
1,2136,10,29,24889,0,1387647903,367,143,2115,0,,144,G,Major,33,35,69,17,0,8,4
2,1860,4,27,4671,4,699002007,152,24,107,0,68,113,G,Major,73,72,67,0,0,13,4
1,2184,4,8,2450,0,250464752,70,0,50,0,0,86,A,Major,67,30,32,58,1,12,4
1,2180,2,20,3223,0,195300065,40,0,25,0,0,152,E,Minor,64,11,61,0,0,13,10
2,2058,9,13,293,0,49231696,6,1,6,0,0,90,A#,Major,77,51,74,14,0,16,7
1,2004,7,20,584,4,167591077,12,19,11,0,0,94,G#,Major,67,40,67,13,0,24,37
2,2201,10,4,1691,2,183603065,24,52,10,0,90,126,G,Major,83,20,73,1,0,16,5
1,1843,5,20,3007,3,358359836,29,10,76,0,0,106,D,Major,46,42,29,98,0,10,4
1,1865,3,25,9975,0,851241376,252,90,542,1,1,106,F#,Minor,67,99,88,5,0,27,8
1,1848,6,18,5531,0,183366137,66,86,64,0,11,119,E,Minor,50,5,62,13,2,15,6
2,2027,1,1,27136,30,1013023348,68,112,642,0,416,135,E,Minor,69,40,52,7,0,21,10
2,2204,3,24,4051,51,357304275,89,117,198,12,179,94,F,Minor,79,53,61,76,0,18,14
1,1922,5,6,4270,0,458504413,82,14,94,0,17,170,G#,Minor,72,70,59,8,0,14,25
1,1907,4,26,3130,22,1200478109,39,104,55,1,30,112,C#,Major,63,41,62,2,0,9,3
2,2032,7,2,30475,11,1770951954,487,122,2871,6,,115,A,Minor,77,55,93,4,0,8,11
1,1842,1,25,137,4,182289845,4,7,0,0,23,109,D,Major,57,19,45,87,0,11,4
1,1853,10,15,421,6,160911647,15,124,9,0,11,149,E,Minor,79,59,86,4,0,46,19
3,2186,10,3,5612,0,639791552,41,43,47,0,3,156,F,Minor,86,21,37,12,0,7,28
2,2084,8,14,698,5,285056777,14,83,4,2,0,142,,Major,74,76,68,34,1,13,4
1,2067,5,3,2693,0,217704916,58,8,292,2,112,139,G,Major,53,22,61,5,0,42,3
2,2119,6,1,2382,94,165688869,70,218,92,18,859,135,C#,Major,85,61,62,21,0,7,22
1,2044,1,1,6711,0,1134923053,133,18,450,0,8,159,E,Minor,75,47,72,17,0,16,10
3,1985,6,23,320,26,78037725,10,167,9,4,0,134,F,Minor,60,82,71,20,0,40,4
1,1883,7,10,634,51,107252181,22,105,27,4,70,101,G,Major,62,52,64,3,0,35,3
4,2131,6,10,2355,0,132328948,35,0,26,0,0,132,G,Major,87,16,56,1,0,9,6
1,2158,7,20,8180,5,1539600813,256,148,577,0,,122,F#,Minor,76,72,75,1,0,10,10
1,1964,10,19,48860,17,1483591316,34,0,4766,6,0,80,F#,Minor,52,80,99,2,0,9,5
1,1990,1,1,13049,0,1027094961,249,30,539,0,14,132,G#,Minor,87,23,58,38,2,12,24
2,2183,11,11,5173,0,306985200,153,10,194,4,77,134,,Major,63,51,73,10,0,21,12
3,2049,9,20,824,7,141842433,14,11,12,2,30,140,A#,Major,83,87,82,14,0,14,34
2,2197,6,15,5545,6,252387988,110,49,123,11,0,132,,Major,73,66,84,22,58,16,5
3,1907,12,2,2026,61,279691267,16,130,18,2,278,96,G,Minor,71,19,67,16,0,10,5
1,1834,1,1,19104,4,754669359,69,74,367,0,,143,,Minor,54,62,72,23,14,15,3
1,2064,4,12,373,17,154334569,35,99,8,1,119,152,C#,Major,55,85,91,10,0,36,9
2,2174,4,4,313,7,128155021,8,85,4,1,1,138,A,Minor,84,89,77,28,0,6,4
2,2202,4,1,1313,2,193562824,21,17,10,0,5,181,C#,Major,62,42,67,18,0,11,27
1,2213,9,27,1550,0,159054114,91,14,77,0,37,134,D,Major,55,51,88,5,0,16,4
1,2075,4,1,6854,4,1281527357,128,41,129,0,43,186,A,Major,44,21,60,64,0,46,9
2,2007,4,12,4135,0,965747837,123,89,276,0,1,129,B,Minor,59,82,82,10,0,20,10
1,2094,2,18,45113,26,1218284958,105,33,2579,0,681,116,G,Major,63,57,81,39,0,10,6
1,2152,12,9,20549,36,1842209118,76,66,477,0,13,91,A#,Minor,66,48,50,32,0,7,35
1,1847,5,16,1021,76,96341412,58,218,51,10,986,142,C#,Minor,85,24,62,11,0,27,9
2,1823,1,16,350,0,146846577,9,0,38,0,0,150,D,Minor,78,80,55,63,0,9,7
2,1922,3,26,1567,0,80940129,22,0,20,0,34,80,G#,Major,74,85,70,54,0,23,31
2,1956,1,1,10283,0,474789413,138,118,368,0,0,141,D,Major,62,81,30,95,0,31,6
2,2153,10,11,4808,26,523100134,122,84,104,19,323,96,D,Major,57,24,68,13,0,9,10
1,2154,1,1,26756,13,2013745178,71,82,3758,4,13,193,D#,Major,35,36,75,22,0,29,5
1,2136,12,9,581,4,130028266,20,1,72,2,0,136,F,Major,81,102,84,81,0,36,3
1,1993,6,11,1947,8,209039982,106,76,115,1,6,99,A#,Minor,70,78,68,30,0,20,6
1,2200,5,8,3098,0,67696766,27,0,29,0,0,95,G#,Minor,77,79,82,19,0,6,37
2,2093,8,21,32385,77,2416939661,299,140,2628,1,142,177,G,Major,67,54,56,16,0,14,30
1,1893,1,1,18786,33,933322266,65,42,1211,0,2,92,A#,Minor,79,69,65,5,0,24,14
1,2063,9,5,1256,4,182264898,25,11,18,0,0,182,G#,Minor,77,46,58,16,0,13,7
1,1860,6,24,265,27,72067717,17,146,11,5,154,130,G,Minor,86,88,89,10,0,8,9
1,2169,2,6,774,10,260280066,27,16,16,1,4,125,G#,Minor,76,76,67,4,0,14,4
1,1960,3,30,311,2,139684277,27,2,31,0,0,121,C#,Minor,85,26,53,11,0,11,9
1,1859,12,2,378,2,123690331,2,73,13,0,2,149,G#,Major,47,38,78,3,0,12,9
3,1918,3,13,6797,0,521073357,46,14,97,0,1,98,D,Major,77,37,50,2,0,9,3
2,2158,12,4,1111,0,113245523,3,8,5,0,0,130,D,Major,61,10,49,1,0,25,25
1,2202,5,6,818,3,371157854,11,25,12,0,0,130,C#,Major,76,48,67,11,0,14,5
2,2169,1,8,572,0,55204805,17,3,3,0,0,115,F,Minor,88,74,54,16,0,14,26
1,2100,1,7,3662,0,328550991,46,92,66,0,,86,,Minor,67,82,75,29,0,34,5
1,2077,7,17,3013,23,645057848,100,82,64,1,92,139,E,Major,57,25,51,50,0,12,3
1,2081,7,31,2695,0,174127484,41,49,34,0,0,130,A#,Minor,51,48,61,0,0,18,10
2,2181,8,14,626,5,294566240,14,72,4,2,0,136,,Major,73,65,70,36,1,13,4
2,2017,2,2,2198,32,260338023,42,87,49,7,4,175,C#,Minor,78,58,74,32,0,11,25
2,2094,11,24,1211,35,577953286,13,8,5,0,1,96,F,Minor,57,50,51,35,5,10,10
2,1860,5,24,899,0,167153201,17,0,16,0,0,81,B,Major,80,74,54,77,0,11,31
1,1862,9,10,9830,28,1393914768,254,69,529,18,,141,D,Major,81,82,93,30,0,4,10
1,1828,5,15,14785,6,1716136169,261,52,436,1,,172,F#,Minor,54,74,70,29,0,11,19
1,1916,4,7,1658,3,121723690,50,5,56,0,20,97,F,Major,47,34,44,52,0,40,5
2,2100,4,8,905,0,77000699,24,0,47,0,0,163,G,Minor,65,46,69,32,0,10,7
1,2182,11,29,8796,4,1090192840,38,77,406,0,3,90,A#,Major,54,34,48,7,14,13,3
1,2188,1,1,10275,46,270545077,24,113,295,3,383,165,D,Major,46,20,85,21,0,9,8
1,1964,4,7,2252,5,159507055,52,72,47,0,199,148,A#,Minor,88,50,43,6,0,34,7
3,2119,3,27,252,2,114117024,12,2,4,0,0,89,,Major,83,90,86,27,0,60,14
2,2061,2,8,887,41,236480943,18,24,23,3,86,110,F,Minor,78,102,76,18,0,32,16
1,1875,12,25,544,9,329101075,8,98,6,0,8,152,F,Major,42,18,37,65,0,11,4
1,2186,5,13,235,4,197163307,15,5,0,0,6,126,,Major,47,13,38,85,0,10,3
1,2175,1,1,473,2,100630765,0,0,5,0,0,143,F,Major,67,71,79,44,0,9,4
1,1930,1,6,30338,9,3259664322,35,0,6219,7,0,89,C#,Minor,90,100,63,62,0,9,8
1,2091,7,14,793,107,28425274,80,227,92,24,1096,80,,Major,40,14,9,102,0,9,3
2,1831,5,11,3083,0,257197367,41,31,43,0,0,116,,Major,48,43,74,4,0,10,34
2,2134,1,7,1115,0,91146913,10,10,9,0,0,121,D,Major,71,88,80,10,0,32,20
5,2196,6,16,2363,0,280076182,36,2,39,2,0,115,C#,Major,98,53,80,9,0,6,8
1,2043,6,31,7129,11,655110451,218,85,352,28,22,124,G,Major,76,66,63,4,0,8,15
1,2135,6,24,229,26,84429681,15,154,10,5,173,129,G,Minor,78,87,80,8,0,10,10
1,2191,11,26,458,9,199572533,10,105,16,1,29,129,F,Major,52,22,76,0,0,15,3
2,1927,11,27,1434,0,170940830,13,1,10,0,8,117,F#,Minor,40,37,82,9,0,9,21
1,1829,8,1,850,12,247677822,14,144,10,0,1,113,A#,Minor,82,66,59,25,0,9,4
2,1892,11,21,754,0,170206461,13,28,8,0,0,129,E,Major,70,57,76,24,0,10,4
3,1841,1,25,1877,0,94974437,89,1,48,0,9,113,,Major,73,76,97,18,0,42,6
1,1947,1,1,4993,0,668008254,82,106,534,0,,96,C#,Major,73,32,56,53,0,10,3
1,1960,2,24,526,11,142479371,15,87,33,0,351,111,D,Major,73,101,68,64,0,36,3
2,2024,12,23,1335,31,611059864,12,8,5,0,1,88,F,Minor,60,50,47,41,5,10,10
5,1875,5,22,171,8,52421070,3,84,1,0,55,103,G,Minor,79,100,76,32,0,10,4
3,2189,2,11,1989,0,110195936,37,3,29,0,0,158,G#,Minor,50,51,83,10,0,32,39
7,1910,8,11,1573,0,230795410,73,0,0,0,0,92,G,Minor,53,61,79,10,0,14,10
2,1979,6,2,313,5,70276612,19,43,5,0,20,122,A,Major,85,5,28,20,0,13,5
1,1924,12,10,926,0,93164858,6,22,3,0,0,83,,Major,63,20,22,73,0,10,5
1,2080,4,21,6212,34,927595288,105,96,144,11,19,119,C#,Major,93,48,47,67,1,11,5
1,1826,2,4,1982,0,133188236,25,1,61,0,0,74,,Minor,26,26,19,17,0,32,3
1,2108,5,13,2913,0,121324039,3,7,14,0,1,145,G,Major,79,52,44,64,0,15,9
1,2039,4,31,2818,2,399342958,27,2,34,1,0,188,A#,Minor,84,64,65,6,0,11,39
1,2169,2,9,1610,15,365757165,1,54,18,0,20,144,A,Minor,44,40,44,35,0,9,11
1,1972,1,1,469,2,103192319,0,0,6,0,0,140,F,Major,72,69,72,41,0,9,4
1,2095,7,7,727,47,55915093,24,83,31,13,213,94,F,Major,64,26,67,34,0,12,4
1,1991,8,16,8639,0,994830073,175,7,306,0,4,95,C#,Minor,75,58,92,1,0,5,20
2,2058,3,11,4762,47,211730407,175,122,254,10,664,138,A,Major,61,30,91,4,4,8,4
2,1916,12,19,3716,38,598847897,43,74,75,15,195,175,F#,Minor,82,53,73,5,0,10,7
1,2170,1,33,420,0,85564144,16,16,0,0,0,135,D,Major,72,89,78,8,0,9,4
1,1872,5,14,3141,0,189151218,19,10,33,0,0,105,A#,Minor,93,44,46,42,0,11,20
1,2121,2,26,997,35,211267032,14,24,29,6,0,86,,Major,52,60,52,92,0,15,40
2,1913,2,4,1126,0,86362472,44,1,27,0,0,120,C#,Minor,85,52,50,49,0,13,39
1,2084,7,14,957,111,29427784,73,241,97,23,1210,77,,Major,43,14,8,106,0,9,3
2,1914,2,4,970,0,65544309,7,0,32,0,0,113,C#,Major,101,60,80,12,0,22,23
1,1902,5,7,1184,3,254026155,7,27,11,0,0,105,G#,Major,75,71,73,18,0,47,9
1,1876,4,5,185,0,58269904,16,15,7,0,0,121,G#,Major,70,26,58,44,0,6,3
1,2146,1,7,34132,11,3693008924,30,0,7447,7,0,103,C#,Minor,87,86,62,55,0,10,7
1,2026,5,13,212,4,198851968,16,5,0,0,6,120,,Major,45,14,43,85,0,12,3
3,1850,11,2,1801,42,252166248,25,86,32,1,165,121,C#,Minor,68,49,53,18,0,17,32
1,2140,7,29,2102,0,405548673,19,0,41,0,0,87,,Major,49,12,55,7,0,24,3
1,1926,7,15,2284,2,787688546,0,0,24,0,0,105,A#,Minor,83,65,75,9,0,33,7
1,1868,2,11,645,5,232136291,4,122,20,0,1,136,D,Minor,46,52,74,28,0,9,7
2,1992,2,3,4951,39,155734746,166,88,92,15,38,124,F,Major,64,78,81,23,0,25,5
2,2159,3,4,6310,4,736395222,183,40,479,9,37,104,G#,Major,83,97,73,20,0,32,4
3,1958,12,4,2071,0,185816595,25,8,16,0,1,110,E,Minor,78,49,69,6,0,37,13
1,2044,4,19,1967,0,169510160,4,2,50,0,0,93,E,Minor,71,31,42,88,23,12,3
2,2091,2,24,1471,0,154638542,33,18,37,2,0,92,,Major,59,32,84,46,0,40,6
1,1906,3,32,32330,1,1767475553,260,114,1577,0,5,165,C#,Minor,90,40,59,0,0,10,12
1,1834,9,24,2706,0,357456184,106,15,218,0,182,149,D,Minor,66,29,78,16,0,9,5
1,2141,4,7,238,0,91607275,10,0,7,0,0,136,C#,Minor,68,22,45,22,0,9,5
1,2117,7,7,77,32,32026997,8,178,4,4,32,123,E,Minor,88,50,68,56,0,11,5
1,1871,1,1,30917,58,1717455651,236,0,4255,10,0,141,F,Minor,48,46,60,10,0,10,3
2,1923,1,17,6492,0,1187954052,69,41,415,0,1,159,A#,Minor,77,82,72,14,0,27,33
1,2084,12,7,438,1,268137427,5,0,5,0,0,99,G,Major,58,25,38,93,0,9,3
1,2190,8,1,838,13,244931019,13,153,9,0,1,113,A#,Minor,86,74,69,23,0,8,4
1,2042,1,8,830,0,53560696,1,8,6,0,0,70,A,Minor,26,10,50,61,0,53,5
3,1944,11,20,951,20,301523483,10,80,35,0,21,125,,Major,77,34,94,16,0,42,4
1,2153,2,18,8525,5,636029095,42,119,222,1,227,112,F,Minor,64,16,57,9,1,13,3
3,2033,11,31,605,1,244898543,13,3,89,0,0,129,F#,Minor,79,50,64,37,0,14,28
2,1904,4,22,1374,36,106968504,29,24,40,5,47,86,G,Major,89,47,64,10,0,10,15
4,1931,5,17,303,8,82116751,6,8,28,1,60,119,D#,Minor,81,60,52,73,0,13,6
1,1893,12,2,3734,54,379096949,106,67,157,8,572,218,A#,Minor,64,71,42,58,0,10,7
3,2021,12,22,1083,20,426943770,13,115,9,5,3,142,B,Minor,77,78,73,15,0,29,10
2,2122,5,6,8768,41,1537980340,107,126,130,27,49,84,C#,Minor,96,40,77,9,0,9,9
1,1840,13,9,8558,77,1216698569,175,151,174,12,176,92,G#,Major,67,41,79,5,17,16,4
1,1938,5,10,1607,0,234141377,29,25,26,1,1,164,G#,Minor,87,67,13,61,36,11,9
2,2010,11,13,566,0,244120330,23,89,98,0,0,118,F#,Minor,88,63,65,30,0,12,7
1,2147,10,26,459,10,184753394,9,100,16,1,26,134,F,Major,54,23,72,0,0,15,3
1,1860,5,6,975,0,268744430,6,22,8,0,0,122,C#,Minor,79,74,53,9,0,47,12
2,1886,7,23,11593,0,1855548419,245,25,648,0,,84,G,Minor,70,75,68,21,0,28,4
2,2188,11,10,5014,0,294729118,175,9,163,4,71,133,,Major,68,45,80,12,0,19,10
1,1966,12,22,1150,0,59528964,31,0,17,0,2,109,C#,Minor,79,55,85,13,0,9,6
2,1858,5,22,612,50,56956595,1,56,7,0,1056,130,A,Major,68,81,77,77,7,9,7
1,1900,5,11,4573,11,286892716,164,299,159,3,119,84,D#,Minor,78,58,53,13,0,8,9
1,2017,7,27,8910,0,1303535410,205,55,504,4,,103,F,Minor,78,92,73,9,0,11,8
1,2095,12,8,838,0,80559049,6,19,3,0,0,76,,Major,58,19,21,82,0,10,5
1,1988,8,21,23014,31,851774526,121,68,253,1,41,156,A,Major,49,55,52,66,0,42,12
2,2079,5,22,5474,6,1156025240,78,40,128,0,,189,D#,Major,31,11,35,65,0,11,5
1,1879,5,10,3027,3,791845658,21,21,122,0,13,163,A,Major,36,37,88,0,65,5,5
5,1846,5,1,631,14,144871208,21,19,16,1,0,69,A#,Minor,49,24,71,12,0,10,26
2,1958,10,3,595,0,69490429,2,0,7,0,0,86,C#,Major,73,81,61,4,0,8,6
1,1928,3,26,1287,0,166719862,19,4,52,0,1,100,D#,Minor,65,89,91,6,0,36,4
3,1975,9,5,3264,28,828675940,57,60,56,6,0,157,E,Minor,69,14,69,9,0,8,9
1,1908,9,5,1320,4,173049933,25,10,17,0,0,160,G#,Minor,77,46,63,16,0,13,8
1,1981,10,25,27229,0,1386180791,382,144,2300,0,,147,G,Major,36,30,61,15,0,7,4
1,1890,11,20,777,11,291258705,38,27,64,0,284,137,A,Major,36,26,59,4,0,10,3
3,1920,9,3,5042,0,489253256,146,31,89,0,0,141,B,Minor,73,31,66,0,0,31,15
2,1861,4,13,1556,4,107975347,0,0,0,0,0,152,A,Major,84,71,72,15,0,10,18
1,1976,1,1,9501,45,304798858,22,131,257,3,340,142,D,Major,40,22,85,19,0,9,9
3,2193,4,25,5966,14,536587996,133,92,77,0,38,84,C#,Major,46,35,65,31,0,7,36
2,1889,3,14,7387,26,430849971,166,85,183,0,158,137,C#,Minor,92,73,72,1,0,5,5
4,2125,5,21,268,7,84928399,5,10,26,1,66,121,D#,Minor,84,70,53,73,0,13,5
1,2015,4,30,2380,9,413214731,49,42,89,1,223,80,A#,Major,38,30,50,32,0,15,5
1,1842,5,6,8490,41,1352821359,122,120,136,14,179,112,F,Minor,64,19,76,9,0,12,23
1,2149,12,26,6900,15,664281562,42,83,253,1,51,153,G#,Major,68,41,47,15,0,17,23
1,2188,1,1,21292,8,689926519,30,11,268,0,0,157,C#,Major,36,26,60,13,0,10,5
1,2005,9,12,285,6,322116059,12,75,1,0,8,96,F#,Minor,76,37,50,33,0,10,4
2,2102,1,8,1266,0,86242636,9,10,9,0,0,114,D,Major,74,93,79,11,0,32,17
4,2195,7,10,2405,0,136277753,37,0,29,0,0,113,G,Major,80,14,51,1,0,8,6
1,2069,2,13,1240,22,235788016,55,29,58,4,57,122,A,Major,95,62,54,48,0,33,21
1,1908,6,26,7421,11,747276011,152,75,127,17,29,152,C#,Major,70,73,53,68,0,38,4
2,1882,4,27,848,4,63557032,16,13,28,0,46,115,G,Minor,84,36,72,22,0,9,4
1,2066,11,3,1155,0,170125901,10,0,16,0,1,110,G,Major,91,77,85,15,23,35,7
1,2094,4,13,2355,35,184270761,56,89,60,3,517,163,D,Major,47,37,81,0,0,12,5
3,2168,1,27,497,4,179552981,28,3,37,0,0,113,G#,Minor,73,57,65,1,0,6,4
1,2047,5,6,1033,28,443094178,5,27,8,0,0,147,B,Major,78,76,65,21,0,18,6
1,1977,10,3,1011,0,173642676,9,0,16,0,1,104,G,Major,95,75,76,14,24,35,6
1,1907,1,1,15537,0,711560394,204,179,204,0,,150,G#,Major,70,83,44,75,0,48,5
1,1949,5,6,1236,0,292196126,8,20,11,0,0,141,,Major,81,89,60,26,0,16,5
3,1988,8,7,3012,2,466102695,92,83,64,0,17,100,A,Minor,66,61,88,19,0,25,5
1,2193,10,20,1763,0,282270722,39,47,20,0,0,167,D,Major,70,38,54,2,0,4,32
2,2031,10,19,3828,16,383247150,119,37,155,4,21,130,,Minor,78,79,77,43,0,19,5
2,2081,8,22,29802,74,2544666632,266,138,2483,1,147,205,G,Major,71,52,64,15,0,13,29
1,1830,8,22,2912,2,352875609,68,93,65,0,26,151,E,Minor,40,8,24,91,1,13,4
1,1838,6,20,5434,0,445497991,46,1,78,0,11,93,,Minor,50,47,43,22,8,8,22
2,2210,1,15,7329,0,1187945305,65,49,361,0,1,157,A#,Minor,85,90,74,14,0,27,34
3,1836,1,8,3355,0,292812765,53,28,47,0,0,82,C#,Minor,80,50,39,1,1,12,21
2,1878,4,31,3174,16,598941670,64,25,69,1,0,88,D,Major,83,101,53,17,0,31,7
1,1891,1,1,14868,47,1089202484,88,105,2301,5,549,114,D,Minor,67,46,63,0,0,14,3
1,1998,2,11,593,5,262780102,4,108,21,0,1,143,D,Minor,48,53,74,31,0,11,6
2,2078,5,16,5676,27,580106906,88,132,60,1,33,150,,Major,49,38,65,0,0,10,16
1,2199,1,7,1361,0,100245859,3,17,14,0,0,84,E,Minor,48,52,58,47,0,34,22
1,2044,1,6,2944,0,216014773,20,83,59,0,1,137,,Major,53,46,79,0,0,9,3
1,1913,1,1,8581,23,943408818,147,114,164,0,5,213,G,Major,43,51,58,47,0,15,10
1,1844,12,15,2386,21,283917064,45,22,106,0,9,151,D,Minor,77,53,43,84,0,20,41
1,2130,1,28,1772,0,119157592,111,41,110,1,60,178,F#,Minor,61,57,66,13,0,20,28
1,2151,1,1,13867,111,1366603927,26,107,560,2,66,141,,Minor,53,47,45,12,2,12,3
2,1933,1,1,19031,0,665946155,78,14,1627,0,3,131,G#,Major,88,63,71,10,0,18,8
2,2066,3,3,2172,43,204725999,77,79,117,12,347,115,G#,Minor,79,68,68,3,1,10,4
1,2176,3,23,1270,0,188339612,25,1,16,0,0,150,G#,Major,56,48,82,1,0,18,5
2,1912,3,17,2138,39,259181998,27,88,29,5,83,142,D,Major,67,15,77,4,0,11,4
1,1897,7,13,928,100,31783878,76,240,102,24,1268,84,,Major,40,15,8,89,0,10,3
1,2132,7,4,9498,26,1230429069,123,89,159,4,0,188,C#,Major,64,40,66,30,0,15,11
2,2215,5,12,1714,0,74652914,4,1,6,0,0,115,B,Major,62,51,75,29,0,7,36
1,2137,4,8,721,2,155570075,10,6,12,0,14,108,F#,Major,73,54,46,71,0,12,6
1,1896,10,22,8479,0,245615491,127,55,197,0,0,138,D#,Major,36,38,80,37,0,9,5
4,1820,9,12,7091,0,408534226,119,11,205,0,1,134,G#,Minor,74,73,87,2,0,5,5
1,1821,11,5,2230,11,1774656518,0,0,871,0,0,153,,Major,59,43,29,89,0,15,4
1,1962,10,3,1148,0,183637229,9,0,14,0,1,92,G,Major,88,71,74,14,24,35,6
1,2211,11,9,983,0,85209737,6,19,3,0,0,77,,Major,58,17,22,86,0,12,5
1,2205,3,3,209,0,32014058,5,9,0,0,0,161,,Major,49,56,81,5,0,35,4
1,1961,6,10,2038,8,207144852,127,68,106,1,8,96,A#,Minor,68,82,65,28,0,22,8
3,2193,10,21,972,20,353070950,12,77,37,0,19,109,,Major,70,37,89,14,0,45,4
1,2220,12,8,843,0,54339409,5,12,3,0,0,83,G#,Major,43,30,74,26,0,21,39
1,2090,11,9,1030,0,70152799,5,8,1,0,0,93,D,Major,57,48,79,9,0,35,4
2,2030,9,19,12778,0,724923505,168,67,496,0,11,117,B,Minor,91,66,80,2,5,7,9
1,2069,10,13,21674,32,2321103230,198,94,4593,1,0,126,E,Minor,52,43,61,67,0,12,5
4,1982,1,5,765,3,234512470,32,0,11,0,0,176,F,Minor,64,62,44,41,0,39,4
1,1938,10,17,1738,0,430238845,1,0,26,0,0,88,B,Major,76,75,60,33,0,9,3
1,2089,5,2,6303,5,257706789,139,50,118,0,98,125,C#,Major,58,72,85,2,0,27,11
2,2145,3,16,2142,38,252725629,31,93,27,5,81,155,D,Major,71,14,75,4,0,10,4
1,2098,7,1,568,0,140580173,6,56,12,0,0,103,D,Major,77,32,77,1,0,11,4
1,2039,9,19,795,10,246291968,41,25,59,0,287,161,A,Major,32,22,55,4,0,12,3
2,2136,1,14,443,2,141662193,14,38,23,1,14,100,,Major,72,54,64,7,0,27,4
2,1905,3,17,3216,48,662810605,37,244,40,12,404,160,F,Minor,65,86,81,48,0,8,3
1,2048,2,20,5095,4,913329747,102,123,190,0,39,134,,Major,63,60,43,54,0,13,5
2,2062,12,4,992,0,108557131,6,5,3,0,0,143,F,Major,97,66,56,0,0,12,20
1,2100,11,1,484,1,259837581,17,89,10,0,0,126,A,Major,88,56,74,6,0,5,12
1,1978,1,20,2282,21,420319369,18,73,53,0,23,116,A#,Major,66,59,98,1,0,12,11
1,1883,3,11,515,0,58341000,11,4,4,0,0,107,D,Major,83,32,84,15,0,12,4
3,2118,6,6,876,0,130773208,47,3,59,0,0,86,C#,Major,83,75,78,10,0,8,12
1,1861,5,13,1481,0,37706805,1,0,4,0,0,79,G,Major,45,60,40,71,1,49,41
1,1939,8,1,840,12,283515557,14,128,8,0,1,96,A#,Minor,89,65,68,23,0,8,4
1,2202,1,7,1291,0,64501810,1,5,6,0,0,111,A#,Major,75,26,58,37,0,24,3
2,1954,9,21,2396,0,309555788,31,57,32,0,11,103,A,Major,70,20,29,69,0,12,4
1,1971,5,6,931,4,198591557,17,58,1,0,56,129,F#,Major,57,56,66,47,0,13,3
1,2078,10,14,8360,0,490406287,5,0,278,0,0,152,G,Major,66,77,45,90,0,9,4
2,2079,12,24,436,5,183469958,3,32,2,1,0,141,D#,Minor,68,84,52,34,0,11,5
1,1863,11,16,1514,0,213255730,45,64,93,0,22,76,A,Major,83,90,62,6,0,9,12
1,1851,5,14,2434,0,221022379,100,13,159,11,3,115,G,Major,63,72,88,0,0,13,6
1,1855,8,10,1690,0,607561831,34,21,124,0,,167,G#,Minor,59,69,63,84,0,46,35
1,2004,11,4,3224,16,482839905,46,65,82,11,114,150,E,Minor,59,50,87,1,1,56,4
1,1881,5,6,4577,0,440674226,80,12,94,0,18,155,G#,Minor,84,75,64,8,0,13,24
3,1824,5,11,1127,33,98472892,39,63,48,9,198,137,B,Minor,78,97,82,4,0,21,5
1,2042,1,1,11546,49,1286596973,153,134,419,2,81,102,F,Major,80,57,62,9,0,12,6
2,1936,12,24,1473,0,112702468,45,9,59,0,0,91,G,Major,90,65,62,5,0,18,7
1,2003,9,7,1475,5,204098647,78,60,314,1,204,131,D,Major,55,22,57,0,0,8,3
1,2055,8,10,877,0,170580411,42,9,26,1,1,129,D#,Major,75,29,43,88,0,9,38
3,2093,6,23,2855,40,731701606,39,0,4,0,0,101,D,Major,95,66,65,62,0,9,3
4,1858,1,5,800,3,253677353,33,0,13,0,0,176,F,Minor,76,59,42,42,0,35,4
1,1919,7,9,3736,10,519367990,108,76,101,1,1,179,F,Major,74,66,80,14,0,14,22
1,1872,5,6,1199,6,438303881,7,27,12,1,1,95,,Minor,80,21,57,30,0,12,5
1,1995,11,15,931,0,80451906,36,36,14,0,3,167,F,Minor,73,23,69,0,0,11,43
1,2084,2,16,2541,20,414388441,69,23,44,1,0,88,G#,Major,46,25,65,29,0,13,13
1,2028,1,29,2011,16,121188908,95,26,96,8,420,114,G#,Major,63,23,96,0,0,15,9
2,2085,10,28,3593,34,492234958,47,75,53,10,8,115,G#,Major,77,56,77,28,0,30,18
1,2202,10,2,11798,7,1224535777,180,70,254,6,17,138,D#,Minor,85,58,63,36,1,10,4
1,2156,6,22,19345,3,2015706211,224,113,2240,0,92,114,E,Major,60,20,40,58,0,11,5
4,2120,3,16,850,0,186605370,33,0,51,0,0,133,D#,Minor,88,70,42,26,0,12,29
1,2212,6,15,2350,27,333263959,65,11,42,8,70,131,G#,Major,72,68,72,3,0,28,4
1,1837,7,8,3515,10,466582812,100,71,96,1,1,177,F,Major,73,64,80,14,0,15,24
2,2147,3,13,309,6,105962796,5,50,2,1,10,155,G,Minor,67,71,75,27,0,11,7
1,1993,1,1,8654,0,265443813,117,32,52,0,1,154,G,Minor,74,96,72,82,0,7,8
2,1860,11,22,1064,0,287054718,16,5,21,0,0,84,D,Major,65,79,58,27,0,12,5
2,1968,1,1,28597,35,1150643188,64,120,687,0,489,142,E,Minor,80,34,52,6,0,22,9
1,2038,4,31,2325,0,265062121,26,40,24,0,0,124,G#,Major,85,25,63,6,0,14,31
1,1957,5,19,2392,0,277512969,19,3,42,0,0,142,D#,Major,61,39,59,78,0,10,4
1,2037,2,11,3582,0,455343216,82,0,108,0,2,176,G,Minor,37,23,67,22,0,18,6
2,2108,4,32,365,4,76883209,16,8,45,1,29,120,F#,Minor,73,64,60,37,0,28,5
1,2094,6,22,238,26,72221888,15,148,9,5,172,127,G,Minor,85,101,94,9,0,9,9
2,1871,12,11,4774,0,302844606,168,11,192,4,78,137,,Major,63,54,81,10,0,18,11
3,2115,9,25,4462,0,416100284,107,2,71,14,1,105,,Minor,68,65,70,0,0,14,4
2,1894,11,5,95,0,138992370,11,102,0,0,44,86,A,Major,58,48,56,75,0,6,3
1,2213,10,6,1697,5,226002852,74,63,351,1,182,119,D,Major,48,25,65,0,0,8,3
2,2218,11,8,1104,0,97462574,7,30,3,0,0,146,A#,Minor,72,68,68,56,0,34,8
1,1912,1,1,29369,42,1736107777,215,2,4106,5,0,164,B,Major,42,27,63,0,0,25,3
1,1808,9,10,45341,9,1587330169,279,116,11663,4,166,128,C#,Major,55,69,91,0,0,11,7
2,2192,3,4,5761,4,722958495,185,39,462,10,38,102,G#,Major,83,105,76,20,0,32,4
2,2099,10,23,8800,42,1195760953,234,111,319,28,158,130,D,Major,69,25,48,1,0,24,10
2,2037,12,21,3518,38,635851960,51,70,86,14,179,166,F#,Minor,71,53,79,5,0,11,8
2,1939,8,1,6185,0,560720141,179,52,171,1,22,118,B,Minor,73,50,81,20,0,24,6
1,2144,1,30,621,0,152318562,26,67,62,0,0,141,F,Minor,90,84,83,15,0,8,5
2,2026,4,4,274,8,117985133,8,74,4,1,1,123,A,Minor,78,96,82,29,0,8,4
1,2179,6,2,263,19,68561641,9,91,5,0,76,102,F,Minor,87,65,84,9,0,6,34
1,1999,1,6,2084,0,122440226,11,29,14,0,0,124,F#,Minor,81,32,70,0,0,20,5
4,2193,6,8,725,32,59076566,22,50,21,7,92,171,G#,Minor,57,58,78,15,0,39,7
1,2039,10,20,38849,7,1240604185,133,73,7237,5,87,101,G,Major,57,13,32,1,0,11,4
1,1917,11,7,428,1,250591820,5,0,5,0,0,90,G,Major,63,24,38,94,0,9,3
1,1995,6,10,288,0,78340897,0,19,6,0,0,151,G#,Minor,60,70,81,4,0,26,10
2,2062,4,1,1261,2,193650842,21,15,9,0,5,180,C#,Major,67,49,68,19,0,11,25
1,2121,5,10,1799,0,247662911,26,24,32,1,1,145,G#,Minor,88,59,14,66,35,12,9
1,2114,1,7,1840,0,113628854,7,52,15,0,0,117,G,Minor,86,64,54,2,0,9,9
1,1917,10,21,2377,0,179188504,11,6,25,0,1,157,E,Major,38,26,53,7,0,13,3
2,2159,12,4,500,0,75158772,8,1,7,0,0,112,D,Minor,59,26,46,52,30,14,3
2,1961,11,10,2065,0,144719313,70,94,140,0,0,107,,Major,59,57,87,24,0,9,4
2,2028,3,20,9462,5,1108744342,229,92,427,3,11,125,,Major,64,61,85,3,0,11,3
1,1922,5,13,2987,0,122596749,3,7,13,0,1,125,G,Major,78,46,46,69,0,14,9
1,2142,1,1,8383,0,394210209,109,132,75,0,0,146,,Major,64,82,36,63,0,15,3
2,1897,1,7,1260,0,99034647,10,11,9,0,0,118,D,Major,69,78,83,10,0,29,18
1,1883,3,18,360,14,154732943,4,66,15,1,10,141,,Minor,57,52,89,12,0,11,6
1,2109,5,12,1693,0,38531478,1,0,4,0,0,84,G,Major,42,61,35,83,1,48,37
1,1843,9,13,305,0,53573962,3,0,2,0,0,97,D,Major,83,74,60,6,0,16,6
1,2178,8,20,3125,38,583953061,45,75,57,4,3,89,F,Major,82,59,54,10,0,30,7
1,2115,6,12,474,23,309510338,8,113,4,3,2,92,,Major,85,43,61,33,0,8,3
1,2072,5,12,1137,0,41494693,0,0,0,0,0,98,G,Major,44,73,44,95,0,9,8
2,1942,5,13,284,5,91147495,9,65,4,1,113,127,G#,Major,71,38,39,73,0,11,3
1,2070,4,15,2337,0,667978787,31,0,44,0,0,173,F#,Minor,85,61,48,46,0,11,28
1,2182,3,3,334,4,89673449,4,20,0,0,0,116,F#,Minor,69,67,85,0,0,32,3
1,2048,6,23,3547,0,503680193,32,6,43,0,1,129,D#,Major,94,58,50,50,0,37,22
1,2153,3,3,261,0,61005941,5,15,0,0,0,143,D,Major,45,51,66,11,0,27,3
4,1841,5,20,3521,3,339431810,38,1,30,0,1,168,A,Minor,78,81,93,11,0,17,13
2,2040,10,23,1341,0,178233912,12,1,12,0,9,111,F#,Minor,44,37,69,8,0,10,20
1,2049,5,6,989,1,274010169,8,12,8,0,0,202,F,Minor,52,38,46,76,0,13,6
1,2045,5,18,67,9,50218092,7,9,0,0,62,94,E,Minor,78,33,58,26,0,29,5
1,1909,7,23,14747,17,1421377182,258,111,939,21,,137,G,Major,77,47,70,1,0,14,3
1,2144,1,7,949,0,73356436,1,17,11,0,0,79,A,Minor,28,14,41,53,0,18,3
3,2051,10,24,816,0,1155963175,8,9,9,2,0,83,G,Major,67,58,74,24,0,42,22
1,1984,5,21,710,14,364107672,23,93,10,0,24,153,F#,Minor,64,48,74,18,0,18,5
1,2137,8,18,2173,24,685956249,85,53,47,0,8,138,F#,Major,61,21,50,45,1,30,3
2,2181,11,26,408,5,215860575,3,30,2,1,0,142,D#,Minor,71,77,48,36,0,12,5
1,2132,4,29,2311,0,267443108,25,44,23,0,0,115,G#,Major,93,27,68,6,0,13,28
1,1844,12,20,7180,0,763693503,29,21,16,0,4,139,G,Major,52,22,39,12,19,16,3
1,1979,9,28,3035,0,293243168,136,29,224,1,38,178,A,Major,24,18,27,92,0,13,3
2,2130,2,4,1087,0,87671961,40,1,24,0,0,130,C#,Minor,85,51,54,43,0,12,39
2,2176,5,14,1974,0,32833831,3,0,2,0,0,128,G#,Minor,45,46,35,88,0,10,38
2,2184,5,13,1738,0,35106041,3,0,2,0,0,150,G#,Minor,44,54,40,83,0,12,37
1,1861,1,9,4088,8,829881718,75,20,261,1,57,176,E,Minor,39,8,65,2,0,12,5
1,1981,1,28,376,0,115839592,11,58,12,0,12,124,A#,Minor,65,86,95,1,0,18,8
1,1871,3,21,12012,12,1433932910,212,109,122,0,191,117,,Major,68,57,86,2,0,47,3
1,1878,6,26,9747,0,1343010654,192,53,484,4,,107,F,Minor,89,87,75,8,0,12,10
3,1949,1,5,2064,0,329313228,63,7,63,17,5,105,F,Major,61,43,48,63,0,33,5
1,2039,11,24,3515,3,517563921,24,3,53,0,1,149,D,Major,76,59,95,27,0,13,22
2,2130,2,2,1201,0,136290976,32,1,29,0,0,129,G,Major,51,48,60,41,0,27,3
1,2186,9,21,7599,0,1152210322,181,59,103,0,2,130,,Major,70,63,86,47,0,10,13
1,1891,3,32,309,2,137863976,27,2,30,0,0,124,C#,Minor,82,26,47,12,0,9,10
2,1967,12,2,397,0,81554474,2,2,6,0,2,87,F,Minor,31,52,57,81,0,40,6
1,1828,10,3,963,0,165748943,10,0,15,0,1,94,G,Major,82,70,80,15,25,35,6
1,1919,5,6,4171,0,406436012,72,12,98,0,17,151,G#,Minor,73,68,64,8,0,14,28
1,2192,6,8,2422,40,443943748,48,67,42,5,6,155,E,Minor,73,57,57,4,0,28,11
1,2120,10,13,7855,0,445319931,5,0,282,0,0,141,G,Major,66,66,46,86,0,9,4
2,2152,4,22,4345,9,620413207,114,65,229,13,1,178,F,Major,68,53,62,21,0,8,31
2,2197,4,6,1008,0,71303900,26,0,56,0,0,163,G,Minor,63,46,70,37,0,9,9
2,2165,3,3,465,0,93525976,8,10,12,0,0,68,C#,Minor,57,64,80,56,0,11,38
1,1990,9,21,38395,8,1305239729,155,74,6180,5,80,101,G,Major,56,12,37,1,0,12,4
1,1946,5,12,885,29,134240082,38,52,86,11,31,139,B,Major,70,34,44,90,0,10,11
1,1919,1,1,891,0,456119808,50,0,6,0,0,189,A,Major,48,92,57,39,0,17,4
1,1890,1,1,9317,0,624705090,164,5,561,0,6,113,F,Minor,62,32,66,1,0,8,4
2,1861,6,26,2645,0,230800800,14,45,54,0,3,92,F#,Minor,68,32,41,38,0,32,13
2,2166,12,27,241,6,149588075,8,76,5,1,4,148,E,Minor,77,88,82,21,0,6,9
1,1967,2,10,1951,15,368110730,1,48,17,0,19,140,A,Minor,48,35,45,31,0,11,11
1,1950,2,23,3011,63,193330878,78,99,158,19,918,165,D#,Minor,53,31,83,26,0,12,8
1,1928,5,21,3419,5,315901801,43,26,84,0,219,140,,Major,53,33,44,14,0,10,3
1,2188,11,9,978,0,94659100,5,28,1,0,0,159,C#,Major,65,35,67,48,17,19,7
2,2143,6,15,5255,5,256599519,110,54,108,12,0,133,,Major,69,70,86,24,67,15,5
1,1866,2,17,721,12,276850284,16,44,14,1,1,181,G#,Major,54,89,43,41,0,7,4
1,1889,5,31,148,7,147421296,1,10,1,0,1,144,B,Major,58,26,40,82,0,11,4
1,2172,7,15,568,42,14546638,31,126,39,6,206,131,,Minor,82,41,65,64,0,10,20
2,1903,11,6,4865,37,681811416,57,86,93,10,17,101,C#,Minor,90,39,56,0,0,11,27
2,2166,4,6,230,4,87066158,4,47,11,2,22,97,G,Minor,79,42,57,39,0,35,6
1,2023,5,6,895,3,371244692,10,23,11,0,0,130,C#,Major,78,52,61,11,0,12,5
1,2056,7,12,390,0,94776891,28,62,191,0,0,140,G,Major,51,44,58,26,0,12,4
1,1938,8,5,2501,0,446467864,24,12,70,0,7,155,A,Major,29,29,84,8,0,9,8
1,2020,11,16,16878,80,1672427683,234,126,3589,18,,125,E,Minor,42,13,53,68,0,9,4
2,1977,10,32,10534,21,1655488850,188,151,523,10,25,117,E,Minor,78,13,61,40,0,11,5
1,2157,2,24,566,10,128008890,15,93,31,0,320,112,D,Major,82,96,60,61,0,41,3
1,2199,9,26,6139,0,451918920,152,95,235,0,0,157,G#,Major,51,65,73,0,0,20,5
2,2048,3,10,4845,48,200780847,146,105,244,10,627,148,A,Major,65,34,90,4,4,8,4
1,1842,2,23,4997,4,988105770,109,120,218,0,35,141,,Major,56,58,46,60,0,12,5
1,2184,5,6,4202,32,1106386422,31,62,45,6,2,103,G,Minor,83,22,50,14,0,6,5
3,1946,1,1,54378,0,899870254,198,1,7913,0,0,105,F#,Minor,74,91,74,4,0,9,4
1,2036,10,14,12035,0,848868271,33,0,527,0,0,84,E,Major,32,42,24,84,0,27,3
1,1853,6,23,8769,0,362631629,217,58,244,14,2,116,C#,Minor,63,88,95,4,0,26,8
1,1834,12,14,8147,0,1067737091,125,26,244,0,7,110,E,Major,58,6,27,79,0,9,3
2,1987,1,1,33490,0,1108966335,133,76,6091,1,0,85,B,Major,88,56,78,20,0,6,25
1,1874,12,9,1375,0,153502943,21,49,12,0,0,118,A,Minor,47,59,30,82,0,20,4
1,1900,3,3,6171,0,643744875,113,217,438,1,0,106,E,Minor,54,64,76,0,48,19,4
2,2134,3,10,5145,50,218562401,154,118,255,9,677,157,A,Major,64,30,91,4,4,7,4
1,2186,6,31,23318,64,2595131008,348,139,703,30,,88,B,Major,76,52,57,45,0,9,9
1,1929,5,6,815,0,270524355,4,15,9,0,0,114,F#,Minor,91,63,59,46,0,33,7
1,2147,6,27,2535,3,451051666,33,76,41,0,5,104,A,Minor,82,28,65,56,0,12,5
3,2160,2,11,2005,0,103053104,31,3,28,0,0,150,G#,Minor,44,50,81,10,0,34,42
2,1977,6,1,291,8,11603133,5,2,28,2,61,126,B,Minor,88,69,67,46,0,12,26
2,2179,5,4,104,0,33182897,5,9,5,0,0,135,B,Minor,55,21,51,34,0,40,5
1,2163,10,28,530,2,141614287,23,2,21,0,0,115,G#,Minor,88,67,81,5,0,34,3
1,2177,5,20,3230,5,280717573,45,30,74,0,188,129,,Major,63,30,42,13,0,10,3
1,2219,3,3,196,0,35227214,5,8,0,0,0,140,,Major,54,59,80,5,0,33,4
1,2097,8,5,1443,4,189573815,25,10,18,0,0,166,G#,Minor,81,50,61,16,0,14,8
3,1837,4,25,5884,15,541318930,129,85,74,0,35,85,C#,Major,45,33,65,34,0,7,34
1,1973,8,13,4830,0,416960794,98,16,74,8,2,122,D,Major,90,97,84,7,0,31,23
2,1958,11,2,410,0,76315386,2,2,5,0,2,80,F,Minor,30,48,59,82,0,40,5
1,2119,1,7,3422,0,330948704,49,83,63,0,,90,,Minor,64,78,71,29,0,33,5
1,2019,9,8,11020,30,1244895508,226,64,555,18,,138,D,Major,80,82,85,26,0,4,8
2,2028,5,15,4636,0,493493978,14,7,56,0,1,126,F,Minor,61,46,75,11,0,64,11
1,2000,4,1,7481,4,1133040135,126,39,139,0,48,168,A,Major,45,21,65,57,0,45,9
2,2049,5,29,25902,0,2374668925,311,156,2244,0,48,103,G#,Major,74,64,56,43,0,11,3
1,2123,1,1,34450,0,2505352517,342,119,3609,0,30,73,D,Major,82,56,43,49,0,16,3
1,2075,6,24,9040,0,1347705069,197,52,459,4,,113,F,Minor,75,94,79,9,0,12,8
1,2096,10,10,21964,5,2018045802,264,83,2275,0,37,107,E,Major,59,51,35,84,0,29,47
5,2094,5,1,526,13,128546695,22,18,16,1,0,73,A#,Minor,52,23,68,11,0,10,30
1,2222,2,22,2967,71,472612048,99,219,73,5,0,112,B,Minor,83,77,60,42,0,31,3
1,1908,10,25,7129,17,666201135,48,86,238,1,44,162,G#,Major,66,43,50,16,0,16,22
1,2118,13,8,8448,79,1250331194,169,177,162,12,176,82,G#,Major,64,42,75,5,17,16,4
1,2127,1,1,11945,58,1232790801,52,107,2308,5,213,86,E,Minor,62,25,62,23,0,14,26
1,1909,10,21,8963,61,1005199329,233,149,157,8,294,100,E,Major,67,52,67,11,0,19,5
1,2037,7,16,4402,0,263603039,13,0,106,1,3,117,C#,Major,62,41,65,8,0,46,4
2,1919,11,7,1418,4,145372018,13,82,16,0,43,75,A,Major,73,22,56,70,1,16,15
3,2013,3,5,15449,0,1119311058,249,111,565,0,10,143,F,Major,58,69,63,17,0,8,3
1,2221,1,8,1295,0,95404304,3,16,15,0,0,91,E,Minor,45,51,61,47,0,32,22
2,2027,5,27,583,0,45791802,22,19,30,0,0,82,G#,Major,63,8,59,6,0,62,6
4,2143,6,2,567,4,89684297,13,45,20,1,11,151,B,Minor,66,19,43,21,0,12,6
1,1838,2,25,492,9,135992077,14,99,29,0,291,116,D,Major,76,86,68,71,0,37,3
1,1938,5,23,3587,0,807341393,21,19,103,0,7,188,A,Major,40,17,27,92,0,37,4
1,1910,13,8,966,0,85552578,6,23,3,0,0,69,,Major,62,18,19,76,0,10,5
2,2197,5,31,1371,37,206930766,15,152,35,12,148,134,F,Minor,92,78,69,28,0,11,5
1,2136,1,1,19186,15,1006198613,112,66,5520,0,596,185,A,Major,46,34,63,7,0,8,3
1,1971,8,24,2695,0,300821983,107,15,191,0,181,143,D,Minor,59,33,79,15,0,9,5
1,1830,6,26,7237,9,607947845,201,92,300,27,22,109,G,Major,72,64,70,4,0,6,13
1,2016,12,5,2889,0,265468313,48,0,163,0,0,139,D,Major,72,39,60,5,1,10,35
1,1900,6,3,1705,32,272142205,19,51,25,2,2,174,G#,Minor,68,55,57,25,0,16,7
2,1953,2,2,195,4,81115211,7,78,2,1,1,132,G,Minor,70,78,73,26,0,10,4
1,2205,5,16,452,31,97559280,10,116,7,0,157,142,E,Minor,87,72,83,3,0,29,5
1,2131,12,9,925,0,63052702,5,9,1,0,0,97,D,Major,50,50,70,8,0,34,4
1,2062,5,20,73,8,48960266,7,10,0,0,57,96,E,Minor,71,37,61,24,0,28,5
2,1877,11,21,6940,18,648015378,125,171,261,2,,130,,Minor,57,16,67,0,0,11,4
1,2126,2,9,4311,10,418034362,114,47,819,23,,110,B,Major,82,78,73,40,0,12,4
1,2163,8,1,26413,0,2142282601,284,120,4980,2,84,110,G#,Major,41,35,25,91,0,14,3
1,2130,12,2,327,2,126179633,2,69,15,0,2,169,G#,Major,50,46,74,3,0,13,9
1,2073,5,21,5425,0,431652206,43,1,73,0,13,84,,Minor,42,44,45,24,8,8,24
1,2196,7,6,6586,0,457356340,172,78,324,0,0,126,G#,Major,69,53,79,2,0,11,5
1,2052,2,18,1555,2,154583463,56,6,46,0,159,88,F,Major,54,69,71,7,0,34,3
1,2118,5,10,24299,0,3071469849,585,182,3343,6,,96,F#,Minor,89,59,54,66,0,18,10
1,1934,3,3,587,6,137057786,22,96,0,0,69,127,D#,Minor,61,45,69,45,0,13,3
2,1888,5,30,9272,14,1237746868,155,114,328,7,0,188,D,Major,58,24,67,60,0,24,33
2,1939,11,20,756,0,252122490,7,3,97,0,0,173,G#,Minor,43,67,77,49,0,95,26
1,1845,7,22,9262,0,358109769,208,55,280,13,2,116,C#,Minor,67,79,88,4,0,24,8
2,2031,4,21,4584,9,583635074,131,64,230,13,1,160,F,Major,65,59,70,24,0,7,29
4,1912,5,18,292,7,76410218,6,8,27,1,70,127,D#,Minor,78,67,46,68,0,13,6
2,1911,4,7,959,0,75915835,26,0,47,0,0,171,G,Minor,59,45,66,34,0,8,8
4,1874,11,1,11100,0,454423187,135,1,417,0,0,152,D,Major,31,36,61,32,0,70,3
2,1955,12,24,426,4,95558600,6,1,21,0,1,87,C#,Major,54,36,36,69,0,11,36
2,2153,1,1,34979,22,1322301509,304,85,4992,1,59,141,C#,Major,72,64,84,3,0,12,4
1,1938,6,9,1005,0,82681827,51,14,21,0,0,86,D#,Minor,67,30,64,4,0,18,4
4,2015,12,1,10327,0,497804150,140,1,358,0,0,133,D,Major,33,36,66,33,0,79,3
3,1850,1,1,307,0,92061183,4,0,13,0,0,126,F#,Minor,64,48,86,20,4,7,5
1,1901,9,10,2458,14,780524852,41,115,121,0,,133,C#,Minor,88,40,56,14,0,14,22
3,2213,2,5,1527,9,202832192,0,0,22,0,0,128,B,Minor,68,34,88,1,10,15,4
1,1888,3,17,307,13,161452753,4,65,15,1,9,129,,Minor,60,53,85,13,0,13,6
2,1865,6,22,914,29,64472868,24,63,30,5,83,130,B,Major,73,58,60,9,0,25,5
2,2072,10,21,2964,2,621599352,62,13,134,0,42,105,D,Major,68,33,73,12,0,11,10
1,2006,4,30,956,20,381925325,18,83,22,9,35,181,,Major,54,74,58,12,0,23,3
2,1991,11,23,1311,30,668879108,12,7,5,0,1,95,F,Minor,61,48,46,41,5,10,11
2,1949,2,6,368,6,297310625,10,21,3,0,0,96,B,Minor,67,69,54,6,0,6,4
1,1992,1,1,16425,35,800748628,69,42,1424,0,2,94,A#,Minor,83,64,59,5,0,24,15
1,1974,10,4,2749,15,525033311,49,62,93,13,118,136,E,Minor,52,45,77,1,1,47,4
4,2108,3,18,949,0,185769330,29,0,45,0,0,129,D#,Minor,99,69,49,27,0,14,29
2,1984,8,24,3550,12,304848349,37,51,62,3,1,98,B,Minor,60,36,87,25,0,21,43
1,1850,3,30,811,19,255344348,22,114,19,0,66,114,A,Minor,89,65,37,3,0,12,4
1,2061,1,27,2156,15,121331606,92,23,100,7,467,134,G#,Major,60,24,95,0,0,14,9
1,1855,5,14,1394,0,67306493,1,0,5,0,0,77,A#,Minor,61,60,48,77,0,7,39
1,2108,7,13,896,85,23349272,76,130,47,1,278,122,F,Minor,68,38,88,0,0,12,6
1,2181,7,9,794,0,195932135,43,10,24,1,1,137,D#,Major,76,30,40,78,0,10,42
1,1922,9,6,2441,0,134964749,18,82,35,0,0,132,A#,Minor,68,37,75,1,0,24,4
3,1991,2,12,2187,0,104430325,33,3,31,0,0,155,G#,Minor,43,51,74,10,0,34,35
1,1826,9,30,40266,3,1996438814,316,171,5997,8,18,74,,Minor,45,21,43,27,0,28,5
3,1936,3,2,1312,37,151175384,11,42,18,0,1,90,B,Major,87,56,61,35,0,9,7
1,2185,4,1,7183,4,1287598319,120,42,146,0,45,175,A,Major,40,24,61,60,0,42,9
1,2217,5,22,3530,0,679649035,10,0,66,0,0,170,A#,Minor,70,68,54,25,0,7,13
1,2119,1,1,18057,12,2623413107,7,0,2122,0,0,96,G#,Major,57,16,43,16,0,10,2
1,1928,12,8,867,0,60609161,6,10,3,0,0,85,G#,Major,43,31,67,23,0,22,40
1,1943,10,7,1624,5,206499498,83,60,340,1,204,118,D,Major,57,25,60,0,0,7,3
1,1827,4,7,1177,0,95259371,31,9,14,0,1,183,D,Major,76,24,67,2,0,9,37
3,2017,9,8,2507,2,448686976,83,74,65,0,16,95,A,Minor,73,64,78,16,0,22,5
1,2017,1,2,1950,26,399410726,26,114,14,1,24,125,A,Minor,87,79,78,35,0,11,4
1,2155,12,12,10071,0,751375106,220,107,435,0,,138,G,Major,49,56,65,5,0,30,20
1,1991,1,1,19018,8,1569417156,96,112,1176,0,51,133,F#,Major,56,62,78,2,0,24,4
2,2019,3,25,7156,76,921531825,195,129,332,37,100,101,B,Major,81,88,84,42,0,13,4
2,2122,7,25,13228,0,1991585409,323,50,677,0,,136,D#,Minor,69,87,76,2,0,5,6
1,1848,6,22,248,25,82864595,17,162,10,5,164,141,G,Minor,78,104,83,8,0,9,10
2,1893,2,15,1347,0,278749139,44,4,36,1,0,121,C#,Major,84,25,81,23,0,11,20
2,1843,9,12,14559,31,2450832001,242,90,1142,2,144,123,E,Minor,38,13,32,99,0,10,3
1,1908,6,8,690,47,112727600,22,107,23,4,81,96,G,Major,59,55,59,3,0,35,3
2,2118,3,19,638,0,206884274,10,2,12,0,1,90,F,Major,73,91,72,39,0,29,9
2,2075,3,25,2484,1,333995041,56,3,34,0,0,97,G,Major,89,58,81,9,0,10,5
2,2000,10,13,841,0,86197102,16,0,8,0,0,88,D#,Minor,67,25,55,6,0,47,4
1,1910,10,26,26730,6,1735954238,69,0,6317,2,0,108,D#,Minor,53,38,90,1,0,30,6
1,1848,9,21,1219,0,169230795,1,6,11,0,0,88,F,Major,60,58,79,21,0,7,4
2,1845,11,27,1383,0,188039177,12,1,12,0,8,114,F#,Minor,45,39,81,8,0,9,20
2,1833,6,15,520,138,149165086,39,256,44,9,861,129,B,Major,73,95,78,33,0,9,4
1,2126,10,4,6203,0,582396882,48,107,265,0,0,96,F,Major,30,30,62,48,29,21,11
1,1909,7,32,7712,0,1113982715,140,131,292,0,,62,,Major,33,29,25,72,0,15,4
1,1990,5,16,417,32,89741844,11,134,7,0,154,120,E,Minor,74,71,77,3,0,27,5
2,2005,11,17,634,1,128216404,0,0,31,0,,128,D#,Minor,46,13,77,0,0,10,4
1,2023,11,1,3604,0,502026363,23,3,10,0,0,146,D,Major,48,93,76,43,0,31,4
2,2111,5,24,7986,14,709253611,17,48,1092,0,0,136,E,Minor,82,60,82,2,0,21,7
1,2164,5,8,2723,0,69414703,26,0,29,0,0,102,G#,Minor,79,77,84,19,0,6,31
3,1983,2,5,1680,9,210121173,0,0,21,0,0,128,B,Minor,71,33,96,1,10,15,4
1,2067,10,21,2479,0,299533043,38,34,21,2,0,179,G,Major,67,40,58,6,0,9,7
1,2088,10,10,10524,31,1255598555,251,68,509,19,,135,D,Major,79,76,88,29,0,4,8
2,2140,1,1,26484,31,1154114697,75,103,730,0,502,147,E,Minor,75,39,56,7,0,22,9
1,2206,1,8,2161,0,103134747,45,123,402,0,2,92,D,Minor,56,59,52,34,0,22,11
1,1962,1,1,20154,16,1144818830,115,76,5132,0,546,183,A,Major,45,32,62,6,0,8,3
2,2066,10,3,5369,6,570361402,116,116,90,0,3,163,C#,Major,70,29,45,5,0,21,28
2,1839,1,16,367,0,150187274,10,0,43,0,0,153,D,Minor,74,78,55,69,0,8,7
2,1836,10,20,3937,14,408780605,116,37,152,4,20,137,,Minor,87,75,74,39,0,20,5
1,1862,13,9,971,0,65847824,5,9,1,0,0,82,D,Major,49,51,80,10,0,34,4
1,2089,5,26,14598,20,1016500295,144,126,396,6,284,79,B,Minor,74,51,55,3,0,18,10
1,1918,5,22,1814,1,199515665,14,1,23,0,0,114,E,Minor,73,92,86,34,2,14,3
2,1874,10,26,148,6,71202915,10,77,2,0,45,138,F,Minor,74,77,80,66,0,8,9
2,2042,5,6,8437,46,1347668547,96,120,130,25,50,95,C#,Minor,100,40,73,9,0,9,9
1,2194,10,23,24573,6,1467048380,69,0,6719,2,0,113,D#,Minor,52,38,97,1,0,34,6
1,1904,5,15,2826,0,180868296,41,106,23,0,2,137,A#,Minor,82,7,47,10,0,8,15
1,1865,1,1,22339,24,1442261708,89,53,3407,1,16,104,F,Minor,103,84,66,3,0,4,6
2,1959,5,25,7470,15,682571157,19,53,1014,0,0,125,E,Minor,86,67,75,2,0,20,5
1,2206,7,6,709,46,61084355,26,81,31,14,199,94,F,Major,62,27,77,37,0,10,4
1,1877,1,1,29037,7,1298340347,220,107,5038,1,35,88,F#,Minor,87,84,72,27,0,7,37
2,1925,4,23,4542,9,553044586,116,64,223,14,1,158,F,Major,72,58,60,24,0,8,31
2,2213,6,1,279,8,12648417,5,2,31,2,61,146,B,Minor,100,71,60,41,0,13,23
1,2013,4,23,745,4,160155457,16,11,17,0,0,132,B,Minor,79,64,43,29,0,9,9
1,2049,13,3,4389,0,390239566,65,92,41,0,0,110,G,Minor,54,45,40,54,0,10,15
1,1969,10,19,1897,0,183888212,9,6,12,0,2,191,,Major,33,41,15,97,0,11,5
1,2143,3,10,602,0,51908461,9,4,4,0,0,98,D,Major,86,33,88,15,0,13,4
3,1919,11,31,662,1,253763420,13,3,88,0,0,143,F#,Minor,79,49,60,35,0,15,25
1,2219,9,1,4055,4,725943951,66,93,161,19,403,205,A#,Major,36,25,50,67,0,17,4
1,1883,10,13,7355,0,510502753,5,0,305,0,0,163,G,Major,69,70,45,90,0,9,4
1,2068,5,4,2710,2,540476543,17,88,0,0,5,95,A#,Major,80,56,73,4,0,5,23
1,2213,4,13,3583,95,418176959,88,161,200,26,1266,139,D,Minor,56,30,47,89,0,8,3
2,2203,1,6,1230,0,91203681,9,9,9,0,0,118,D,Major,72,84,89,11,0,34,19
2,1987,9,21,993,0,278420961,16,5,21,0,0,80,D,Major,70,76,60,27,0,11,5
1,1819,1,1,10377,0,688528269,156,89,111,0,,119,D,Major,67,81,34,86,0,6,3
2,2039,1,1,16865,36,1239525492,129,76,1004,1,485,133,,Major,48,86,99,8,0,5,24
1,2135,8,9,1820,2,656097955,71,147,78,0,2,132,A,Major,71,61,73,1,0,35,4
1,2039,6,22,2580,0,405728538,15,0,0,0,0,107,C#,Minor,67,4,59,11,0,19,4
1,2149,3,16,1236,9,124869244,21,7,14,0,6,88,F,Minor,70,78,51,4,0,15,20
1,1902,10,27,2748,0,310228251,55,15,38,0,1,73,D,Major,88,11,42,0,0,34,13
1,2058,2,4,2863,0,367696531,99,13,55,0,12,148,D,Minor,61,61,64,1,0,11,4
1,2124,9,10,15297,17,2535372899,209,37,1589,0,12,94,A#,Major,38,43,55,71,0,9,5
1,1833,11,4,1066,0,93471847,8,5,2,0,0,152,F,Minor,92,40,41,4,0,36,34
2,1861,12,31,1603,12,361006699,22,4,14,1,3,96,C#,Minor,63,78,81,43,0,10,32
1,1820,11,25,466,9,317507705,8,100,6,0,8,142,F,Major,47,18,37,75,0,12,4
1,1826,2,23,1122,39,138967216,14,73,24,10,162,101,F#,Minor,100,58,76,18,0,16,6
1,2133,7,1,26168,0,1931275557,293,111,4693,2,83,118,G#,Major,41,33,25,96,0,13,3
1,1886,2,4,1816,0,119852973,24,1,55,0,0,72,,Minor,25,24,18,19,0,27,3
1,2125,3,25,1312,0,182016282,23,1,15,0,0,141,G#,Major,50,45,83,1,0,16,5
2,1981,13,16,836,22,400205968,26,125,20,7,105,160,G,Major,59,78,63,27,0,6,5
2,2031,10,3,625,0,71937191,2,0,7,0,0,101,C#,Major,78,87,71,4,0,8,6
1,2100,9,19,1657,0,187950759,6,3,14,0,0,120,,Major,45,16,34,80,24,13,4
2,1847,8,26,12486,87,1008516920,313,196,492,47,694,133,G,Minor,59,36,98,4,0,35,4
1,2042,9,10,1536,0,259399859,2,0,12,0,11,146,D,Major,74,34,57,11,0,11,9
1,1992,8,9,2759,13,820619573,48,106,138,0,,135,C#,Minor,78,37,56,17,0,15,24
1,2180,8,8,15332,15,2483849184,250,35,1454,0,14,94,A#,Major,41,45,58,64,0,8,5
2,2100,3,33,2851,41,365752471,44,93,53,13,197,99,B,Major,93,63,72,14,0,12,15
1,2140,10,29,4025,7,325856229,110,47,153,0,244,103,F#,Major,91,62,48,3,0,5,15
1,2181,4,30,835,19,437737784,18,74,24,8,40,174,,Major,56,75,52,12,0,22,3
1,1921,7,10,10137,4,610371181,23,0,831,0,0,111,C#,Major,39,18,28,77,5,11,3
2,1971,4,17,2708,44,459874181,43,199,53,11,237,88,F#,Minor,57,60,77,23,0,25,5
3,2071,4,4,531,15,144878241,4,14,13,5,53,188,B,Major,53,92,54,11,0,28,6
3,1913,7,27,3274,30,485277353,71,66,60,6,3,112,B,Minor,86,53,90,19,0,11,5
2,1824,1,1,34596,0,1331446239,147,71,6503,1,0,92,B,Major,76,50,81,19,0,6,25
1,2025,5,15,996,78,87759523,65,198,49,12,939,121,C#,Minor,85,21,58,12,0,27,10
1,1969,4,7,2011,6,180182243,54,67,45,0,193,142,A#,Minor,90,53,47,6,0,32,7
1,2208,12,8,6197,0,836548738,91,84,172,0,12,96,B,Major,72,19,47,20,4,33,8
1,2160,1,1,21479,41,1828414467,91,69,3772,5,0,102,G,Major,83,61,65,0,0,35,9
1,2040,6,5,31,40,35047905,2,111,9,0,0,95,C#,Minor,52,35,47,8,0,86,4
2,2039,4,23,338,9,75445144,17,82,10,0,60,113,B,Minor,78,28,71,1,0,39,7
1,1849,5,18,582,31,179568411,16,158,15,6,96,132,F,Minor,85,98,83,29,0,11,6
1,1889,5,6,4665,31,889827000,72,113,88,9,2,104,F,Minor,76,27,66,28,0,13,3
2,2094,5,13,2195,22,137220988,62,145,69,2,521,145,D#,Major,79,71,46,14,0,10,36
3,1901,3,29,932,0,172874375,14,0,10,0,0,77,A#,Major,76,49,81,14,0,21,25
1,1886,5,20,3508,3,384463652,30,9,81,0,0,120,D,Major,49,43,30,84,0,10,4
1,1844,2,24,3125,62,212133740,76,112,154,17,967,146,D#,Minor,56,32,80,23,0,13,8
1,1857,2,27,2717,56,204027156,74,102,142,18,959,148,D#,Minor,55,31,78,24,0,11,7
1,1853,5,13,5257,0,278491903,55,17,67,0,222,138,D#,Minor,81,35,68,36,0,11,14
2,1852,11,5,4961,0,583201612,62,20,69,0,1,105,C#,Major,73,76,74,4,0,7,5
1,1833,12,7,8580,0,1396477174,190,59,894,8,80,134,B,Minor,69,59,82,12,0,33,5
1,1910,11,4,3706,0,295046673,22,78,141,0,2,87,E,Minor,52,18,48,84,76,11,3
2,1873,3,33,2646,38,325144115,46,105,54,13,184,97,B,Major,90,68,62,14,0,11,16
1,2119,1,26,1298,0,135720572,53,4,45,0,0,103,B,Minor,65,46,40,72,0,10,3
1,2064,7,32,9315,0,1012648556,148,136,263,0,,63,,Major,28,32,23,75,0,14,4
1,1998,13,7,8523,0,1391586334,167,69,1031,10,70,121,B,Minor,66,60,86,13,0,34,5
1,1831,12,2,832,4,156015750,11,52,5,0,21,154,G,Major,60,83,93,0,0,24,3
1,2047,10,18,2195,0,177593219,10,6,27,0,1,164,E,Major,36,25,61,8,0,13,3
2,1922,6,2,208,0,26727690,3,3,6,0,0,150,B,Major,88,24,67,4,0,25,13
1,1873,10,4,2735,0,510656545,5,1,57,0,0,124,G#,Major,65,9,57,26,0,8,4
4,1854,6,10,2226,0,133009432,35,0,27,0,0,119,G,Major,79,15,58,1,0,7,6
1,1959,11,12,280,6,340579969,12,74,1,0,8,105,F#,Minor,73,43,50,32,0,10,4
2,2004,11,19,3749,2,272920776,53,14,53,1,8,168,B,Minor,32,4,82,1,0,27,17
1,2187,5,6,1440,0,129019731,24,2,14,0,2,133,E,Major,46,7,50,34,0,7,4
1,1852,6,9,5940,7,1008718389,116,40,151,3,32,157,G#,Major,48,26,32,82,0,15,5
1,1837,8,22,8364,5,1764730023,226,153,610,0,,125,F#,Minor,70,69,75,1,0,10,10
1,2054,10,4,2839,0,540150775,5,1,59,0,0,119,G#,Major,61,9,59,25,0,8,4
1,1853,11,7,1736,5,230105918,76,64,305,1,192,122,D,Major,48,24,57,0,0,8,3
2,2081,4,22,332,2,264277149,4,37,12,1,1,159,D#,Major,48,14,43,70,0,12,3
1,1855,3,34,22106,143,2520983980,380,181,941,49,,173,F#,Minor,52,72,77,36,0,30,6
2,2084,13,3,3891,16,678561829,166,37,102,17,0,123,A#,Major,82,80,70,32,0,16,4
1,2103,5,6,1008,6,389948501,7,30,13,1,1,100,,Minor,84,21,55,33,0,12,5
1,2094,7,20,2812,2,334035587,62,86,69,0,23,152,E,Minor,41,9,25,83,1,13,4
1,2008,12,9,1075,0,108174955,14,59,7,0,0,62,A,Minor,65,51,25,79,0,13,8
2,2194,1,7,670,0,50749040,16,3,3,0,0,107,F,Minor,87,79,55,17,0,12,26
4,2133,9,19,854,0,144393513,15,1,13,0,0,108,A,Major,85,39,71,5,0,7,9
2,1948,2,27,1827,0,158877035,25,1,18,0,0,109,D,Minor,87,25,60,2,0,9,4
1,1891,10,1,1186,0,315344237,18,98,47,0,2,110,A,Major,75,96,86,8,0,8,7
3,1860,9,21,889,6,155475858,14,12,11,2,29,127,A#,Major,87,87,84,13,0,14,39
3,1996,3,14,7344,0,575366428,47,13,88,0,1,91,D,Major,80,41,46,2,0,8,3
1,2102,5,25,24991,4,1809840985,115,87,1825,0,16,124,,Minor,38,12,63,8,0,15,7
1,1969,5,13,17126,61,2086812512,163,86,1140,1,,132,A#,Major,58,42,80,5,2,10,3
1,2087,8,5,2218,14,304160849,69,96,58,0,159,88,G#,Major,43,39,65,22,0,7,7
1,2057,4,21,230,12,122594527,6,87,9,2,9,83,G,Major,71,76,86,32,0,47,30
3,1895,2,5,1528,9,187527903,0,0,21,0,0,135,B,Minor,69,34,89,1,11,14,4
1,2182,7,10,326,0,104392396,5,41,11,0,0,123,D,Major,62,27,52,45,0,26,4
2,1933,11,22,2797,28,287218665,23,58,30,3,0,102,G#,Major,80,59,60,18,0,36,17
1,1829,7,7,89,10,31897207,3,30,3,0,1,160,B,Minor,55,74,81,0,0,18,8
1,1931,5,6,1013,1,255104698,8,11,8,0,0,174,F,Minor,47,42,50,62,0,13,5
1,2162,11,13,7538,0,1042650027,115,25,231,0,8,101,E,Major,52,6,28,85,0,9,3
2,1954,3,26,817,3,129482356,18,119,26,1,0,152,F,Minor,42,41,94,0,0,44,6
1,1940,7,5,1999,14,312690967,76,107,61,0,143,74,G#,Major,42,41,64,23,0,7,7
1,1842,1,30,17449,21,2634810731,272,112,3113,10,33,131,A#,Minor,74,67,83,4,0,22,11
1,1884,13,5,2506,10,1645411266,0,0,775,0,0,138,,Major,63,43,26,87,0,15,4
1,2119,4,30,3585,21,1084325272,42,92,62,1,32,107,C#,Major,67,43,72,2,0,10,3
2,2028,6,2,937,0,125635062,0,0,2,0,0,93,F#,Major,76,57,75,9,0,9,5
1,1905,8,15,152,4,143452386,5,6,1,1,17,124,G,Major,72,33,42,44,0,9,3
2,1981,12,22,377,5,188843712,3,28,2,1,0,146,D#,Minor,70,72,47,38,0,13,5
1,1956,11,22,25717,6,1669648162,58,0,7292,2,0,104,D#,Minor,56,41,91,1,0,31,6
1,1892,1,7,3587,0,319115433,52,87,61,0,,85,,Minor,71,84,70,25,0,29,5
2,1859,3,26,16656,8,1978595133,185,14,547,0,63,106,F#,Minor,63,89,88,1,0,7,6
1,1936,8,11,1901,0,563984497,31,24,111,0,,171,G#,Minor,65,71,62,88,0,46,38
1,2040,1,1,934,0,404990217,46,0,6,0,0,172,A,Major,55,91,58,35,0,19,4
2,2208,6,5,229,6,53936364,6,15,8,2,4,85,A,Minor,39,15,73,1,0,19,7
1,1895,11,30,2517,0,336387159,51,14,38,0,1,71,D,Major,80,12,44,0,0,39,15
2,1954,6,2,185,3,43350334,5,6,4,1,30,95,A#,Minor,74,46,58,26,0,14,14
1,2019,1,7,1216,0,91734110,3,19,15,0,0,93,E,Minor,50,45,63,47,0,35,22
1,1976,1,1,21140,0,1129257071,274,105,1366,0,,106,B,Minor,77,84,68,28,0,46,3
1,2139,13,5,1570,10,1415372755,0,0,341,0,0,133,F,Major,70,85,74,6,0,31,5
2,1936,11,5,4459,0,578428400,68,18,80,0,1,91,C#,Major,69,71,75,4,0,7,5
1,2189,12,6,411,1,260169047,5,0,5,0,0,88,G,Major,54,29,36,81,0,9,3
2,1849,11,26,1170,34,584165513,13,9,5,0,1,97,F,Minor,64,47,47,36,5,9,11
2,2159,3,23,2826,1,329215743,55,3,32,0,0,82,G,Major,80,56,88,10,0,11,5
1,2046,1,1,31953,25,1862046799,137,91,2871,1,24,89,F,Major,52,45,52,16,0,20,3
1,2199,6,23,257,26,74829710,16,149,10,5,152,120,G,Minor,83,97,87,9,0,8,9
3,2121,1,7,3533,0,318457079,53,26,44,0,0,79,C#,Minor,82,51,44,1,1,14,18
1,1849,1,7,733,0,116767646,14,0,30,1,0,120,A#,Major,63,32,36,97,0,30,3
1,1929,7,7,84,33,31361782,8,154,4,4,35,144,E,Minor,81,48,71,52,0,12,5
1,1894,9,10,2635,4,245288845,93,101,78,9,196,103,C#,Minor,72,71,71,31,0,37,4
1,1841,11,9,857,0,59407445,15,22,0,0,0,175,F,Major,70,86,69,30,0,11,12
2,2099,11,3,1248,6,279665528,24,70,68,2,6,144,C#,Major,67,76,90,30,0,100,5
1,1848,1,1,22230,0,1150243811,264,108,1395,0,,102,B,Minor,69,88,68,30,0,47,3
1,1964,4,7,2185,6,177831081,55,65,41,0,181,151,A#,Minor,83,50,44,6,0,32,7
1,2187,9,17,1593,18,460844257,57,116,65,0,2,113,,Major,85,68,73,0,0,17,4
1,1899,5,4,3087,2,534314453,18,80,0,0,5,91,A#,Major,86,52,67,4,0,5,22
2,1841,12,25,403,5,202069743,3,33,2,1,0,151,D#,Minor,65,71,44,36,0,11,5
3,1939,8,9,3039,2,418709997,77,72,64,0,15,104,A,Minor,79,64,85,18,0,24,5
1,1882,11,20,1649,0,242859765,35,49,18,0,0,198,D,Major,69,38,59,2,0,4,32
2,1914,6,2,214,0,24658601,3,3,6,0,0,134,B,Major,90,24,66,4,0,21,13
1,2025,1,9,1913,0,111425562,41,117,375,0,2,96,D,Minor,53,62,50,36,0,23,11
1,1905,3,12,1250,6,223727687,16,10,15,0,4,117,F,Major,87,70,50,35,0,9,6
1,2096,1,5,159,0,877708413,0,0,5,0,0,75,F,Minor,37,22,44,36,0,23,3
1,2089,3,20,6042,24,1256185687,110,41,94,0,,165,D,Major,60,39,68,20,0,41,6
1,1994,11,15,12662,0,752563842,36,0,520,0,0,86,E,Major,36,36,25,96,0,29,3
1,2118,6,24,4718,0,515952163,41,19,73,13,0,98,G#,Minor,99,84,68,33,0,10,18
2,2029,5,11,271,4,71605044,7,2,32,1,12,114,A,Minor,81,60,46,25,0,21,66
2,1973,5,13,3215,0,277728076,40,29,47,0,0,116,,Major,46,40,73,4,0,10,31
1,1864,9,4,1344,38,321364588,16,14,22,0,0,115,C#,Major,67,55,46,25,0,11,24
1,1808,10,24,53926,16,1646821161,300,94,4573,2,115,144,C#,Major,37,26,91,0,0,10,8
1,2025,7,19,4064,48,489292228,59,43,165,1,11,139,F#,Major,88,100,56,41,0,42,31
1,2024,13,12,7978,1,803628601,84,26,196,0,2,135,E,Minor,41,27,88,20,0,13,6
1,1863,8,20,1983,16,523909367,52,127,73,1,14,93,,Major,74,70,75,2,0,28,9
2,1846,3,24,3867,52,390737872,89,110,194,12,185,96,F,Minor,71,51,64,75,0,15,14
1,2009,11,23,9558,56,1080350961,249,153,181,10,329,90,E,Major,62,48,58,12,0,19,5
1,2170,3,11,4540,42,797142599,92,100,349,16,156,104,F,Minor,70,60,79,2,0,8,5
1,2221,3,3,207,2,208694314,13,4,0,0,0,78,F#,Major,67,82,40,72,10,13,4
1,2206,6,9,733,51,120445122,20,116,27,4,76,84,G,Major,65,59,59,3,0,36,3
3,2166,2,23,1246,0,115539304,28,3,20,0,17,146,C#,Minor,82,46,73,8,0,11,6
1,2131,6,23,753,0,123795473,26,0,21,0,0,172,G#,Minor,47,44,68,7,0,13,14
2,1981,5,5,1799,7,307742152,10,27,12,0,31,108,D,Major,71,55,57,57,0,7,4
3,2077,9,24,783,7,153826317,15,12,13,2,30,135,A#,Major,78,82,78,14,0,14,35
1,1875,10,17,721,0,199050743,14,13,24,0,4,103,,Major,90,93,75,11,0,7,9
3,2179,4,5,4673,73,170926533,156,115,228,11,760,126,G,Major,58,21,98,0,0,11,3
1,1826,7,7,79,11,27374382,3,30,3,0,1,138,B,Minor,54,65,92,0,0,20,7
2,1927,4,21,1206,0,98719559,34,62,27,0,0,119,A,Minor,56,10,53,1,0,46,3
2,2029,5,28,2269,0,176407693,22,1,46,1,0,79,F,Minor,74,42,86,2,0,48,27
2,2034,4,29,3307,16,546758487,64,24,68,1,0,99,D,Major,83,92,59,17,0,31,6
2,1932,3,17,586,0,196132484,9,2,14,0,1,104,F,Major,72,82,80,42,0,28,8
1,2044,5,18,6921,7,759929881,169,45,193,17,59,124,A#,Major,74,86,73,27,0,11,5
1,1951,5,3,2426,0,239774392,66,8,290,2,103,135,G,Major,51,22,63,5,0,38,3
3,2176,1,18,3003,0,82616915,38,47,25,0,1,147,C#,Minor,78,6,86,5,25,6,6
1,2206,5,23,2929,101,121696713,0,0,132,41,0,111,B,Minor,67,83,91,2,0,36,5
2,2157,11,31,1572,12,378139759,22,4,15,1,3,95,C#,Minor,65,81,76,44,0,10,34
1,2120,8,25,9846,0,343755921,49,29,1231,0,47,106,G#,Major,48,8,19,74,41,12,3
3,1908,6,13,404,31,10905332,17,31,26,3,188,94,,Major,86,97,96,5,0,6,5
1,1943,2,6,778,12,286974697,24,18,15,1,4,113,G#,Minor,79,70,63,4,0,13,4
1,1921,10,8,7348,0,267667089,119,51,259,0,0,146,,Major,72,72,77,17,0,17,3
1,2212,1,7,775,0,50732536,1,9,6,0,0,74,A,Minor,26,11,46,66,0,54,5
1,1963,1,1,30080,52,1949132696,278,71,1037,1,0,103,C#,Major,51,48,75,42,0,16,4
1,1927,2,2,18537,32,1538203662,71,78,1029,1,170,186,D,Major,43,10,38,99,26,62,4
2,1845,11,4,1127,0,107229280,3,8,5,0,0,120,D,Major,62,10,49,1,0,23,29
1,1836,1,1,7009,0,1100003332,136,16,498,0,7,140,E,Minor,71,51,66,19,0,16,9
1,2204,5,9,2891,3,869232237,22,21,123,0,13,180,A,Major,35,40,90,0,58,5,5
1,2157,5,6,810,3,366764661,9,22,10,0,0,122,C#,Major,88,50,65,12,0,12,5
1,1898,4,30,3425,23,1133742693,40,99,57,1,32,127,C#,Major,61,44,66,2,0,9,3
2,2094,4,20,3012,33,635130880,60,89,75,0,126,93,A#,Major,37,33,51,80,0,18,3
1,1849,1,5,175,0,908972946,0,0,5,0,0,78,F,Minor,38,26,39,42,0,24,3
1,2207,10,27,3547,0,308448568,70,87,30,0,2,113,D#,Minor,76,57,48,16,3,9,9
1,1942,9,12,2811,2,415550573,36,263,72,0,134,126,B,Major,49,55,90,0,0,10,4
2,2005,12,22,416,4,89554161,6,1,22,0,1,91,C#,Major,53,39,37,75,0,11,36
2,1882,7,11,10927,15,1380695862,22,0,420,0,,75,G#,Major,64,41,59,9,0,53,6
1,2034,6,7,3724,10,468324255,97,77,100,1,1,175,F,Major,83,59,76,13,0,15,23
1,2138,10,6,6541,0,257358923,107,56,304,0,0,156,,Major,66,65,72,17,0,20,3
1,1866,1,1,4292,0,378443063,67,27,293,3,796,106,A,Minor,60,54,60,2,0,14,3
2,2006,2,2,924,9,212637668,15,85,71,3,67,157,A,Major,75,60,70,33,0,32,18
2,2163,3,10,4746,51,231343778,170,118,235,10,681,136,A,Major,69,34,83,4,4,8,4
2,1937,3,3,2157,43,239087111,77,74,121,12,294,125,G#,Minor,75,69,67,3,1,11,4
3,1844,7,12,404,31,10465716,15,31,28,3,203,97,,Major,80,100,87,5,0,6,5
1,1908,8,10,1198,2,300869424,33,2,5,0,6,78,F#,Major,67,69,72,40,0,6,4
1,2189,1,28,2010,17,122297875,93,23,92,7,421,110,G#,Major,59,24,96,0,0,16,9
2,1878,11,14,755,0,79719006,17,0,9,0,0,89,D#,Minor,61,25,54,7,0,51,4
1,2155,1,10,233,0,73968896,2,13,9,0,0,122,E,Minor,60,43,93,10,0,55,6
1,2050,4,21,1886,0,143171525,4,2,46,0,0,97,E,Minor,67,28,48,93,25,11,3
3,2103,1,11,605,6,121946108,34,8,58,2,0,97,A#,Minor,68,77,77,3,0,32,9
1,1939,1,1,33062,21,1932649193,244,52,5828,1,47,164,D,Major,73,6,66,1,0,39,25
1,1907,10,16,467,5,169577287,14,111,9,0,10,126,E,Minor,80,61,93,4,0,46,16
1,2087,11,18,1387,2,289284894,18,11,15,0,0,130,,Major,63,50,72,31,0,9,49
2,2092,3,29,754,0,53293617,9,1,12,0,0,94,F#,Minor,49,54,88,38,0,37,18
2,2155,6,3,5369,13,569412152,103,20,77,14,38,106,F,Major,70,43,65,13,0,11,7
1,1907,10,4,3481,7,519700658,23,88,98,0,1,159,B,Major,56,21,66,4,6,15,4
1,1812,12,30,35994,6,1378591547,204,121,6101,2,86,103,G#,Major,71,51,76,13,0,5,3
3,2001,3,2,1124,37,142161787,10,40,20,0,1,101,B,Major,90,52,66,31,0,9,9
1,2039,1,26,1078,5,140164166,8,61,81,2,50,157,F#,Major,57,67,87,17,0,74,8
1,1849,3,28,584,0,62147950,29,10,11,0,52,101,A,Major,70,41,64,17,4,17,4
1,2155,1,1,24240,13,1969760974,70,82,3235,4,12,188,D#,Major,33,37,67,19,0,26,5
2,2070,5,16,1026,23,61359249,38,14,46,2,3,84,G#,Major,84,62,57,11,0,10,21
1,2049,9,13,11045,21,1323800572,282,90,671,21,10,134,F,Major,62,14,35,61,0,14,3
2,2137,1,15,916,2,262930154,32,106,95,1,0,118,,Minor,66,66,75,60,0,93,7
1,2028,2,18,8884,6,724435536,48,104,207,1,203,111,F,Minor,71,15,53,9,1,11,3
1,2036,1,8,759,0,52454750,1,8,6,0,0,74,A,Minor,25,9,51,67,0,50,5
2,1955,5,6,3196,4,612969258,35,61,38,3,34,95,A,Major,84,44,76,2,0,26,10
3,2069,6,2,2068,92,115236127,80,164,88,13,1134,92,C#,Major,90,87,63,7,0,38,20
1,1869,10,27,7898,7,905875769,43,18,127,0,6,81,A#,Major,63,47,68,64,0,13,4
3,2173,10,19,1181,0,172119903,20,34,13,0,0,143,C#,Major,64,55,68,11,0,7,39
1,1846,9,16,1581,16,527269161,58,124,58,0,2,104,,Major,85,64,65,0,0,19,4
2,2066,11,25,1298,0,197596549,12,1,12,0,9,104,F#,Minor,43,35,77,9,0,10,21
1,1915,10,18,4839,0,443503796,107,8,207,0,0,86,C#,Major,49,55,67,9,0,3,5
1,1933,3,16,791,24,99411601,29,75,22,0,147,168,C#,Minor,81,76,72,6,0,9,9
2,2039,5,24,545,0,43035630,22,21,31,0,0,95,G#,Major,57,6,63,6,0,52,6
3,2191,3,17,5260,0,281317130,149,80,156,0,5,115,E,Minor,63,49,75,3,0,16,4
2,2106,6,1,2351,94,176832102,63,213,83,17,912,151,C#,Major,88,61,56,20,0,8,24
3,2139,7,16,6075,50,2092285844,188,45,7190,2,0,144,D,Major,68,82,94,3,0,10,8
1,1851,11,29,24830,0,1430871517,357,120,2223,0,,154,G,Major,34,35,59,15,0,6,4
1,1994,7,7,88,10,31481698,3,35,3,0,1,138,B,Minor,47,68,85,0,0,21,7
1,1877,6,10,1022,0,99979235,48,14,18,0,0,76,D#,Minor,66,26,61,4,0,19,4
1,2062,11,7,5631,0,941607882,93,81,168,0,11,84,B,Major,71,17,50,20,4,33,8
1,1991,5,26,7280,41,1134477641,140,110,174,14,220,129,G,Minor,82,93,65,60,0,23,4
1,2203,3,18,4421,0,861842812,59,86,467,3,12,144,C#,Major,69,99,57,0,0,17,4
1,2014,6,14,14891,0,2061860507,186,34,762,0,5,90,B,Minor,43,23,51,36,0,31,25
1,1861,9,11,9657,0,1120486358,35,83,71,0,1,84,D#,Major,55,27,52,59,1,17,3
2,1818,1,1,31721,0,870326222,145,37,5419,1,884,87,D#,Minor,89,31,88,3,0,7,23
1,1838,3,11,522,0,58046123,11,4,4,0,0,109,D,Major,79,33,78,13,0,12,4
2,2004,1,1,14838,4,1379198155,60,38,1956,1,,111,E,Major,68,54,78,2,0,29,4
1,2183,10,1,1156,0,328724599,21,96,42,0,2,128,A,Major,84,95,82,10,0,8,7
2,1929,11,24,1384,34,580820297,13,8,5,0,1,88,F,Minor,64,49,48,38,5,10,11
1,1863,8,15,4015,6,232095027,42,0,167,2,74,163,G,Major,72,92,85,8,0,9,10
1,1876,1,1,4114,15,650661679,24,102,114,0,39,176,G#,Major,45,26,61,8,0,17,3
1,2169,7,11,652,0,181835675,15,1,18,0,2,77,B,Minor,81,49,64,3,6,11,42
1,1866,9,21,2062,0,181154519,11,6,24,0,1,145,E,Major,39,28,55,7,0,13,3
1,2009,10,31,27317,0,2222599016,566,70,1562,3,9,122,B,Minor,76,73,73,1,0,10,9
1,2170,5,21,679,13,398789596,26,91,8,0,22,163,F#,Minor,55,54,82,18,0,20,5
1,1834,1,1,11844,111,1370688769,24,107,551,2,77,141,,Minor,44,47,40,12,2,11,3
1,2154,3,22,3163,30,181568627,114,70,107,3,663,116,D,Major,73,35,48,29,0,12,6
1,1883,8,2,906,0,145607222,10,1,8,0,0,140,E,Minor,70,23,70,8,0,59,22
3,2030,2,24,1167,0,96543888,31,3,20,0,18,145,C#,Minor,81,45,62,8,0,12,6
1,2161,10,4,3490,0,275717531,19,78,130,0,2,77,E,Minor,53,18,45,89,70,11,3
1,2146,9,18,8074,0,914411521,159,6,298,0,4,84,C#,Minor,75,54,93,1,0,5,22
3,2148,7,25,291,4,313347325,7,21,2,0,0,87,F,Minor,79,52,73,8,0,16,9
1,1828,5,5,741,0,41920218,38,3,28,0,55,163,F#,Minor,51,46,81,10,0,32,5
1,1966,5,20,2366,0,183575680,19,1,29,0,0,115,A,Minor,86,93,67,33,5,10,4
1,1900,13,9,978,0,80673403,6,19,3,0,0,82,,Major,63,19,21,77,0,11,5
3,1830,11,5,3338,28,795983222,57,68,54,7,0,172,E,Minor,60,15,74,9,0,10,9
1,1974,3,26,18797,5,1323030167,40,0,7167,0,0,119,A,Major,48,25,79,0,0,61,4
1,2000,10,16,496,10,228963738,2,142,13,0,1,123,G,Major,101,56,58,6,0,69,11
1,1986,4,22,3309,11,409652476,67,87,46,17,107,114,G,Major,60,20,36,40,0,11,3
1,2122,11,15,2395,22,319282876,45,24,107,0,7,138,D,Minor,74,51,42,89,0,21,40
2,2083,1,10,6007,41,694114002,124,101,236,30,23,114,D,Minor,75,50,68,26,0,9,5
1,1919,10,2,12536,8,1180127699,186,81,264,7,16,118,D#,Minor,73,61,60,38,1,10,4
1,2070,4,5,194,0,56387316,15,15,7,0,0,114,G#,Major,64,26,55,40,0,6,3
1,1952,13,6,14164,1,1469588629,232,76,541,2,5,104,G#,Major,66,56,77,2,0,10,5
1,2116,1,28,578,0,101119503,11,57,0,0,110,100,G#,Major,57,67,85,0,0,15,3
2,1864,5,14,2868,0,117739416,4,0,24,0,0,159,A#,Minor,53,52,73,19,0,11,36
1,2115,12,26,1321,0,65369676,29,0,19,0,2,111,C#,Minor,66,58,77,14,0,10,6
1,1866,1,20,5820,32,654771138,44,15,57,1,2,102,A#,Minor,79,89,53,10,0,5,8
2,2128,6,3,5312,15,584400868,95,22,79,16,42,95,F,Major,80,41,65,13,0,11,7
1,2051,5,5,1287,0,192341989,10,7,15,0,1,108,G#,Major,65,58,66,5,0,9,28
2,1901,9,16,1436,4,205031095,26,68,69,1,4,169,,Major,67,59,84,16,0,75,4
1,1908,5,12,2387,0,141317025,4,5,12,0,50,85,G#,Major,47,31,80,26,0,18,40
1,2053,1,1,5426,0,189912186,58,69,925,0,0,154,G,Major,76,94,63,18,0,29,5
1,1923,1,1,20881,13,1116911284,346,69,1418,9,18,175,G,Major,60,101,78,5,0,41,17
1,1910,1,1,21170,55,889303793,81,148,1615,3,203,122,C#,Minor,58,24,70,6,0,13,3
3,2184,9,9,2784,2,405421334,92,77,58,0,16,99,A,Minor,72,59,83,18,0,25,5
1,2045,8,25,1245,6,203404438,25,6,20,0,5,100,D,Major,67,43,49,68,0,14,4
2,2003,1,15,7149,0,1205650747,63,42,418,0,1,176,A#,Minor,81,86,69,13,0,27,36
1,1949,5,11,2899,3,883164479,23,20,112,0,12,188,A,Major,33,39,86,0,60,5,5
1,2141,1,29,489,21,270252154,8,66,4,2,13,144,G,Minor,71,97,88,19,0,5,5
2,2042,1,28,4422,0,316550869,148,67,119,1,16,131,A#,Major,85,56,79,19,0,27,4
2,2218,10,22,750,0,273100733,7,3,88,0,0,156,G#,Minor,47,66,83,57,0,100,28
4,2040,8,14,6467,0,385992247,120,11,188,0,1,118,G#,Minor,75,85,91,2,0,5,5
2,2040,2,11,7442,28,764247826,140,99,161,5,31,100,E,Minor,85,98,74,9,0,13,8
1,1857,1,1,13912,56,1162772865,53,103,2432,5,216,86,E,Minor,57,22,71,22,0,14,27
4,2001,6,2,989,16,99051185,29,40,29,0,182,134,,Major,66,20,57,42,0,11,8
2,2174,3,18,2686,48,581071820,49,107,72,12,338,177,D,Minor,76,61,48,20,0,8,36
1,2016,11,17,2529,0,211959732,49,0,107,0,0,171,A#,Major,64,49,47,13,0,12,16
1,2205,2,13,1315,23,206958237,51,31,60,4,55,117,A,Major,95,58,63,54,0,33,23
2,2192,5,14,1811,0,63786068,1,0,3,0,0,159,A,Major,71,26,54,30,0,37,32
3,2020,13,2,1612,47,291515368,25,85,29,1,190,131,C#,Minor,74,48,57,19,0,16,34
1,1844,10,12,4356,5,593604005,49,46,28,1,2,86,,Major,66,21,55,25,0,9,3
1,2091,10,1,1136,0,311584647,22,96,48,0,2,127,A,Major,73,99,85,9,0,8,7
1,2149,11,3,1050,0,165463120,9,0,15,0,1,105,G,Major,84,82,73,15,23,34,6
2,2134,3,25,4109,48,352804828,78,114,167,12,154,97,F,Minor,82,49,62,81,0,18,13
2,2222,11,4,9431,6,640062961,244,113,252,0,5,116,G,Minor,69,42,81,3,0,9,4
1,2223,2,22,1061,36,144839475,15,66,23,9,188,104,F#,Minor,83,53,71,20,0,14,7
1,1920,5,24,5431,21,1299387450,0,0,968,0,0,152,C#,Minor,71,51,54,72,0,15,3
1,1986,4,5,701,9,320910938,28,125,12,0,1,125,C#,Minor,68,59,64,0,0,32,4
2,2092,1,1,35797,0,1265123449,128,84,7189,1,0,95,B,Major,87,49,78,18,0,6,25
1,2099,6,25,627,0,203408002,19,23,13,0,2,106,D,Major,81,34,78,4,0,3,5
1,1849,11,8,2106,0,349828010,33,2,12,0,15,133,A,Minor,69,35,50,14,0,11,38
1,1835,10,4,2572,0,189630014,7,72,68,0,0,85,G#,Minor,36,44,56,66,0,10,19
4,1930,6,16,3406,0,112871995,51,7,130,1,0,120,A,Major,83,88,75,31,0,32,4
3,2047,10,11,22078,53,1672708235,389,139,942,34,295,124,C#,Major,73,83,75,4,0,9,3
1,2083,11,27,13579,0,433628234,189,32,479,0,0,120,,Major,61,25,60,0,2,26,3
3,2004,7,7,3240,18,639695076,99,31,66,1,2,157,F#,Major,69,58,65,21,0,11,7
1,1915,9,17,413,6,175429140,15,119,10,0,10,127,E,Minor,72,62,88,4,0,52,16
1,1961,9,19,3855,8,492373279,51,44,36,9,1,91,A#,Major,70,9,45,25,0,17,7
1,2193,7,8,3393,10,462482597,104,79,108,1,1,172,F,Major,71,62,73,14,0,14,21
1,1991,7,10,701,0,313536669,5,133,17,0,3,73,G#,Major,77,72,81,2,0,4,19
3,2067,6,3,821,4,180350651,29,0,49,0,0,120,F#,Major,100,85,58,57,0,10,27
1,2108,1,11,12016,0,887642181,73,83,250,3,10,110,D#,Minor,82,66,64,3,0,11,3
1,1905,8,20,1817,16,583988683,55,115,81,1,14,83,,Major,85,68,66,2,0,26,11
2,2118,5,20,4934,5,1178456359,78,42,134,0,,184,D#,Major,27,11,35,74,0,11,5
4,2223,5,21,3531,3,325908487,34,1,28,0,1,159,A,Minor,80,77,81,12,0,18,13
1,1873,2,15,347,0,198382804,9,20,6,0,9,84,,Major,65,56,66,49,0,7,4
1,2139,5,21,334,65,72473985,7,101,5,0,59,97,C#,Major,84,72,83,28,0,11,14
1,2089,12,8,832,0,60817781,5,12,3,0,0,81,G#,Major,49,31,66,22,0,21,41
2,2185,4,6,676,36,202681630,18,107,25,8,207,141,F#,Major,58,37,69,35,0,12,3
5,2079,6,17,2431,0,280511563,35,2,36,2,0,101,C#,Major,96,55,78,7,0,5,8
1,2113,11,19,4152,0,443044245,112,8,213,0,0,93,C#,Major,53,58,67,9,0,3,5
1,1965,9,3,1008,0,170236129,9,0,16,0,1,96,G,Major,91,83,74,14,22,30,6
3,2044,1,1,5773,0,313259498,95,42,162,0,0,107,G,Major,66,79,32,72,0,14,5
2,2078,5,14,1512,0,64030438,4,1,6,0,0,103,B,Major,61,49,68,33,0,8,39
1,2075,1,1,7489,41,722629053,96,121,164,4,78,98,D,Major,60,46,85,0,0,12,4
3,1842,7,22,13832,59,1026988074,70,53,259,1,335,83,F#,Major,55,59,54,37,0,11,9
1,1825,11,30,8184,7,989586583,43,18,144,0,6,79,A#,Major,56,44,67,60,0,14,4
1,2208,4,1,1078,0,177064423,21,0,29,0,0,156,C#,Major,70,42,57,16,0,10,11
1,1887,1,8,2651,5,424804467,12,95,32,0,3,144,A,Minor,75,59,61,4,0,16,3
2,1853,5,12,1550,0,68222810,4,1,7,0,0,114,B,Major,67,56,65,28,0,8,39
5,1959,5,24,178,7,51901700,3,95,1,0,49,103,G,Minor,79,102,74,33,0,9,4
1,1817,9,33,8825,4,1148774674,44,72,391,0,3,85,A#,Major,57,35,48,7,16,12,3
1,1980,12,20,1786,0,276007621,34,44,20,0,0,166,D,Major,69,41,56,2,0,4,32
1,1910,12,1,1826,0,279060633,61,8,113,0,11,84,G,Major,36,7,31,61,0,9,3
2,1850,8,26,12813,76,1062094608,286,185,493,49,775,136,G,Minor,54,41,98,4,0,36,4
1,1843,13,10,2577,6,260872319,56,106,52,13,2,102,G,Major,34,29,28,85,0,17,3
2,1959,5,10,287,4,67759239,7,2,29,1,10,106,A,Minor,78,58,43,27,0,22,67
1,2014,11,5,2767,0,236421945,45,0,145,0,0,150,D,Major,79,37,68,5,1,12,35
2,2180,12,21,3687,2,230083637,56,14,46,1,6,187,B,Minor,30,4,78,1,0,26,18
1,1845,5,5,946,0,230919255,6,19,8,0,0,124,C#,Minor,79,76,61,8,0,53,11
2,1849,5,6,1935,9,454880849,7,24,17,1,0,177,B,Minor,70,62,75,23,0,20,18
1,1911,10,15,6965,0,433245463,5,0,270,0,0,144,G,Major,71,77,49,84,0,8,4
1,2055,2,6,760,11,265009728,26,18,15,1,4,110,G#,Minor,84,75,62,4,0,14,4
2,2058,10,11,753,4,206234470,20,3,0,0,0,95,C#,Major,55,74,64,12,0,34,8
1,2017,5,21,3458,0,843715908,19,20,90,0,7,161,A,Major,39,17,31,82,0,33,4
1,2019,2,31,4146,10,723631048,23,21,39,0,0,100,,Major,85,85,85,17,0,12,5
2,2115,5,25,405,5,43194913,22,88,6,0,122,131,B,Major,71,55,59,6,0,17,3
3,2033,11,29,18998,0,591366368,120,18,1689,0,0,99,G,Major,75,79,89,3,0,36,4
1,2084,4,21,686,4,157311989,16,10,19,0,0,134,B,Minor,76,61,45,33,0,9,10
1,2120,12,10,1437,0,148270553,23,51,13,0,0,119,A,Minor,43,57,27,88,0,19,4
2,1987,6,19,800,30,68059455,26,63,31,5,79,133,B,Major,77,60,71,10,0,28,5
1,2161,1,29,589,22,270974066,7,78,4,2,14,142,G,Minor,74,98,80,17,0,5,5
2,1976,6,23,250,10,40019357,9,6,25,2,72,137,F,Major,58,39,31,81,0,36,8
1,2111,10,29,37851,3,2408296721,307,157,5981,9,16,77,,Minor,43,24,43,25,0,30,5
3,2066,5,16,168,6,60410987,6,65,1,0,29,102,E,Major,51,49,58,56,0,12,4
2,2032,4,1,1184,2,188292464,22,17,8,0,5,186,C#,Major,62,41,74,17,0,11,25
2,1995,9,3,5217,10,732793273,124,23,121,0,1,168,C#,Major,79,77,90,40,0,7,19
1,1940,5,21,4357,6,1235601488,197,130,213,0,5,110,G#,Major,81,68,39,0,0,6,10
1,1938,4,20,263,13,119058670,6,87,11,2,8,84,G,Major,71,79,92,30,0,44,30
1,1873,5,6,1200,3,274620259,8,27,13,0,0,106,G#,Major,88,82,74,17,0,47,8
2,2051,5,6,6356,37,1155020438,68,122,92,12,30,79,D#,Minor,65,25,64,7,0,53,4
1,2208,3,22,1195,0,222193133,33,0,19,0,0,180,,Major,57,60,80,5,0,7,4
1,1941,6,21,274,29,76790120,16,146,10,5,183,118,G,Minor,86,86,93,9,0,9,10
3,2182,11,2,2011,59,294410570,15,129,21,2,289,81,G,Minor,68,15,76,15,0,12,5
1,2193,2,6,773,10,237529991,27,20,14,1,4,124,G#,Minor,74,76,66,4,0,15,4
1,1817,8,10,11239,4,566305147,26,0,812,0,0,103,C#,Major,39,18,28,77,5,9,3
1,1992,5,25,6437,19,1341547194,0,0,800,0,0,142,C#,Minor,71,55,54,76,0,13,3
1,1844,1,1,23267,0,1163483888,259,118,1337,0,,112,B,Minor,72,80,66,26,0,50,3
1,1972,5,16,2115,0,165207022,70,9,123,0,43,159,A,Major,61,24,61,19,0,18,5
2,2087,2,2,918,9,243775032,14,81,64,3,76,145,A,Major,74,61,75,36,0,31,21
2,1883,1,1,17846,35,1242745101,119,78,1071,1,519,132,,Major,52,89,96,8,0,5,26
2,2174,4,20,2658,32,633106932,63,88,72,0,108,107,A#,Major,37,34,56,74,0,18,3
2,1900,3,10,5214,53,223442104,168,119,242,10,673,148,A,Major,68,31,86,4,4,9,4
2,2065,5,27,22576,0,1613679728,82,50,2342,1,0,170,C#,Major,56,10,90,7,0,8,19
2,2188,5,6,1708,8,345611684,10,32,13,0,32,110,D,Major,81,50,63,55,0,7,4
2,1800,1,1,10217,0,471949099,138,108,424,0,0,153,D,Major,56,87,30,93,0,31,6
2,2070,5,17,946,0,58390637,32,2,35,0,1,123,C#,Major,76,19,68,1,0,17,4
1,2135,1,1,9901,0,716039936,156,5,605,0,6,105,F,Minor,60,27,60,1,0,9,4
2,2112,5,17,1215,24,55797847,42,14,47,2,3,92,G#,Major,82,62,60,11,0,11,22
1,1847,1,1,37475,1,1572826066,225,160,7146,3,95,135,F#,Major,45,67,85,8,11,11,5
3,1928,1,15,2796,0,74566454,41,47,27,0,1,148,C#,Minor,77,6,89,5,23,5,7
1,1840,1,1,35822,0,2318828008,393,133,4130,0,27,81,D,Major,79,63,49,50,0,16,3
1,2146,8,1,872,18,375893794,20,124,13,2,8,104,E,Minor,58,79,85,29,0,28,25
3,1863,6,16,2564,0,255132342,76,4,231,1,7,124,B,Major,74,48,83,18,0,22,3
1,2156,7,7,459,54,54354499,34,203,22,5,169,163,F,Minor,79,50,82,17,0,16,7
1,1872,1,23,5694,33,664397190,43,15,49,1,2,96,A#,Minor,90,86,48,9,0,5,7
3,1856,7,12,421,33,10769243,17,26,27,3,204,91,,Major,77,88,95,5,0,7,5
2,2104,5,6,9165,43,1428229547,110,113,138,26,50,87,C#,Minor,92,45,75,8,0,9,9
1,2105,13,8,2540,6,294701153,62,91,56,12,2,104,G,Major,38,29,28,80,0,16,3
2,2088,2,10,7446,29,752648728,158,108,186,5,27,88,E,Minor,82,97,76,9,0,14,8
1,2048,9,24,23379,6,1601207670,58,0,7365,2,0,106,D#,Minor,57,41,86,1,0,29,6
7,2031,1,13,1079,1,238583739,21,5,12,0,0,164,F,Minor,63,76,70,41,0,7,33
1,1902,9,4,6811,0,556828820,47,117,266,0,0,81,F,Major,29,32,57,43,26,20,12
1,1838,1,1,4447,17,583712717,23,110,121,0,37,157,G#,Major,41,25,66,7,0,17,3
1,1859,11,18,1095,23,370147789,25,113,11,1,51,144,F#,Minor,76,17,66,3,0,11,10
2,1931,13,16,817,20,393008283,30,120,19,7,120,146,G,Major,59,76,59,27,0,7,5
1,2161,3,28,913,18,246003673,19,117,21,0,75,124,A,Minor,77,59,40,3,0,12,4
1,2222,5,21,2935,3,342897742,29,10,77,0,0,105,D,Major,56,39,30,93,0,9,4
2,2072,8,2,2198,0,353960795,93,11,37,0,0,104,G#,Major,76,55,76,11,0,12,11
2,2067,4,27,3093,17,582240396,66,24,71,1,0,87,D,Major,89,96,55,15,0,30,7
2,1993,5,11,2670,0,262187543,41,26,45,0,0,136,,Major,47,40,81,4,0,10,32
2,2096,1,7,751,0,64423309,3,0,5,0,0,163,C#,Major,61,30,70,0,0,7,7
2,2148,8,26,1517,0,212840572,37,58,37,0,2,150,D,Minor,62,18,57,18,0,20,7
3,2128,6,3,836,4,171206431,30,0,57,0,0,138,F#,Major,102,83,59,58,0,11,23
1,2081,5,28,346,14,86232351,12,106,8,2,55,111,,Major,72,69,81,61,0,9,5
1,1822,6,22,259,26,71996729,16,155,10,5,177,118,G,Minor,76,90,81,9,0,10,9
1,1983,1,1,34873,22,1999875719,249,59,6016,1,50,182,D,Major,66,6,68,1,0,33,27
4,2167,6,2,517,4,80413395,13,49,21,1,10,137,B,Minor,59,19,47,21,0,12,6
2,1915,12,2,413,0,71395380,2,2,5,0,2,79,F,Minor,34,48,56,81,0,41,6
1,2147,6,16,2871,0,178383659,40,105,26,0,2,124,A#,Minor,83,7,53,8,0,9,15
1,1856,9,20,3619,8,481580823,52,47,40,11,1,104,A#,Major,73,9,42,24,0,17,8
3,2016,9,8,2578,2,478780607,78,80,61,0,14,93,A,Minor,79,63,81,16,0,23,5
1,2138,3,31,24948,123,2728459194,378,197,841,44,,179,F#,Minor,57,69,71,35,0,28,6
1,1846,4,22,293,12,94461392,15,106,10,0,54,148,G#,Major,80,38,83,15,0,17,10
4,2005,6,8,790,34,58030139,21,42,23,8,92,175,G#,Minor,58,59,76,14,0,34,7
1,2137,3,19,1718,0,723834827,3,0,59,0,336,175,,Major,58,53,64,12,0,41,8
1,2034,4,27,3098,21,1147716585,40,97,60,1,29,122,C#,Major,61,43,66,2,0,9,3
3,1841,9,22,3695,0,412440073,106,2,67,14,1,104,,Minor,66,67,71,0,0,15,4
2,1994,12,4,476,0,75200831,8,1,7,0,0,107,D,Minor,62,26,47,47,31,14,3
1,1902,4,30,3080,2,410234832,27,2,37,1,0,174,A#,Minor,88,68,70,5,0,9,38
3,1932,1,5,2320,0,372898432,67,8,71,15,6,110,F,Major,54,46,46,62,0,32,5
1,2065,1,1,19446,27,1545584575,84,50,3566,1,19,107,F,Minor,103,75,72,3,0,4,6
2,2131,12,3,4074,19,675026927,158,37,116,20,0,142,A#,Major,83,78,71,34,0,14,4
1,2020,8,7,79,35,28642526,8,165,4,4,37,131,E,Minor,78,48,79,53,0,12,5
1,2082,9,2,839,0,158411887,11,1,7,0,0,137,E,Minor,67,28,74,8,0,52,22
1,1862,1,1,32587,47,1606878296,195,2,3805,5,0,179,B,Major,41,30,61,0,0,23,3
1,1974,1,1,13268,64,1152111214,47,98,2411,5,189,83,E,Minor,65,22,69,20,0,14,26
2,2197,5,15,5006,0,476461504,14,7,57,0,1,134,F,Minor,64,44,67,10,0,62,10
1,2221,1,27,1941,16,129549333,87,22,108,7,444,119,G#,Major,67,26,87,0,0,14,9
2,1884,6,27,253,36,51561955,19,182,14,8,178,173,F#,Major,50,60,86,40,0,10,5
2,2028,5,12,3290,0,121521136,4,0,22,0,0,144,A#,Minor,59,52,83,20,0,10,33
6,1927,11,20,150,4,1484849,13,73,2,0,0,110,G,Major,81,58,79,11,0,35,6
1,1870,3,26,371,17,163013776,4,73,5,0,5,114,G,Major,58,30,77,0,0,43,4
1,1932,7,15,4845,38,807510583,64,56,110,19,248,85,C#,Minor,48,14,58,67,19,24,3
2,2146,4,27,1318,0,112986732,27,1,16,0,0,137,G#,Minor,86,88,72,12,0,10,5
1,1974,7,8,823,0,190848740,39,9,23,1,1,130,D#,Major,73,28,45,92,0,9,40
2,1900,1,1,18735,39,1307287692,107,89,959,1,489,120,,Major,47,93,97,7,0,5,22
3,1919,6,25,7132,0,570641050,101,5,67,1,0,176,F#,Minor,73,74,59,11,0,8,17
2,2104,12,20,627,1,138226571,0,0,32,0,,128,D#,Minor,52,14,73,0,0,8,4
2,2104,3,25,386,0,75058772,16,16,5,0,1,132,B,Minor,71,12,77,8,43,28,7
2,2190,5,29,2018,0,184368608,23,1,47,1,0,90,F,Minor,72,37,89,2,0,49,24
1,2089,1,1,7595,44,723307472,97,114,148,4,75,101,D,Major,61,49,74,0,0,12,4
2,1973,2,25,365,11,94758713,11,15,14,3,1,131,F#,Major,81,69,83,40,0,10,31
4,1919,13,1,10854,0,498098305,124,1,409,0,0,157,D,Major,33,35,60,30,0,78,3
1,2120,2,17,2688,0,210806324,42,0,26,0,0,139,E,Minor,69,11,58,0,0,13,8
1,2075,12,10,4979,2,569439233,126,119,187,1,4,95,E,Minor,82,43,78,15,0,9,8
1,2124,13,8,683,0,51046222,0,10,2,0,0,124,B,Major,43,38,68,86,0,41,7
2,2075,1,21,1042,28,456349891,18,151,9,5,16,132,G,Minor,77,91,80,10,0,13,5
1,1851,1,6,20779,19,1713907188,214,80,986,0,122,121,C#,Major,81,78,46,59,0,6,3
3,1958,1,1,311,0,93548601,4,0,15,0,0,124,F#,Minor,59,46,73,24,4,7,5
2,2148,3,17,1921,40,261778105,30,86,28,5,78,162,D,Major,74,15,80,4,0,10,4
1,1940,7,15,1539,0,183727273,23,14,13,0,0,87,C#,Major,34,23,33,42,59,10,7
1,2198,8,1,904,16,383578156,18,130,13,2,6,104,E,Minor,65,71,100,29,0,31,21
2,2207,4,20,1213,34,107133757,29,27,39,5,45,93,G,Major,78,49,59,11,0,10,14
1,1908,3,23,1547,11,158584330,62,95,32,0,436,88,G#,Major,66,68,60,21,0,11,3
1,2058,10,21,2741,4,433677535,20,27,20,0,0,143,,Major,65,19,37,75,0,12,7
1,2125,9,30,1520,0,178919839,78,13,85,0,35,118,D,Major,55,54,91,5,0,17,4
1,2136,10,21,56084,14,1977701556,283,102,4597,2,111,160,C#,Major,36,24,96,0,0,9,7
1,2097,1,1,27729,6,1195845153,218,114,5231,1,32,84,F#,Minor,93,73,65,27,0,7,40
1,2020,1,30,2281,20,442030956,56,103,15,1,313,218,F#,Major,56,55,71,46,0,14,4
1,2011,8,5,2232,14,295733840,66,92,54,0,148,74,G#,Major,42,35,60,23,0,7,7
1,1924,10,22,1954,0,198730968,6,5,14,0,0,122,E,Major,63,12,35,59,0,9,13
2,1930,1,1,39801,22,1163273442,303,96,4422,1,53,117,C#,Major,69,64,80,3,0,12,4
2,1980,5,34,8936,16,1338384251,175,123,386,6,0,193,D,Major,58,26,65,64,0,25,32
1,2012,2,20,8883,6,636792356,48,124,228,1,201,112,F,Minor,68,16,53,11,1,11,3
1,1907,9,1,833,18,335243964,22,131,11,2,7,100,E,Minor,58,71,89,28,0,31,23
3,2098,12,15,1264,19,237140802,39,22,56,4,92,89,F#,Minor,82,88,82,46,0,17,11
1,2143,1,6,1324,0,108460627,3,20,15,0,0,94,E,Minor,50,47,61,48,0,36,20
3,1831,11,5,4904,0,347932938,64,41,73,0,0,79,D,Major,69,78,63,6,0,35,4
3,2042,13,2,1690,44,259328696,24,88,32,1,164,119,C#,Minor,72,52,48,19,0,17,32
1,2171,12,8,6058,0,823406840,78,95,186,0,13,84,B,Major,73,18,45,21,4,33,8
2,1865,1,1,10252,0,459560075,132,99,401,0,0,150,D,Major,58,90,33,87,0,37,6
1,2034,11,2,219,6,177095399,8,7,0,0,52,123,F,Major,56,17,46,74,0,10,3
1,2051,5,20,1812,0,214759410,14,2,31,0,0,119,G,Major,51,20,57,63,0,6,5
3,2177,5,13,2147,0,79403511,7,0,7,0,0,134,D#,Minor,56,69,77,18,0,16,30
3,2058,6,2,692,17,90748435,17,62,28,1,41,82,A,Minor,60,12,50,4,0,22,4
1,2081,4,12,618,0,127487482,5,28,15,0,0,93,F#,Major,80,42,64,1,0,13,15
2,2081,4,1,1329,2,196582677,23,15,10,0,5,188,C#,Major,67,47,74,17,0,11,27
1,2085,2,24,516,10,153441099,16,100,31,0,303,127,D,Major,77,94,66,60,0,39,3
8,1878,10,19,2910,0,414551458,102,83,48,0,,202,,Minor,56,84,47,36,0,12,8
1,2084,2,9,3671,11,421242793,98,40,812,22,,98,B,Major,76,89,82,36,0,12,4
1,2047,10,1,11106,0,403283040,140,72,270,0,0,131,C#,Major,38,23,16,87,0,11,4
2,2215,8,14,644,5,277389043,16,75,4,2,0,129,,Major,72,70,72,36,1,13,4
2,1937,7,5,8634,48,1252007460,91,71,163,14,181,140,D,Major,67,55,72,1,3,23,4
1,1883,11,21,3442,22,398754673,35,52,33,0,286,84,G#,Major,62,9,57,7,0,43,8
1,2009,12,24,1201,0,67222513,33,0,20,0,2,111,C#,Minor,66,62,85,13,0,9,7
1,2125,4,22,3294,6,540860265,44,57,134,1,30,156,G#,Minor,39,25,46,5,0,11,3
6,2010,13,24,147,4,1385485,13,84,2,0,0,101,G,Major,90,58,73,10,0,33,6
1,2060,5,18,64,8,47460044,6,10,0,0,62,81,E,Minor,72,35,67,26,0,27,5
1,1903,11,16,470,6,156291223,14,126,9,0,12,139,E,Minor,73,71,86,4,0,52,18
1,2100,4,12,628,0,147726844,5,27,14,0,0,102,F#,Major,93,44,57,1,0,13,16
2,2199,6,16,5305,6,268723063,112,53,124,12,0,135,,Major,68,75,85,22,60,15,5
1,1885,4,7,1677,3,122104035,45,5,52,0,21,106,F,Major,45,34,42,54,0,37,5
1,2221,10,23,1682,0,194726177,10,5,13,0,2,162,,Major,32,39,15,91,0,13,5
4,1842,6,7,749,33,58381915,21,45,21,9,97,168,G#,Minor,59,52,82,16,0,34,7
1,1991,10,3,2008,0,343753991,16,5,44,0,7,139,B,Major,45,34,46,65,0,9,6
1,2211,12,11,4727,2,554535003,124,123,167,1,4,85,E,Minor,74,42,67,14,0,8,9
2,2104,6,2,200,3,44063069,5,6,4,1,31,95,A#,Minor,71,45,67,27,0,14,12
4,1897,6,2,555,4,85613665,13,43,21,1,9,151,B,Minor,65,20,53,22,0,12,6
1,1873,10,6,5387,0,806658722,77,93,194,0,13,90,B,Major,81,18,45,20,4,36,7
2,1852,8,13,293,0,44362863,6,1,6,0,0,86,A#,Major,77,50,66,14,0,16,7
1,2062,12,2,2508,37,338165196,28,60,34,5,3,91,G#,Minor,79,56,82,12,0,34,6
2,1827,5,17,1067,21,53934054,37,15,52,2,3,84,G#,Major,87,62,64,11,0,11,22
1,2008,12,10,832,0,67766407,3,16,2,0,0,163,F,Major,40,42,46,59,0,16,6
1,1834,13,2,386,2,135401565,2,76,14,0,2,160,G#,Major,53,43,73,3,0,13,9
2,2135,5,29,2107,0,191465098,23,1,43,1,0,79,F,Minor,71,42,90,2,0,54,26
1,1943,1,7,778,0,34901369,0,1,2,0,0,111,,Major,45,52,86,11,0,4,28
1,2200,1,1,12861,61,1189511006,47,97,2595,5,209,82,E,Minor,58,24,65,21,0,12,25
3,1994,7,1,694,4,172386534,0,0,30,0,0,165,A#,Minor,57,66,55,13,0,5,43
3,2069,3,19,5615,0,267837060,134,70,129,0,5,120,E,Minor,62,48,67,3,0,16,4
2,2147,9,22,3099,12,324343057,50,34,63,2,0,105,,Major,80,19,87,0,4,31,8
1,2029,1,1,18224,37,881504870,62,36,1208,0,2,94,A#,Minor,85,67,69,5,0,24,14
2,1884,5,5,2935,4,564764967,40,69,40,3,33,103,A,Major,82,43,76,2,0,25,9
3,1772,1,1,13104,0,360599817,68,78,116,0,0,94,A,Major,22,18,25,82,0,39,3
1,2164,3,17,617,0,211638775,6,185,18,0,0,117,C#,Major,57,66,87,14,0,7,42
1,1935,7,25,7929,30,884170237,107,118,154,4,236,121,,Minor,67,51,58,54,0,27,4
1,1935,3,3,329,4,95526383,4,20,0,0,0,109,F#,Minor,66,62,87,0,0,39,3
1,1844,7,21,8178,5,1613364845,219,165,562,0,,121,F#,Minor,78,67,70,1,0,10,10
2,2169,6,2,26971,10,1737034196,487,111,2706,6,,130,A,Minor,81,56,86,4,0,8,12
1,2096,10,24,24989,6,1675315766,57,0,6794,2,0,95,D#,Minor,50,41,95,1,0,29,6
2,2173,8,6,7969,47,1395729425,93,65,168,15,193,121,D,Major,61,54,72,1,3,21,4
1,2001,9,14,8246,0,520894678,5,0,295,0,0,152,G,Major,69,76,47,88,0,9,4
2,2048,5,6,9045,41,1419163830,114,115,146,25,49,89,C#,Minor,85,42,70,10,0,9,8
1,1858,3,7,7064,0,960953447,105,46,550,1,,73,A,Minor,49,26,34,77,0,14,4
1,2201,7,6,83,34,27720402,9,152,4,4,36,133,E,Minor,75,48,76,48,0,12,5
2,1900,5,28,1195,41,197621333,16,164,33,12,127,135,F,Minor,88,87,73,26,0,13,5
1,2177,5,13,2638,0,132498455,3,7,13,0,1,138,G,Major,72,51,42,72,0,15,9
3,1981,10,5,5363,0,354220984,58,39,80,0,0,83,D,Major,59,89,58,6,0,38,4
1,2093,1,33,586,0,90817790,12,56,0,0,108,105,G#,Major,55,79,87,0,0,15,3
2,1858,13,9,1761,0,117993306,16,18,4,0,0,122,F#,Major,63,58,41,82,3,12,5
1,2127,9,3,13176,8,1599507996,325,94,878,14,,131,B,Minor,83,60,98,5,0,33,3
1,2204,4,22,267,12,110348399,6,91,11,2,9,86,G,Major,77,89,92,32,0,45,27
1,2151,5,18,3335,52,299271179,92,134,80,15,427,137,A,Minor,69,22,87,14,64,11,6
1,2043,11,20,1625,0,201018893,10,3,12,0,0,110,G,Major,68,10,52,19,0,33,18
2,2033,12,18,730,1,142943643,0,0,31,0,,122,D#,Minor,47,14,73,0,0,9,4
1,2179,12,2,3480,51,362570235,104,70,180,8,532,201,A#,Minor,56,65,42,60,0,11,7
1,2026,8,21,48530,14,1750542604,307,99,5353,2,113,151,C#,Major,35,23,89,0,0,9,9
3,1996,4,4,40283,23,2466578535,430,116,3390,0,27,114,C#,Major,78,35,68,1,0,34,5
1,1914,2,6,781,10,286302881,28,19,14,1,4,126,G#,Minor,82,70,62,4,0,14,4
1,2159,1,1,19179,34,855193762,61,40,1218,0,2,86,A#,Minor,82,67,60,5,0,24,13
1,1958,3,26,547,66,333125277,8,112,24,2,27,121,G,Major,63,39,69,0,0,38,4
1,2016,10,19,1863,0,273674459,12,9,17,0,0,74,E,Minor,86,15,27,17,0,13,37
2,2171,4,1,2782,34,506351806,29,54,42,8,89,86,F,Minor,75,45,80,29,0,7,6
1,2180,6,18,5130,0,179610130,66,82,60,0,11,120,E,Minor,53,5,68,13,2,15,6
1,1920,3,19,652,0,220546376,6,206,19,0,0,111,C#,Major,58,78,81,16,0,7,39
1,2066,1,5,155,0,787067835,0,0,5,0,0,82,F,Minor,42,26,47,41,0,25,3
1,1850,3,7,7005,0,913022655,105,45,567,1,,67,A,Minor,49,28,30,89,0,15,4
2,1860,4,23,1057,0,103943323,38,65,30,0,0,124,A,Minor,66,9,57,1,0,55,3
1,1927,6,19,20582,3,2168401039,217,99,2452,0,76,103,E,Major,64,18,34,59,0,10,5
1,1897,4,15,9329,0,760157465,232,54,296,20,24,110,A#,Minor,83,76,68,10,0,33,7
2,2161,1,16,7012,0,1242184249,62,44,366,0,1,163,A#,Minor,89,91,74,14,0,31,35
4,1978,6,8,738,31,60631317,19,45,23,8,101,185,G#,Minor,62,51,80,16,0,39,7
3,1948,13,29,16962,0,637021683,136,16,1688,0,0,100,G,Major,82,77,91,3,0,41,4
1,1886,3,3,208,2,192998682,11,4,0,0,0,71,F#,Major,62,79,44,65,9,13,4
1,2125,8,9,1383,0,288328514,2,0,11,0,9,145,D,Major,73,35,51,11,0,9,9
1,2148,1,1,7367,0,1198853965,152,19,461,0,6,145,E,Minor,81,48,64,20,0,16,9
1,2047,5,21,2083,0,252807314,22,3,40,0,0,144,D#,Major,51,44,52,66,0,10,4
1,1943,11,31,42647,74,3598804501,615,218,3614,21,,182,C#,Major,47,40,77,0,0,9,8
1,2003,2,18,1638,2,148536163,64,5,48,0,163,96,F,Major,63,70,72,7,0,32,3
1,2053,3,10,590,0,52085406,9,4,4,0,0,114,D,Major,84,34,84,13,0,13,4
1,2207,7,22,1830,0,395138824,3,0,26,0,1,79,D#,Major,46,48,83,9,95,9,3
1,1985,1,32,401,0,81996217,16,16,0,0,0,152,D,Major,67,87,83,8,0,8,4
1,1947,7,8,2446,37,491026592,46,67,49,5,5,166,E,Minor,76,62,60,4,0,25,13
2,1879,5,14,3380,0,116005583,4,0,22,0,0,165,A#,Minor,55,54,74,18,0,11,33
1,1967,3,7,6028,0,950966456,108,43,578,1,,76,A,Minor,48,25,32,76,0,13,4
1,1853,3,3,1704,3,248313066,26,38,32,1,1,116,G,Major,92,33,40,34,0,10,26
2,1959,5,6,1532,0,113105408,14,3,3,0,0,94,B,Major,69,40,55,67,0,11,38
3,1900,6,2,255,0,37549516,5,18,5,0,0,126,A,Minor,78,26,58,18,0,23,16
1,2108,3,24,402,20,166421135,4,68,5,0,5,115,G,Major,66,33,83,0,0,40,4
1,2065,7,15,415,34,13354979,34,35,28,1,24,137,C#,Major,55,46,79,0,0,33,4
1,2132,4,14,9703,0,734069621,251,44,274,22,25,101,A#,Minor,87,79,79,9,0,34,7
2,1891,6,28,851,38,61689421,33,116,41,15,205,129,F#,Minor,78,74,69,15,0,52,4
2,2078,3,34,2740,39,334453885,45,107,54,13,174,94,B,Major,86,62,68,14,0,12,17
1,2020,1,1,29358,51,2096161837,327,67,1056,1,0,110,C#,Major,49,45,70,45,0,16,4
1,2129,4,1,6808,4,1136915763,111,39,150,0,45,177,A,Major,45,24,66,62,0,39,9
1,2004,1,5,174,0,913819736,0,0,5,0,0,82,F,Minor,41,22,39,42,0,21,3
1,2218,11,26,1573,24,366600700,18,82,24,0,27,188,G,Minor,60,14,59,44,97,11,11
1,2085,1,20,2708,0,267242317,47,1,70,11,1,96,C#,Major,89,71,50,12,0,9,26
1,2098,8,12,10867,0,1052130408,37,81,59,0,1,81,D#,Major,57,26,48,51,1,20,3
1,2198,5,6,891,3,352531910,10,24,12,0,0,125,C#,Major,75,53,74,12,0,13,5
2,1932,6,9,3932,2,280075564,115,75,78,1,8,128,,Minor,98,62,84,11,1,10,5
4,2212,6,10,2280,0,134176724,33,0,27,0,0,128,G,Major,85,14,52,1,0,7,6
1,2035,1,10,4315,9,875852292,70,22,228,1,49,173,E,Minor,39,10,63,2,0,12,5
1,2094,4,1,1069,0,202181378,21,0,28,0,0,136,C#,Major,69,39,52,17,0,10,12
3,2109,6,14,411,28,12731020,18,29,23,3,226,99,,Major,78,94,84,5,0,6,5
1,1844,2,4,2036,0,110879980,24,1,55,0,0,66,,Minor,29,25,22,19,0,31,3
2,1981,2,3,383,10,135189290,4,69,4,2,39,173,A,Major,52,74,59,8,0,6,5
1,1821,8,17,20515,0,1100789905,127,1,697,3,0,102,A#,Minor,62,18,52,76,0,6,6
1,2147,8,1,517,0,154748866,6,50,12,0,0,99,D,Major,85,30,65,1,0,11,4
2,1880,10,32,3690,32,544579250,46,73,56,10,8,113,G#,Major,68,59,72,32,0,31,19
1,2023,1,1,1159,0,371283963,86,36,5,0,0,101,C#,Minor,77,99,90,14,0,12,3
2,1835,5,31,1291,42,193337522,18,144,31,11,143,136,F,Minor,92,87,71,24,0,12,5
2,1925,6,24,276,8,36262553,9,6,25,2,66,139,F,Major,57,34,31,70,0,35,8
1,1864,1,1,14564,0,1076104209,247,32,583,0,14,121,G#,Minor,77,26,62,45,2,11,22
1,1998,6,3,1504,27,274760035,20,49,22,2,2,161,G#,Minor,64,58,55,25,0,14,7
2,2193,11,17,8095,0,1002048305,94,136,1318,0,64,107,G,Major,71,49,90,5,0,27,12
1,2076,4,23,245,13,84594621,15,111,10,0,57,125,G#,Major,80,35,95,15,0,18,9
1,1999,1,24,2009,0,126018883,98,39,120,1,61,180,F#,Minor,57,57,66,13,0,19,25
2,1934,11,4,1139,0,106401113,3,9,5,0,0,127,D,Major,59,12,57,1,0,24,25
2,2054,5,1,347,12,98995600,14,109,9,0,48,103,E,Minor,79,41,95,11,0,12,5
2,1880,3,4,470,13,166619313,8,14,12,2,31,105,D,Major,86,44,44,32,0,10,38
1,1861,10,24,24069,6,1598749514,60,0,6808,2,0,96,D#,Minor,56,38,91,1,0,31,6
2,2186,4,10,14430,0,1517196616,408,59,525,0,13,106,G#,Major,83,81,66,30,0,12,3
1,2150,5,5,786,0,39463882,36,3,27,0,51,161,F#,Minor,54,45,74,11,0,32,5
1,2095,9,23,2808,9,525130129,83,29,86,5,28,115,B,Minor,74,93,86,8,0,13,3
1,2162,4,1,7967,4,1351538753,114,41,145,0,43,170,A,Major,48,23,56,57,0,45,9
1,1852,1,1,28947,12,1983190111,67,86,3325,4,13,169,D#,Major,35,39,65,21,0,28,5
1,2194,3,3,569,6,118559793,24,91,0,0,67,151,D#,Minor,68,46,70,51,0,13,3
5,2055,13,14,1835,17,210819162,19,8,33,2,0,88,C#,Major,79,74,95,19,0,7,5
1,2118,7,23,7721,22,587003972,23,79,56,1,41,99,F,Major,47,41,62,55,0,10,3
1,1901,6,14,13366,0,2244805690,201,34,767,0,5,92,B,Minor,46,23,51,40,0,34,22
3,1974,1,25,1875,0,100152125,86,1,48,0,9,113,,Major,67,90,86,16,0,40,5
1,1902,1,34,2563,19,420163425,48,100,16,1,324,198,F#,Major,48,55,68,42,0,16,4
2,1879,3,17,1825,35,240747268,28,93,29,5,87,141,D,Major,70,13,79,4,0,10,4
3,1993,5,21,1004,4,189077752,22,2,68,1,3,135,G#,Major,74,78,71,50,0,37,8
1,2220,10,4,4106,27,949846201,129,195,3,0,,110,A,Minor,71,28,69,6,0,11,4
4,2165,6,8,752,33,57001412,22,42,23,7,101,170,G#,Minor,56,50,80,14,0,36,7
2,2087,3,22,437,0,72641596,15,14,5,0,1,144,B,Minor,64,11,74,7,44,29,7
1,2161,5,6,1521,0,127754329,28,2,16,0,2,132,E,Major,46,7,47,32,0,7,4
1,1942,12,5,2648,10,1501448758,0,0,772,0,0,131,,Major,62,39,25,90,0,13,4
1,1913,5,7,866,0,224140938,6,20,8,0,0,123,C#,Minor,82,72,60,9,0,48,12
2,1936,2,25,417,11,100536632,11,15,15,3,1,148,F#,Major,88,71,75,39,0,11,30
2,1965,7,23,565,4,270825270,10,39,3,1,0,99,G,Minor,80,61,63,28,0,11,13
2,1875,12,22,3373,37,565332993,50,74,86,14,188,183,F#,Minor,78,60,76,5,0,9,7
1,1888,4,8,1715,3,128911371,45,5,50,0,19,90,F,Major,41,36,44,46,0,39,5
1,1935,9,15,475,10,240530832,2,119,12,0,1,144,G,Major,90,55,67,7,0,66,10
2,1870,5,33,1207,40,194925442,18,165,32,12,129,122,F,Minor,79,76,63,26,0,13,5
3,2043,13,15,1333,21,238844028,37,22,56,4,84,90,F#,Minor,89,96,81,44,0,17,12
3,2185,9,3,5345,0,586728084,47,44,48,0,3,153,F,Minor,87,20,36,13,0,7,29
1,1878,3,22,1374,0,203894793,23,1,15,0,0,160,G#,Major,58,47,84,1,0,19,5
1,1983,10,10,14383,14,2618351418,231,34,1522,0,14,97,A#,Major,39,43,61,64,0,9,5
1,2152,11,4,2159,38,415409602,33,26,36,5,1,87,B,Minor,69,54,80,25,0,10,15
5,2007,6,2,191,0,32215071,3,10,3,0,0,103,F,Major,84,60,54,39,50,28,8
2,2185,10,12,819,4,215671883,20,3,0,0,0,88,C#,Major,49,74,67,12,0,36,8
2,1883,5,2,184,3,41665253,5,6,4,1,35,104,A#,Minor,71,44,56,29,0,13,13
2,2031,12,4,9225,5,651360945,259,116,248,0,5,109,G,Minor,74,46,79,3,0,9,4
1,2211,1,1,23956,28,1383337423,55,70,987,2,1,84,D,Major,69,74,60,4,0,7,4
2,1897,10,20,3367,2,602884192,69,12,146,0,44,106,D,Major,75,34,79,12,0,9,9
2,2210,12,33,249,6,158518357,8,83,5,1,4,155,E,Minor,78,86,82,18,0,6,9
1,1925,5,18,2269,0,190051652,19,1,30,0,0,117,A,Minor,90,94,64,33,5,8,4
1,1887,9,16,21064,0,956349216,107,1,645,3,0,99,A#,Minor,69,22,59,73,0,6,6
1,1987,10,26,43493,74,3595992217,710,206,3513,18,,174,C#,Major,45,35,80,0,0,10,6
3,1888,11,2,5530,82,802644985,105,138,256,22,29,100,C#,Minor,70,16,60,33,0,8,5
1,2084,2,17,7581,6,753724881,47,119,222,1,224,98,F,Minor,59,17,58,11,1,12,3
1,2046,6,3,1770,30,279331587,21,46,21,2,2,163,G#,Minor,74,55,58,23,0,16,7
1,2095,10,14,7654,0,478722191,5,0,283,0,0,157,G,Major,71,66,48,81,0,10,4
1,1836,2,11,553,5,269467190,4,113,21,0,1,124,D,Minor,49,53,80,29,0,9,7
1,2078,1,16,2907,0,631206415,10,2,153,0,0,101,B,Minor,54,47,90,0,0,5,3
3,1881,6,11,723,2,134591887,18,0,24,0,31,118,D#,Minor,78,83,43,42,0,7,43
2,2191,10,4,1397,0,155884357,22,7,16,0,0,128,G#,Minor,84,21,59,1,0,7,35
2,1888,6,18,613,50,63106180,1,57,8,0,1183,123,A,Major,62,89,78,71,8,9,7
2,1840,6,2,224,0,27434728,3,3,7,0,0,137,B,Major,76,26,67,4,0,22,12
2,1876,6,26,5469,0,714320355,86,9,98,0,4,131,G#,Major,84,40,65,2,0,7,6
2,2222,9,13,4823,27,486497492,113,88,106,18,360,92,D,Major,51,23,73,15,0,8,11
1,2201,6,10,6139,0,1100180459,136,32,161,0,,143,C#,Major,63,20,58,32,0,8,7
1,1865,1,1,14524,0,1009876198,271,30,529,0,15,121,G#,Minor,76,26,67,40,2,11,25
1,2124,7,18,4475,41,438374605,57,40,184,1,11,142,F#,Major,98,95,59,38,0,42,31
1,1994,4,24,2081,0,261097571,48,8,50,0,1,81,G,Major,41,21,66,8,0,10,8
1,2210,7,25,6067,2,696798269,75,0,241,14,,97,F,Minor,77,50,76,60,0,12,4
3,2004,7,1,1730,0,85472114,10,0,2,0,0,150,A,Major,88,51,74,0,0,8,23
1,2148,3,26,580,63,384800077,7,101,25,2,31,120,G,Major,59,33,70,0,0,37,4
2,1977,6,1,2137,92,176750006,61,228,82,19,868,139,C#,Major,89,68,57,20,0,7,24
3,1899,13,2,1829,43,289365156,23,98,28,1,172,111,C#,Minor,76,47,49,18,0,18,35
1,2050,1,7,2911,5,391240415,13,94,35,0,3,141,A,Minor,73,55,57,4,0,16,3
1,1901,7,14,825,73,23281780,78,129,54,1,285,123,F,Minor,68,32,82,0,0,12,6
1,2067,10,3,1111,0,158599628,9,0,14,0,1,102,G,Major,82,82,86,15,22,32,6
1,2181,6,21,1573,0,125091052,41,0,22,0,0,160,F,Minor,70,25,57,14,82,11,5
2,2134,2,21,25372,20,2401629277,369,187,2804,3,31,110,B,Minor,59,47,66,3,0,18,4
1,1951,6,27,3220,0,489591178,33,6,43,0,1,132,D#,Major,89,67,53,50,0,38,23
1,2126,10,4,3139,8,526323000,26,80,95,0,1,152,B,Major,59,24,71,4,7,14,4
2,2139,4,27,409,4,70547846,15,8,42,1,28,118,F#,Minor,79,72,57,42,0,25,5
1,2088,4,27,3571,21,1174516552,39,94,56,1,34,117,C#,Major,59,49,67,2,0,8,3
1,2079,3,17,5350,0,921895220,70,84,462,3,12,128,C#,Major,79,94,59,0,0,19,4
2,2189,5,27,347,2,59936298,1,0,10,0,0,111,F#,Minor,62,31,36,84,0,11,3
2,2069,3,1,987,5,150343516,7,30,50,1,26,148,F#,Major,60,81,101,29,0,83,5
1,2084,7,31,2872,0,180469891,39,49,36,0,0,132,A#,Minor,52,45,59,0,0,17,10
5,2010,6,2,198,0,32801658,3,9,3,0,0,99,F,Major,87,59,46,37,48,29,7
1,1989,5,17,2094,0,153321891,84,11,119,0,37,149,A,Major,66,25,59,15,0,21,5
1,2164,10,19,1767,0,191168859,9,6,14,0,2,162,,Major,36,39,17,92,0,13,5
3,1894,1,1,5889,0,272505588,97,37,164,0,0,123,G,Major,75,71,34,82,0,16,5
1,2059,12,4,1729,0,238473331,39,48,35,15,0,138,G#,Major,47,16,51,37,12,27,5
1,1987,10,17,4324,13,467911197,67,27,48,0,0,151,B,Major,53,4,51,7,0,6,3
2,1923,6,25,273,9,39356517,10,6,27,2,72,131,F,Major,64,36,35,70,0,32,9
2,2035,9,13,283,0,47475295,6,1,6,0,0,83,A#,Major,79,48,73,12,0,15,8
1,1895,6,11,7047,0,1038605967,119,39,160,0,,141,C#,Major,66,19,56,31,0,10,6
1,1837,11,18,897,0,151418225,24,51,68,0,0,99,,Major,40,44,39,83,0,10,5
1,1855,2,15,922,2,135841552,13,57,44,1,32,107,D,Major,62,54,62,57,0,84,5
1,2206,9,15,1553,16,434706745,51,123,58,0,2,109,,Major,74,66,69,0,0,19,4
1,2045,12,2,780,4,154910405,10,61,5,0,19,145,G,Major,64,95,87,0,0,24,3
1,1848,1,1,12997,0,1125554819,245,29,540,0,13,121,G#,Minor,77,26,62,44,2,11,23
1,2207,1,1,8804,0,673090784,167,5,557,0,6,109,F,Minor,55,29,57,1,0,7,4
1,1823,10,21,2171,0,320025424,11,16,15,0,0,98,G,Major,66,4,41,6,0,10,5
2,2080,5,21,897,0,54801626,35,2,35,0,1,121,C#,Major,78,20,76,1,0,17,4
1,2017,1,29,574,0,92746228,12,51,0,0,108,100,G#,Major,60,70,87,0,0,14,3
1,1866,1,1,27927,12,1766948831,60,77,3716,4,14,176,D#,Major,35,40,64,20,0,27,5
1,2204,5,19,2527,0,282965628,22,10,43,0,0,137,,Major,72,63,42,45,0,18,4
1,1964,4,26,2562,0,256743042,30,43,25,0,0,136,G#,Major,85,31,60,6,0,14,30
1,1822,9,6,5832,0,413824989,168,76,350,0,0,128,G#,Major,82,58,80,2,0,11,5
1,2080,6,18,5560,0,196356223,70,94,57,0,10,129,E,Minor,48,5,64,12,2,15,6
2,1830,6,3,5317,13,629459331,92,23,81,14,37,103,F,Major,76,46,66,11,0,12,7
1,1996,1,8,4453,0,332571118,86,72,129,0,,128,G,Major,64,84,79,3,0,7,9
3,1860,6,2,711,16,88641750,17,64,30,1,43,86,A,Minor,57,13,53,4,0,21,4
1,2095,5,19,2116,1,222354718,8,1,19,0,0,163,A,Major,71,92,48,30,0,18,21
1,1975,10,2,11678,9,1247685303,183,69,285,6,16,131,D#,Minor,82,60,62,37,1,11,4
1,2030,4,20,2938,6,541254072,43,49,134,1,34,164,G#,Minor,41,23,50,5,0,12,3
1,2119,10,20,1580,0,166363263,4,5,7,0,0,171,G,Major,47,54,89,40,0,16,12
3,1971,7,22,12709,65,1046716653,75,59,259,1,294,84,F#,Major,58,60,59,36,0,10,10
2,2047,8,6,8114,48,1425427604,87,67,176,13,180,120,D,Major,64,59,85,1,3,23,4
2,2137,6,1,314,8,11702211,5,2,27,2,67,139,B,Minor,92,65,64,46,0,11,26
1,1923,7,13,5839,17,621468747,101,87,421,0,469,91,,Major,89,70,80,36,0,8,6
1,1879,8,8,1923,2,644122439,72,141,78,0,2,126,A,Major,66,65,70,1,0,34,4
1,2202,12,11,8391,0,436503847,33,63,98,1,0,106,F,Major,52,24,42,1,3,6,3
4,2027,1,15,11989,0,835060356,223,53,763,0,17,128,D,Major,86,79,83,1,0,33,14
2,2096,2,23,3173,44,554894417,79,90,69,1,16,72,C#,Minor,58,50,48,23,0,46,7
2,1891,5,6,1584,7,297184701,10,31,13,0,33,106,D,Major,75,60,61,58,0,7,4
2,1918,7,6,8252,44,1334410601,103,60,159,15,180,139,D,Major,56,50,78,1,3,23,4
1,1954,1,1,31311,8,1094233972,225,115,5602,1,35,82,F#,Minor,84,72,76,25,0,7,37
1,1926,5,14,2126,9,337384798,37,97,9,0,15,115,A,Major,70,60,93,24,0,58,3
2,2129,2,15,1488,0,296462510,43,4,32,1,0,104,C#,Major,74,24,93,22,0,10,19
1,2009,3,10,3968,41,917520124,91,97,295,18,157,106,F,Minor,72,59,68,2,0,7,5
1,1933,2,9,2073,4,157002289,83,26,67,9,433,113,G,Major,95,88,80,66,0,10,4
1,2200,8,3,13813,8,1562342792,315,100,863,15,,117,B,Minor,75,54,83,5,0,37,3
2,2040,4,23,2735,28,552817338,58,98,76,0,111,99,A#,Major,31,31,52,82,0,20,3
2,1971,3,29,643,0,64092069,8,1,12,0,0,91,F#,Minor,46,50,85,40,0,33,21
1,2189,6,31,20604,67,2533117249,367,147,744,29,,85,B,Major,82,52,48,46,0,9,10
2,1841,10,4,1741,2,214876861,26,55,9,0,103,127,G,Major,76,20,65,1,0,17,5
1,2004,4,19,258,25,70855959,6,37,6,7,207,152,A#,Major,54,51,42,65,0,10,6
1,1967,12,8,757,0,79283445,6,18,1,0,0,127,G,Minor,55,56,69,64,0,9,25
2,1871,9,30,10977,20,1763608258,185,151,568,9,24,100,E,Minor,71,15,55,44,0,12,5
1,1897,9,2,885,0,153439034,10,1,8,0,0,138,E,Minor,65,24,80,8,0,59,25
2,2045,6,1,2140,84,192885246,62,211,85,17,884,140,C#,Major,101,69,53,21,0,8,25
5,1877,6,16,2381,0,274272362,40,2,35,2,0,114,C#,Major,99,64,90,7,0,6,7
1,2141,9,13,2770,2,395748054,38,286,71,0,135,136,B,Major,45,60,90,0,0,10,4
2,2106,6,2,29017,10,1869403391,560,120,2788,6,,119,A,Minor,72,54,93,4,0,7,11
4,1858,5,8,788,36,55352568,20,46,20,7,105,167,G#,Minor,57,60,82,15,0,37,8
1,2138,1,29,602,0,94851718,10,54,0,0,108,101,G#,Major,54,74,81,0,0,16,3
1,2125,3,30,21381,131,2573008847,414,180,893,47,,184,F#,Minor,56,68,72,32,0,33,6
1,1893,1,7,1291,0,57814435,1,5,6,0,0,133,A#,Major,78,23,67,33,0,23,3
1,1825,11,28,26431,0,1427588758,373,137,1901,0,,163,G,Major,35,34,60,17,0,7,4
2,2199,3,26,2523,1,323132227,52,3,31,0,0,82,G,Major,87,64,87,9,0,11,5
2,1876,5,26,384,5,45570764,25,88,6,0,103,131,B,Major,78,56,61,6,0,16,3
2,1926,6,2,284,1,42021166,1,21,5,0,1,79,F#,Major,61,25,66,49,1,26,13
1,2194,9,5,2096,15,307476837,66,102,61,0,149,85,G#,Major,37,38,59,19,0,7,7
1,2052,12,12,9263,0,906251020,239,109,473,0,,132,G,Major,50,55,58,5,0,29,19
2,1901,2,2,833,9,248177359,15,95,66,3,69,154,A,Major,65,61,78,35,0,33,20
2,2061,7,16,655,5,305573063,16,81,4,2,0,138,,Major,74,69,82,30,1,14,4
1,2166,5,6,1984,0,142581942,35,0,3,0,0,163,B,Major,87,43,69,0,10,11,8
1,2220,5,19,2961,0,671562525,11,0,69,0,0,161,A#,Minor,69,77,59,22,0,7,12
1,1981,9,5,1489,4,181721838,23,10,19,0,0,181,G#,Minor,81,47,60,15,0,13,8
1,1987,5,15,15964,7,1715977316,270,52,497,1,,158,F#,Minor,55,73,70,28,0,11,17
1,2125,11,20,2653,0,347566321,36,36,22,2,0,178,G,Major,67,42,56,6,0,9,7
2,1950,2,24,1647,0,152674876,27,1,19,0,0,112,D,Minor,73,22,70,2,0,9,4
1,1867,4,5,171,0,52995408,17,15,7,0,0,109,G#,Major,63,23,58,41,0,6,3
2,2082,12,4,1493,2,216310796,26,50,11,0,102,123,G,Major,73,18,67,1,0,15,5
1,2047,5,13,8041,75,1162401963,231,137,464,38,344,137,,Major,74,86,89,12,0,6,5
1,2223,9,20,730,13,256556363,18,133,10,0,12,121,,Major,66,81,88,11,0,8,11
2,2062,1,10,8256,2,742836562,109,157,479,0,48,105,D,Major,64,19,62,9,0,12,4
3,2005,7,23,12982,68,1066849115,83,53,228,1,282,73,F#,Major,58,56,52,36,0,12,10
3,1988,12,23,1065,18,476120922,12,109,9,5,3,131,B,Minor,85,72,68,16,0,28,9
1,1844,11,9,2691,6,284404794,57,98,62,13,2,99,G,Major,39,28,27,81,0,17,3
1,1843,7,5,2311,0,401261851,20,12,68,0,6,144,A,Major,31,32,84,6,0,8,7
2,2215,4,7,999,0,81091358,26,0,52,0,0,180,G,Minor,68,47,68,33,0,8,8
2,2095,5,6,6613,36,1242247303,67,113,93,13,27,75,D#,Minor,67,26,72,7,0,51,4
1,1972,2,18,860,16,294300890,29,77,29,8,10,133,G,Major,53,67,48,47,0,33,3
2,2174,5,32,27553,0,2815112411,322,165,2020,0,48,94,G#,Major,71,67,55,42,0,12,3
1,1925,1,1,27765,43,2192060455,187,104,3174,10,153,125,C#,Minor,66,52,69,6,0,13,4
3,1853,7,20,13793,70,1079784629,78,52,267,1,341,77,F#,Major,56,61,53,39,0,10,9
1,2070,3,33,808,20,256129338,20,109,18,0,76,133,A,Minor,91,61,39,3,0,11,4
1,2155,10,28,471,10,221412310,10,105,15,1,25,123,F,Major,55,23,71,0,0,13,3
2,2145,1,12,402,2,168088680,16,40,22,1,14,104,,Major,84,60,68,7,0,26,4
1,2127,4,30,2977,2,388444890,28,2,35,1,0,197,A#,Minor,74,68,72,6,0,10,36
1,2104,2,11,626,5,233070004,4,123,22,0,1,143,D,Minor,49,49,70,31,0,10,6
1,2088,5,6,975,3,350460738,10,26,11,0,0,141,C#,Major,90,50,69,13,0,13,5
2,1854,11,24,1571,0,199881230,46,7,15,0,4,84,D,Minor,76,40,75,30,0,15,5
2,2155,3,10,3279,0,288177723,68,2,46,11,0,132,G,Major,78,70,69,15,0,9,22
2,1899,11,24,1347,0,100629572,43,8,65,0,0,82,G,Major,86,60,61,5,0,17,7
2,2116,8,29,12600,72,1218813624,288,187,542,47,710,132,G,Minor,57,40,103,4,0,32,4
1,1865,3,22,20910,5,1406941366,39,0,8027,0,0,110,A,Major,46,25,86,0,0,70,4
1,1884,7,16,3173,25,645995654,94,83,74,1,90,119,E,Major,63,25,43,51,0,12,3
1,2126,10,28,2585,0,365175526,53,14,33,0,1,68,D,Major,82,10,43,0,0,37,14
1,1899,7,5,2304,0,386903896,20,12,65,0,6,154,A,Major,31,30,90,7,0,8,7
5,2029,6,2,180,0,35439405,3,9,3,0,0,106,F,Major,92,55,48,40,55,27,8
7,1908,1,15,1055,1,269386014,21,5,13,0,0,179,F,Minor,72,78,79,43,0,6,30
3,1864,1,7,3259,0,287764052,57,25,44,0,0,81,C#,Minor,70,51,42,1,1,13,17
1,1966,7,15,413,37,14757424,35,32,32,1,26,135,C#,Major,54,52,68,0,0,33,4
2,1882,6,2,286,1,41712148,1,21,5,0,1,86,F#,Major,59,24,56,44,1,27,12
1,2219,11,4,850,2,89055585,29,20,32,1,0,93,E,Minor,67,29,72,16,0,11,5
2,2005,3,3,332,0,63161751,15,33,1,0,0,160,E,Major,53,45,74,13,0,13,3
1,2013,11,6,5502,0,833747292,91,80,187,0,13,84,B,Major,75,17,42,21,4,33,8
1,2123,1,1,1186,0,372411543,95,36,5,0,0,93,C#,Minor,69,84,85,14,0,13,3
3,2061,7,14,456,32,12231581,18,27,25,3,228,89,,Major,76,91,89,5,0,6,5
1,2090,3,25,3079,33,179074889,116,62,116,3,622,111,D,Major,80,39,54,30,0,10,6
1,1879,2,10,589,5,237224748,4,106,19,0,1,141,D,Minor,48,50,71,29,0,9,7
1,2132,4,8,3183,8,278484469,67,56,45,0,5,141,A,Major,46,29,30,46,0,24,3
4,1902,8,17,907,0,166949313,14,1,14,0,0,107,A,Major,76,41,73,5,0,6,8
1,2084,1,19,2603,0,297710041,51,1,72,10,1,105,C#,Major,93,80,46,10,0,9,27
2,2076,4,24,966,0,173851700,20,0,7,0,0,90,,Major,62,35,95,24,0,10,10
2,2094,7,18,582,46,62990740,1,47,8,0,1241,119,A,Major,64,84,89,70,8,8,7
1,1862,8,25,606,0,199684329,15,85,15,1,2,112,D#,Minor,73,74,92,14,0,32,11
2,1849,7,21,13801,0,1674429214,319,47,624,0,,137,D#,Minor,78,84,68,2,0,5,6
1,1963,7,8,1821,13,615733422,1,10,3,0,0,135,G#,Major,54,4,63,7,42,8,3
1,2110,2,24,550,11,149528296,15,96,29,0,351,115,D,Major,77,90,62,61,0,41,3
1,2086,3,3,384,4,80040178,4,18,0,0,0,121,F#,Minor,65,60,81,0,0,33,3
1,2097,7,1,612,0,160148918,5,54,12,0,0,88,D,Major,82,33,75,1,0,11,4
3,2019,10,25,836,0,1343748557,8,8,8,2,0,83,G,Major,76,55,76,25,0,39,25
1,2184,8,1,547,0,153169017,6,53,12,0,0,105,D,Major,76,30,68,1,0,11,4
1,1870,1,6,1761,0,113674530,7,46,15,0,0,125,G,Minor,80,57,51,2,0,9,8
2,2171,10,23,6914,19,596712423,104,189,295,2,,115,,Minor,55,17,61,0,0,10,4
3,2146,3,20,5813,0,315295870,149,80,139,0,5,128,E,Minor,55,47,65,3,0,17,4
1,2203,6,15,2460,54,61298786,0,0,106,18,0,123,G,Minor,69,100,89,12,20,8,4
1,2018,1,27,533,22,248908813,7,71,4,2,13,138,G,Minor,72,94,85,17,0,5,5
1,2115,3,31,308,2,142899159,29,2,33,0,0,112,C#,Minor,79,30,51,12,0,10,10
2,1940,9,14,694,0,80816589,16,0,10,0,0,80,D#,Minor,64,22,49,6,0,48,4
2,1985,3,13,8348,31,474548651,158,72,188,0,163,125,C#,Minor,90,74,72,1,0,5,5
2,1906,1,7,862,0,57053635,3,0,5,0,0,161,C#,Major,63,27,69,0,0,7,7
1,1944,1,1,7441,0,1182985286,134,19,476,0,7,147,E,Minor,81,51,77,19,0,15,10
2,1834,3,20,9316,5,1331932853,220,94,457,3,10,113,,Major,66,63,72,3,0,11,3
1,2020,4,30,3127,22,1079020483,39,97,57,1,29,118,C#,Major,56,44,66,2,0,8,3
1,2048,1,7,2810,7,369420797,13,96,32,0,3,142,A,Minor,64,64,57,4,0,15,3
1,1866,10,16,408,6,169718123,13,119,9,0,12,126,E,Minor,78,65,96,4,0,44,17
1,1992,4,5,752,9,308803497,30,126,13,0,1,108,C#,Minor,72,54,77,0,0,31,4
2,1885,5,6,1724,8,288326684,11,30,13,0,32,118,D,Major,78,59,64,61,0,7,4
5,2058,13,20,126,4,1389869,13,82,2,0,0,113,G,Major,77,65,74,10,0,31,7
1,1996,12,23,15038,0,450377199,218,33,437,0,0,115,,Major,54,24,62,0,2,25,3
1,2108,3,17,347,14,160428221,4,68,17,1,8,129,,Minor,65,54,87,13,0,12,6
1,2137,5,19,67,8,51692773,7,10,0,0,57,92,E,Minor,80,33,61,24,0,28,5
3,2092,7,31,2744,0,562204158,46,2,53,0,,126,G#,Major,54,46,65,46,10,5,6
1,1941,2,20,5655,4,991642000,118,139,214,0,40,122,,Major,63,63,46,59,0,13,5
1,1934,4,14,2140,0,684374010,29,0,43,0,0,146,F#,Minor,74,61,55,44,0,12,31
1,2143,11,19,2313,0,169609190,11,6,27,0,1,136,E,Major,38,27,58,8,0,13,3
1,1999,2,12,643,5,250553518,4,117,20,0,1,118,D,Minor,49,48,82,32,0,11,7
1,2064,10,4,2011,36,349003926,31,25,36,5,1,86,B,Minor,78,53,76,23,0,11,15
1,2103,9,28,563,0,171415900,15,75,15,1,2,131,D#,Minor,71,72,99,15,0,33,11
2,2112,8,19,2505,0,165095512,117,52,33,0,0,101,F,Major,57,87,94,1,0,12,4
3,2027,5,4,615,1,55211781,9,12,11,0,1,194,C#,Minor,61,60,64,19,0,11,5
2,2064,3,19,1302,14,120817108,43,35,25,1,183,161,C#,Major,78,50,37,2,0,8,48
4,1898,6,8,806,31,57002112,20,43,22,8,96,181,G#,Minor,57,51,73,15,0,37,7
1,2120,11,9,975,4,271349056,31,78,91,1,26,118,F#,Major,78,78,89,48,0,31,3
2,2150,2,7,945,38,269405151,18,21,24,3,92,112,F,Minor,86,103,78,17,0,37,16
2,1918,5,19,932,0,56132321,35,2,33,0,1,138,C#,Major,80,21,74,1,0,15,4
1,2069,3,30,12813,9,1217492182,134,5,624,0,0,171,B,Minor,32,48,69,0,0,9,4
1,2027,8,20,2581,0,303729463,123,18,209,0,200,135,D,Minor,64,28,67,16,0,9,5
1,1853,12,4,2138,35,402991117,32,25,33,5,1,85,B,Minor,79,60,83,25,0,11,14
1,1955,11,4,1978,36,405224906,31,25,36,5,1,89,B,Minor,76,55,78,23,0,9,16
1,2172,5,12,555,0,162070000,5,35,1,0,0,154,F#,Minor,68,102,59,45,0,11,4
1,2062,5,22,2206,1,219459191,7,1,16,0,0,152,A,Major,70,90,48,35,0,17,21
1,2161,5,23,3506,0,729603733,10,0,64,0,0,158,A#,Minor,70,75,54,22,0,6,12
1,1936,5,6,997,31,392826422,5,27,8,0,0,137,B,Major,79,75,65,21,0,20,6
1,2179,1,12,12714,111,1427204110,301,231,816,61,1061,126,,Major,72,60,72,6,0,3,7
2,1844,1,1,28259,30,1115342863,75,103,709,0,444,153,E,Minor,71,34,57,7,0,19,9
2,2208,1,1,43892,0,1453266995,224,130,6723,1,,137,,Major,85,69,57,57,0,9,4
1,2122,5,15,15454,57,2071347544,162,94,1002,1,,133,A#,Major,56,45,88,5,2,9,3
3,2047,5,13,998,33,96302329,42,60,46,8,208,122,B,Minor,88,90,90,4,0,23,6
1,2148,4,20,7046,33,954830472,117,104,146,12,21,101,C#,Major,81,55,49,62,1,12,5
2,2191,10,20,3345,2,236324298,61,13,46,1,7,160,B,Minor,31,4,94,1,0,29,18
1,1865,7,2,528,8,162641294,13,1,8,0,1,106,F,Minor,86,65,96,51,0,13,11
2,2036,8,3,4918,10,638779004,132,22,123,0,1,182,C#,Major,80,80,85,41,0,7,16
1,1955,5,6,2049,0,157348645,38,0,3,0,0,157,B,Major,91,44,62,0,9,11,9
1,2136,12,2,2248,37,351018870,28,67,36,5,3,101,G#,Minor,70,65,91,10,0,34,6
1,2142,10,18,2723,0,242348927,47,0,106,0,0,179,A#,Major,62,50,46,11,0,12,17
2,2062,6,16,6414,25,615321817,85,121,62,1,34,175,,Major,59,44,67,0,0,8,18
2,1944,5,25,622,0,47343492,24,22,29,0,0,92,G#,Major,56,7,56,6,0,58,6
1,1824,5,3,2509,0,233959064,57,8,296,2,97,160,G,Major,53,22,60,5,0,42,3
1,1895,9,8,1608,14,587460630,1,8,3,0,0,127,G#,Major,58,4,65,7,39,8,3
2,2183,4,26,310,2,246165424,4,34,11,1,1,147,D#,Major,52,13,44,65,0,12,3
1,2119,4,22,3041,6,597066222,44,53,141,1,35,171,G#,Minor,44,24,49,5,0,11,3
2,2111,5,7,1604,0,124649114,16,3,3,0,0,94,B,Major,69,39,51,57,0,11,39
1,1947,10,1,11127,0,375303555,132,69,233,0,0,142,C#,Major,39,20,16,76,0,10,4
1,1851,7,28,8334,34,837231138,172,92,400,14,59,141,G,Major,97,79,59,18,0,6,10
1,2030,6,11,1935,8,204116202,116,71,106,1,7,97,A#,Minor,71,85,61,33,0,21,7
1,1982,2,16,1442,2,157378880,59,6,47,0,158,91,F,Major,59,63,81,7,0,36,3
2,2086,4,27,1244,0,99271380,28,1,17,0,0,146,G#,Minor,83,90,60,13,0,11,6
1,1999,5,14,2002,0,52360229,2,0,4,0,0,84,E,Minor,70,29,65,24,0,7,7
1,1995,7,7,137,17,40026528,14,76,5,0,7,150,D,Major,45,20,61,1,0,13,3
1,1859,7,16,1542,0,191508909,21,15,13,0,0,78,C#,Major,37,22,33,45,65,10,6
2,2021,5,34,1297,43,188728334,18,155,35,11,126,143,F,Minor,85,84,71,28,0,13,5
1,1813,1,1,34282,68,1582782293,235,0,3871,8,0,128,F,Minor,52,42,63,10,0,11,3
2,1870,6,2,316,5,68350974,19,41,5,0,17,123,A,Major,85,5,32,20,0,14,5
2,2200,1,1,24732,35,1080601935,71,111,705,0,479,140,E,Minor,68,38,57,7,0,21,9
1,1950,11,31,2551,0,326051342,48,15,36,0,1,67,D,Major,84,12,44,0,0,39,13
1,2178,4,1,1164,0,190541837,22,0,30,0,0,146,C#,Major,68,39,51,15,0,11,13
2,1859,9,2,2207,0,344862597,109,11,35,0,0,114,G#,Major,74,57,82,10,0,14,9
1,2036,1,1,14165,60,1141975518,45,100,2225,5,201,76,E,Minor,66,24,67,22,0,13,31
1,1925,5,13,14828,6,2006201845,253,56,483,1,,152,F#,Minor,56,63,71,27,0,10,20
1,1918,4,20,3048,11,467378787,64,86,45,15,125,120,G,Major,55,23,36,41,0,13,3
2,2065,11,23,410,5,215413513,3,32,2,1,0,136,D#,Minor,64,69,50,36,0,11,5
2,1831,5,1,307,8,12952255,5,2,30,2,70,143,B,Minor,100,72,60,45,0,12,23
1,1924,3,31,334,2,150029261,29,2,31,0,0,127,C#,Minor,87,25,49,11,0,10,9
3,1860,5,29,4366,0,206254702,74,47,111,0,0,97,B,Minor,76,74,74,15,0,9,5
1,1985,2,21,1442,0,54317044,46,48,31,0,0,85,B,Major,48,34,81,19,0,11,5
1,2105,8,9,1279,2,312569216,29,2,5,0,6,84,F#,Major,62,83,67,39,0,6,4
1,2067,2,23,1391,0,55665536,45,46,33,0,0,86,B,Major,48,33,89,17,0,10,5
1,1834,6,2,266,18,60110004,8,109,5,0,78,97,F,Minor,89,71,72,10,0,8,31
2,2116,4,20,1197,37,114443075,31,27,40,5,46,94,G,Major,79,45,63,10,0,11,14
3,1842,7,2,258,0,34340276,5,16,5,0,0,148,A,Minor,74,28,52,17,0,20,16
3,2069,2,23,1179,0,98839905,32,3,16,0,20,150,C#,Minor,84,43,61,7,0,10,6
1,1871,10,19,3603,13,469810753,67,27,45,0,0,156,B,Major,46,4,53,7,0,6,3
1,1955,5,23,3471,0,804975991,20,22,100,0,8,170,A,Major,41,18,29,92,0,31,4
1,1957,3,22,1425,52,127062184,46,135,54,14,372,87,C#,Major,70,60,71,6,0,10,4
3,1897,1,5,2207,0,365275888,68,7,73,15,5,104,F,Major,62,42,51,63,0,31,5
3,2125,8,15,3346,0,351692738,66,3,71,0,3,120,C#,Minor,94,30,48,46,0,10,6
2,2207,4,1,1203,2,181141280,24,15,8,0,5,164,C#,Major,74,41,69,16,0,10,26
1,1874,5,13,2378,0,230634908,98,13,173,10,3,111,G,Major,58,79,86,0,0,11,6
1,2215,12,9,940,4,287947492,28,81,97,1,29,119,F#,Major,77,86,84,42,0,28,3
1,1875,10,19,44191,16,1348655201,34,0,5280,6,0,84,F#,Minor,58,87,83,2,0,9,5
3,2109,4,6,4412,67,165891789,136,101,230,10,861,130,G,Major,58,24,99,0,0,13,3
1,2105,5,23,377,69,84411860,8,97,5,0,61,98,C#,Major,86,73,81,30,0,12,14
2,2155,6,28,2623,0,242887505,16,50,46,0,3,90,F#,Minor,72,33,45,39,0,34,14
1,2140,5,22,3301,4,852888530,25,43,108,0,44,157,F#,Major,37,39,43,79,0,8,13
1,1873,2,13,850,2,159809403,13,60,49,1,34,115,D,Major,69,51,72,65,0,75,5
2,1964,9,23,7928,42,1218011506,212,117,309,25,168,122,D,Major,68,26,43,1,0,28,8
1,1908,7,7,3350,9,533003717,103,83,101,1,1,169,F,Major,79,61,80,15,0,14,21
1,2180,4,10,382,14,132127967,15,110,7,0,58,120,E,Minor,66,35,94,1,0,8,5
1,1929,11,9,948,0,65020111,3,16,2,0,0,146,F,Major,46,46,44,61,0,16,6
1,2103,12,23,461,19,186607794,4,12,5,1,2,170,D,Minor,85,68,50,57,0,13,37
3,2173,7,17,2246,0,261805969,83,4,243,1,6,135,B,Major,76,51,91,19,0,22,3
1,1949,8,9,738,0,180462810,39,9,23,1,1,150,D#,Major,64,31,40,80,0,9,39
2,2048,5,29,2023,0,209469374,25,1,41,1,0,78,F,Minor,68,37,87,2,0,54,25
1,2110,9,22,1409,6,181191403,27,6,21,0,5,102,D,Major,70,39,50,66,0,13,4
2,2164,4,7,886,0,75984895,23,0,55,0,0,170,G,Minor,61,48,68,35,0,8,8
1,2060,10,4,7439,2,989673901,5,0,884,0,0,160,C#,Minor,56,6,56,53,0,12,3
2,1895,13,8,958,0,92741953,7,27,3,0,0,158,A#,Minor,73,72,70,56,0,35,9
2,1834,12,10,2006,0,136495162,72,82,149,0,0,119,,Major,64,56,103,23,0,10,4
1,2081,4,14,2606,35,166348241,51,86,62,3,491,166,D,Major,55,39,83,0,0,12,5
1,2134,4,14,8367,0,741045467,223,46,248,23,22,99,A#,Minor,78,68,71,9,0,31,7
1,1853,1,1,7606,42,825958751,97,114,144,4,87,90,D,Major,56,49,75,0,0,13,4
1,2037,11,21,2376,2,376899237,8,20,20,0,1,113,D,Major,66,39,40,44,0,14,6
1,2077,11,20,1769,0,191580569,4,5,9,0,0,169,G,Major,44,51,77,41,0,16,11
1,1990,10,23,9127,0,395113737,48,28,1150,0,40,108,G#,Major,45,8,19,80,42,10,3
1,1933,4,9,2554,0,206085324,66,0,46,0,0,74,A,Major,68,33,31,55,1,10,4
2,1931,13,17,812,21,399928335,26,131,21,7,108,148,G,Major,58,81,60,29,0,7,5
1,2156,3,21,12171,16,916459106,61,104,859,2,119,90,F,Major,37,17,51,2,50,11,3
1,2073,2,17,2919,0,188898050,46,0,24,0,0,142,E,Minor,59,10,61,0,0,12,8
1,1888,6,19,9522,0,340154118,244,64,267,15,2,109,C#,Minor,65,83,94,4,0,24,8
1,2090,8,19,2517,24,712933097,77,55,51,0,9,144,F#,Major,59,22,57,49,1,31,3
2,1874,10,30,10298,20,1588849663,206,152,508,9,23,104,E,Minor,77,15,60,37,0,10,5
1,2097,5,16,246,4,201479428,4,114,0,0,6,87,B,Minor,61,55,74,22,0,11,21
1,2113,1,1,17590,12,2636031737,7,0,2121,0,0,92,G#,Major,66,15,44,15,0,11,2
1,2145,6,23,1713,0,120808417,36,0,23,0,0,138,F,Minor,63,24,59,15,86,10,5
1,1997,5,27,337,13,98313685,14,105,8,2,55,131,,Major,72,75,77,58,0,9,5
1,1975,4,9,4456,0,750076708,128,12,71,0,0,86,F#,Major,84,42,53,41,0,12,24
2,2200,9,32,147,6,65650089,10,77,2,0,41,143,F,Minor,72,87,73,59,0,8,9
2,2016,10,9,26201,71,2934022885,338,128,836,4,74,92,D,Major,69,87,53,55,0,7,5
1,2125,6,17,5604,0,182815083,72,87,58,0,12,114,E,Minor,50,5,65,12,2,15,6
2,1991,4,1,1213,2,182805213,22,16,9,0,5,187,C#,Major,74,42,70,16,0,10,26
1,1925,7,7,85,11,29306962,3,36,3,0,1,142,B,Minor,51,73,97,0,0,20,8
3,1994,11,5,3590,25,706319225,65,71,57,6,0,177,E,Minor,62,14,70,9,0,9,7
4,2021,13,1,10079,0,433174451,133,1,417,0,0,159,D,Major,33,38,64,33,0,78,3
1,2145,3,22,3061,31,180265154,108,63,115,3,653,117,D,Major,85,36,56,32,0,12,6
1,2178,1,26,1804,0,128318516,107,37,110,1,53,164,F#,Minor,60,61,61,13,0,18,27
1,2195,11,8,19503,52,2885268983,435,126,1713,0,,105,C#,Major,47,47,43,72,0,11,3
1,1924,1,20,7325,12,1015075773,108,68,1212,2,,162,A,Major,49,29,85,11,0,9,8
1,2144,1,7,836,0,134536511,14,0,33,1,0,113,A#,Major,69,34,33,93,0,27,3
2,1879,10,3,5517,6,599215557,112,124,98,0,3,180,C#,Major,68,27,52,5,0,23,28
2,1890,12,15,910,22,334129850,26,134,21,7,113,145,G,Major,50,78,63,29,0,7,5
1,2010,1,1,8403,0,678787543,165,5,605,0,5,103,F,Minor,60,31,62,1,0,8,4
1,1890,10,14,934,0,78272040,36,35,14,0,3,153,F,Minor,74,23,62,0,0,12,44
1,1988,10,4,6023,0,543723202,51,126,253,0,0,89,F,Major,29,30,62,48,25,20,12
1,1946,8,8,2652,34,479571424,48,63,45,5,6,156,E,Minor,77,64,52,4,0,28,13
1,2032,10,21,3316,8,539997770,70,31,87,5,31,118,B,Minor,69,96,88,8,0,14,3
1,1950,6,14,2366,55,52677946,0,0,105,17,0,135,G,Minor,65,90,83,11,19,7,4
2,1851,10,4,9583,6,702227548,234,110,259,0,5,113,G,Minor,74,42,83,3,0,9,4
2,2224,6,22,939,31,61128112,23,54,34,5,88,116,B,Major,71,62,64,11,0,28,5
1,1849,13,2,211,6,189598872,7,6,0,0,44,131,F,Major,53,16,40,78,0,11,3
2,2176,13,10,809,26,2752,19,112,21,9,71,156,A#,Major,47,70,67,18,0,12,4
1,1905,3,3,367,4,82598691,4,22,0,0,0,126,F#,Minor,67,63,86,0,0,35,3
1,2082,1,1,21190,14,1720751118,79,0,2738,0,0,116,F,Major,65,45,82,1,0,8,5
2,2072,2,6,331,6,301558293,9,22,3,0,0,90,B,Minor,78,62,58,7,0,6,4
1,2158,2,20,2653,0,179330319,39,0,26,0,0,162,E,Minor,64,12,61,0,0,13,10
1,1873,5,30,84,9,28993521,6,75,3,1,86,132,A,Minor,88,81,79,1,0,8,5
1,1865,6,23,4851,0,473438271,42,20,73,12,0,94,G#,Minor,99,71,60,30,0,10,17
1,2219,2,10,623,5,258542099,4,107,18,0,1,119,D,Minor,54,52,73,29,0,9,6
1,2119,1,7,1275,0,98457422,3,19,15,0,0,94,E,Minor,46,48,59,40,0,36,22
2,2108,9,24,6730,12,1088379919,0,0,0,0,0,98,A,Major,59,41,72,1,0,14,4
2,2081,3,16,2792,55,675512306,31,202,39,14,456,139,F,Minor,63,80,83,49,0,8,3
1,2084,3,23,1456,46,139502959,49,136,59,14,374,86,C#,Major,74,61,71,7,0,10,4
2,1907,6,27,281,33,47749244,21,172,13,8,182,154,F#,Major,61,66,83,35,0,11,5
1,2149,9,30,41291,3,2311792451,318,163,5811,7,18,71,,Minor,44,24,37,24,0,29,5
1,2049,10,12,630,4,221270005,37,98,27,0,0,106,C#,Major,54,29,96,0,0,9,11
1,1961,12,1,11888,0,381799830,130,74,271,0,0,152,C#,Major,36,23,14,89,0,10,4
2,1941,5,5,195,6,53325572,6,13,9,2,4,92,A,Minor,46,14,78,1,0,19,8
3,2112,6,21,310,27,79586737,10,177,9,4,0,139,F,Minor,70,90,70,22,0,44,4
2,1913,2,17,769,9,337972950,16,31,6,1,0,109,G#,Major,69,94,55,56,0,27,13
1,2187,11,15,2152,19,314045037,45,22,100,0,8,132,D,Minor,73,53,46,78,0,21,35
3,1947,11,4,2075,0,188351324,23,8,18,0,1,133,E,Minor,77,48,61,5,0,35,12
2,2064,2,1,902,2,196493676,47,0,92,1,1,145,A,Minor,78,55,56,4,0,9,9
1,2038,1,7,2055,0,127606390,7,47,15,0,0,132,G,Minor,77,59,55,2,0,10,9
1,2090,1,8,4744,0,352090181,81,74,138,0,,122,G,Major,70,97,74,3,0,7,10
3,2120,1,5,2052,0,323164635,60,7,66,17,6,114,F,Major,63,41,45,58,0,32,5
1,1845,9,20,2474,0,347564256,35,34,21,2,0,150,G,Major,69,36,60,6,0,8,7
3,1963,11,18,1264,0,122037602,30,27,18,0,0,97,C#,Major,75,66,74,9,0,12,5
1,1836,1,1,12121,65,1301743521,46,98,2504,5,185,76,E,Minor,66,22,69,21,0,14,30
2,2115,3,3,436,0,101386625,7,10,12,0,0,64,C#,Minor,57,73,76,61,0,10,42
2,1924,10,14,524,0,257797155,23,88,84,0,0,121,F#,Minor,76,65,64,28,0,12,7
1,1985,5,22,4802,1,311310552,79,11,65,0,1,113,B,Major,68,35,74,24,6,10,4
2,2166,4,27,862,4,59461822,18,12,29,0,44,129,G,Minor,80,36,73,21,0,9,4
3,2186,8,5,1946,0,175991170,52,1,49,0,0,134,E,Minor,69,20,42,7,0,27,8
1,2199,10,10,2065,9,414241475,54,24,31,0,10,158,B,Major,59,43,52,1,0,14,3
1,1958,11,9,1061,0,113535796,17,61,8,0,0,59,A,Minor,77,59,26,86,0,12,8
1,2031,4,20,6440,32,860681133,119,110,138,10,18,103,C#,Major,83,58,56,69,1,11,5
1,2116,3,3,635,6,117551846,24,109,0,0,60,127,D#,Minor,65,46,79,54,0,12,3
2,1918,10,11,2261,0,145564896,66,83,151,0,0,103,,Major,55,60,85,26,0,10,4
3,1916,1,1,322,0,88588400,4,0,13,0,0,138,F#,Minor,68,52,80,22,4,7,5
1,1901,9,17,7630,0,990580750,173,7,305,0,4,82,C#,Minor,80,54,80,1,0,5,24
4,2058,13,1,11582,0,477715898,141,1,364,0,0,161,D,Major,34,42,61,32,0,81,3
1,1837,6,9,5784,5,969858934,100,42,143,3,34,171,G#,Major,41,29,32,89,0,14,5
1,2022,7,8,89,10,30544257,3,30,3,0,1,154,B,Minor,51,73,81,0,0,21,8
1,1979,7,16,1540,0,185226406,22,15,14,0,0,74,C#,Major,36,20,31,40,58,10,6
5,2023,11,14,1961,16,210956558,22,7,30,2,0,97,C#,Major,73,78,84,17,0,7,5
2,1997,11,15,1618,14,217556998,32,14,34,2,47,111,G,Minor,86,66,77,8,0,10,5
3,1932,12,26,19015,0,545915588,133,17,1631,0,0,96,G,Major,83,77,90,3,0,37,4
1,2066,3,24,20883,5,1391989296,36,0,7645,0,0,101,A,Major,47,25,81,0,0,66,4
1,1854,2,24,484,10,148962300,14,88,31,0,297,116,D,Major,82,91,64,67,0,37,3
2,1869,5,14,1882,0,35468534,3,0,2,0,0,149,G#,Minor,49,49,34,83,0,11,35
1,2001,7,7,88,11,28527373,3,31,3,0,1,136,B,Minor,53,67,94,0,0,19,8
1,2172,1,9,263,0,78900391,2,11,11,0,0,135,E,Minor,59,43,83,8,0,61,6
2,1927,9,21,2776,11,321570914,50,30,61,2,0,99,,Major,87,20,87,0,4,32,9
2,2112,12,27,1681,12,349598764,18,4,15,1,3,86,C#,Minor,67,79,75,51,0,9,32
2,1923,12,11,823,4,197385529,23,3,0,0,0,91,C#,Major,56,62,75,13,0,30,9
1,1831,1,7,782,0,41476698,0,2,2,0,0,89,F,Minor,50,58,49,72,0,10,12
1,2006,10,12,544,4,215285130,39,91,26,0,0,105,C#,Major,56,31,98,0,0,9,11
1,2196,6,10,305,0,114839934,5,37,12,0,0,127,D,Major,58,29,49,47,0,24,4
1,1926,3,18,4872,0,930410830,63,83,462,3,12,124,C#,Major,71,88,65,0,0,18,4
1,1895,7,7,459,57,64057467,37,205,23,5,170,146,F,Minor,79,53,79,18,0,16,7
9,2123,8,11,1618,0,225455476,66,0,0,0,0,76,G,Minor,58,57,72,10,0,13,12
1,2117,6,10,487,23,314375683,9,113,4,3,2,99,,Major,78,42,57,31,0,7,3
1,2100,9,14,8590,0,685447948,195,99,157,0,1,203,G,Major,26,82,60,69,0,12,4
2,1892,11,25,1395,0,171315763,11,1,12,0,9,106,F#,Minor,43,36,71,8,0,9,22
1,2063,7,29,2635,0,158544574,38,47,33,0,0,133,A#,Minor,56,47,60,0,0,18,10
1,2095,11,4,3748,7,538191041,24,89,94,0,1,148,B,Major,62,21,67,4,6,14,4
1,1914,9,10,2483,13,840439555,45,102,123,0,,138,C#,Minor,75,37,58,15,0,13,25
1,2173,2,10,629,5,239202240,4,105,19,0,1,123,D,Minor,56,47,75,30,0,10,7
1,2018,1,1,49010,35,1938859517,324,153,6238,1,42,125,D,Major,56,70,76,0,0,15,5
3,2072,13,30,17800,0,572892316,118,18,1568,0,0,93,G,Major,74,71,87,3,0,35,4
1,2045,8,12,2870,2,359493594,36,268,79,0,141,118,B,Major,45,55,81,0,0,11,4
1,1997,2,6,767,11,251526666,28,19,15,1,4,109,G#,Minor,79,70,68,4,0,13,4
1,1962,4,26,297,11,93370521,14,105,8,0,53,148,G#,Major,82,37,90,15,0,17,9
2,1860,9,18,2802,0,165516400,114,60,33,0,0,101,F,Major,59,87,85,1,0,13,4
1,1821,12,8,762,0,50254611,0,9,2,0,0,139,B,Major,41,34,64,73,0,39,8
1,1913,1,14,2679,0,550146743,10,2,142,0,0,112,B,Minor,54,53,86,0,0,5,3
2,1933,6,22,784,31,70221936,26,62,29,5,90,121,B,Major,73,63,59,10,0,28,5
2,2179,5,14,3367,0,137598303,4,0,24,0,0,148,A#,Minor,53,48,85,20,0,10,37
3,1968,12,17,1314,20,232030804,38,20,54,4,86,101,F#,Minor,76,98,85,44,0,17,11
1,1999,9,1,2873,0,381075172,119,5,186,1,0,132,A#,Major,81,49,71,5,0,16,5
2,1992,2,17,718,9,296012410,15,35,6,1,0,110,G#,Major,64,105,55,54,0,28,12
1,1934,12,22,545,9,327556614,9,96,6,0,7,150,F,Major,42,18,38,70,0,12,4
2,1932,4,30,3130,17,655662111,62,23,63,1,0,96,D,Major,92,98,49,16,0,29,6
1,1864,1,7,1089,0,68757452,1,5,6,0,0,111,A#,Major,78,23,62,31,0,23,3
2,1986,1,26,4392,0,280463741,125,74,121,1,19,135,A#,Major,75,57,75,19,0,28,4
4,1926,6,14,2912,0,117667468,50,6,136,1,0,130,A,Major,82,89,73,30,0,30,4
1,2194,11,26,7989,7,942762718,44,19,145,0,6,83,A#,Major,59,49,73,67,0,14,4
1,1900,1,27,2127,17,138323327,86,24,108,7,417,118,G#,Major,59,25,86,0,0,14,9
1,1954,10,31,28749,0,2340082546,533,78,1686,3,8,126,B,Minor,82,62,78,1,0,10,8
1,1905,7,7,93,10,29896940,3,32,3,0,1,160,B,Minor,49,63,94,0,0,19,9
1,2075,6,18,5365,0,180473572,68,81,65,0,11,135,E,Minor,51,5,67,12,2,16,6
2,1957,6,1,2189,95,189418511,61,222,95,16,910,132,C#,Major,101,65,54,17,0,9,25
1,2034,1,1,7589,38,815209325,93,119,152,4,77,101,D,Major,57,52,73,0,0,12,4
2,1875,11,21,3901,38,548008038,51,81,74,13,211,157,F#,Minor,71,54,79,5,0,10,7
1,2145,13,19,1520,2,257638243,17,11,15,0,0,118,,Major,69,43,81,29,0,9,44
1,2032,13,9,2038,0,295844812,25,68,14,0,9,152,,Minor,73,36,52,42,0,16,5
2,1852,4,30,412,4,81367160,18,7,39,1,29,113,F#,Minor,74,71,56,42,0,24,5
1,2108,13,13,9610,0,791986847,224,96,454,0,,122,G,Major,46,57,64,5,0,32,18
1,1988,6,8,680,47,109634879,21,116,23,4,78,92,G,Major,57,60,55,3,0,40,3
1,2203,8,23,1362,6,172032208,25,6,18,0,5,95,D,Major,75,42,50,64,0,14,4
1,2010,3,25,608,0,48104018,23,7,12,0,78,105,G,Major,72,20,93,29,0,11,4
1,2223,9,12,301,6,323893523,12,83,1,0,8,103,F#,Minor,64,38,51,35,0,10,4
1,2108,9,8,1986,9,432253793,48,23,32,0,11,140,B,Major,61,39,52,1,0,14,3
2,1953,11,5,4322,0,569576623,70,19,81,0,1,93,C#,Major,74,71,78,4,0,7,5
2,1934,6,3,5686,15,618354261,88,21,80,16,39,98,F,Major,71,39,67,12,0,12,7
1,1952,7,10,6698,6,919820789,114,39,167,3,33,185,G#,Major,46,25,29,91,0,14,5
1,2114,6,25,4159,0,915606365,25,0,385,0,0,119,B,Minor,66,49,61,16,0,29,4
2,1874,2,19,4761,13,355595726,98,36,286,1,35,113,C#,Major,88,44,74,6,0,18,13
1,2113,8,15,419,9,226034037,2,132,13,0,1,139,G,Major,93,49,57,7,0,64,10
1,1976,12,9,2829,23,382418219,63,146,43,1,242,146,F,Major,52,42,59,15,0,10,13
1,2105,7,26,4519,0,379166614,23,6,102,0,0,130,C#,Major,80,21,57,1,0,26,18
1,1976,10,23,1065,0,111251319,4,0,9,0,0,178,F#,Major,43,7,26,77,1,13,6
2,1922,6,3,5481,13,648162146,90,20,81,15,36,100,F,Major,69,42,69,13,0,11,7
1,1993,2,24,2714,76,481130886,98,232,79,6,0,120,B,Minor,79,68,64,47,0,37,3
2,1919,6,8,1473,0,271464933,26,15,18,0,1,134,C#,Minor,84,41,68,6,0,69,6
2,1914,1,1,18186,40,1358747358,130,85,1019,1,495,126,,Major,46,84,88,9,0,5,22
2,1862,6,19,6198,28,652796178,82,114,54,1,37,153,,Major,55,44,72,0,0,10,18
1,2089,3,11,4131,42,909551493,97,108,339,17,162,116,F,Minor,76,66,70,2,0,7,5
2,2124,3,24,7264,84,813786959,195,117,303,39,104,97,B,Major,87,87,77,47,0,14,4
1,2011,5,21,2931,0,302732048,22,11,38,0,0,156,,Major,68,57,41,46,0,19,4
1,2062,8,13,516,43,17410390,34,124,42,6,202,125,,Minor,81,42,67,59,0,10,21
3,2171,11,4,1836,0,172711999,23,9,17,0,1,132,E,Minor,68,41,66,6,0,35,11
8,2217,8,13,1648,0,225534782,79,0,0,0,0,91,G,Minor,60,60,79,11,0,15,10
3,1946,9,29,855,0,1273553761,8,9,8,2,0,84,G,Major,69,58,71,24,0,42,25
1,2223,4,5,800,8,285337305,30,123,12,0,1,125,C#,Minor,69,55,70,0,0,30,4
2,2168,8,1,5832,0,590847894,179,52,194,1,19,119,B,Minor,74,47,74,19,0,26,6
1,1863,10,14,2427,2,368954162,39,251,71,0,134,131,B,Major,49,53,95,0,0,9,4
2,2120,10,28,3450,37,561115494,45,82,50,11,9,134,G#,Major,71,55,65,31,0,31,18
1,2202,6,2,626,7,154082937,13,1,9,0,1,102,F,Minor,85,64,89,52,0,11,11
1,2091,5,16,225,4,191862736,4,97,0,0,6,86,B,Minor,66,55,77,19,0,11,21
1,1943,3,22,409,19,172471656,4,78,5,0,5,111,G,Major,68,29,69,0,0,40,4
1,2010,4,8,3456,8,293319935,65,58,51,0,6,142,A,Major,50,28,31,43,0,22,3
1,2111,2,19,3176,0,197460947,40,0,23,0,0,151,E,Minor,71,11,53,0,0,12,9
2,1837,6,5,236,6,54746461,5,14,7,2,4,79,A,Minor,45,13,75,1,0,19,8
2,2047,2,23,21973,22,2301263139,303,203,2675,3,27,100,B,Minor,65,47,65,3,0,17,4
1,2087,1,1,35716,0,2490042437,347,134,4027,0,29,75,D,Major,75,57,42,48,0,17,3
1,2095,5,6,954,0,227916057,6,20,8,0,0,120,C#,Minor,88,65,59,10,0,44,13
1,1822,12,12,6855,0,1063171764,127,23,233,0,9,106,E,Major,55,5,28,90,0,10,3
2,1823,3,23,668,3,102505617,11,3,17,1,1,125,B,Minor,78,72,74,51,0,16,28
2,1859,4,22,2889,33,553256293,59,98,77,0,124,104,A#,Major,33,35,52,85,0,19,3
1,1871,12,17,1409,2,279948804,18,12,16,0,0,127,,Major,73,49,69,29,0,9,47
1,2224,5,7,888,0,268661081,4,14,11,0,0,116,F#,Minor,84,68,59,42,0,34,6
1,2154,4,31,2198,9,416950224,47,44,90,1,213,83,A#,Major,37,29,49,33,0,13,5
2,1926,12,17,848,0,153626790,13,28,9,0,0,131,E,Major,74,59,66,24,0,10,4
6,2151,13,23,126,4,1369804,13,80,2,0,0,108,G,Major,84,63,69,10,0,33,7
2,2067,1,1,16951,35,1373658571,115,86,963,1,473,140,,Major,49,84,90,8,0,5,25
2,1826,6,19,808,31,63829018,27,58,31,5,81,141,B,Major,73,63,63,10,0,28,5
1,1934,1,7,1268,0,62329768,1,5,6,0,0,116,A#,Major,81,27,56,32,0,23,3
3,2154,4,4,44354,24,2530149936,400,100,3951,0,23,110,C#,Major,75,39,65,1,0,38,5
1,1995,3,21,6411,7,1368729394,75,1,243,0,2,99,F,Major,43,26,44,61,0,32,3
2,1994,11,9,779,26,2720,22,109,22,9,71,166,A#,Major,51,76,67,18,0,10,4
1,2039,3,25,358,18,175224049,4,70,5,0,5,126,G,Major,56,29,75,0,0,41,4
7,2035,11,20,2649,0,448647603,104,97,48,0,,199,,Minor,54,89,43,33,0,11,8
1,1820,13,9,776,0,64714918,15,21,0,0,0,163,F,Major,71,80,67,26,0,12,11
1,1960,3,9,3554,12,613552211,35,104,102,0,32,99,D,Major,51,36,61,5,0,16,3
2,2015,7,15,1598,0,104568652,0,0,14,0,0,76,,Major,72,73,66,6,0,17,19
1,1900,6,3,1779,30,260036673,19,52,22,2,2,164,G#,Minor,66,63,61,25,0,16,6
2,1924,2,24,1598,0,158619804,33,19,42,2,0,103,,Major,66,33,83,46,0,35,6
2,2121,12,26,1531,12,338718600,20,4,15,1,3,87,C#,Minor,61,76,84,50,0,11,33
1,1908,6,32,1334,124,127562060,86,208,86,13,980,127,F,Major,49,34,51,16,0,28,6
2,2097,8,15,639,5,314129297,16,82,4,2,0,139,,Major,83,73,73,36,1,12,4
1,2017,6,21,9540,0,347874859,208,62,257,13,2,113,C#,Minor,65,93,83,4,0,26,9
1,2010,9,8,2325,4,249767066,98,103,78,9,190,100,C#,Minor,65,76,74,31,0,33,4
2,1918,11,18,3693,2,272439609,60,13,51,1,7,161,B,Minor,31,4,78,1,0,29,16
1,2101,7,18,2611,0,484688391,44,14,109,0,,86,,Major,66,56,45,20,0,13,8
2,2189,3,30,1583,0,85345686,21,0,19,0,32,82,G#,Major,74,85,62,50,0,22,35
1,2087,6,14,2281,58,59754159,0,0,111,16,0,124,G,Minor,65,100,94,12,19,8,4
1,2075,1,1,6889,0,1200308936,144,18,510,0,7,148,E,Minor,76,47,71,17,0,14,8
1,1916,11,21,4143,25,395537894,41,57,33,0,273,99,G#,Major,64,10,58,7,0,51,7
1,2188,5,6,3773,30,1119942534,37,64,41,6,2,97,G,Minor,73,24,47,13,0,5,5
1,1829,10,21,1239,0,198990017,1,6,10,0,0,92,F,Major,57,54,81,23,0,8,4
2,1945,6,23,919,34,66883543,27,60,31,5,79,140,B,Major,75,62,71,9,0,25,5
2,2166,5,5,3327,4,625548565,39,70,38,3,39,103,A,Major,79,43,87,2,0,25,8
1,1926,5,13,1454,0,45864371,2,0,10,0,0,174,C#,Minor,40,14,24,86,0,12,4
1,1998,5,21,2845,4,882643289,23,50,111,0,48,179,F#,Major,43,34,45,77,0,8,12
1,1883,5,27,6356,18,1448319296,0,0,815,0,0,149,C#,Minor,68,52,57,77,0,15,3
1,1927,5,13,1551,0,35010001,1,0,4,0,0,85,G,Major,39,57,39,75,1,43,42
2,1977,11,2,393,0,70543693,2,2,6,0,2,76,F,Minor,32,54,62,71,0,45,7
2,2090,1,16,376,0,147584760,10,0,42,0,0,147,D,Minor,84,79,54,67,0,9,7
2,1973,3,31,706,10,171159560,15,83,19,2,26,132,D,Major,79,55,63,42,0,8,4
2,2203,4,26,364,8,72631123,16,89,9,0,68,103,B,Minor,79,25,67,1,0,45,6
1,2210,6,19,19864,3,2086908122,250,95,2309,0,82,109,E,Major,58,19,35,65,0,10,5
1,2017,6,11,1821,9,225414019,127,78,113,1,8,87,A#,Minor,69,76,62,28,0,22,7
1,1929,6,22,345,20,42990128,12,15,18,4,85,94,C#,Major,62,41,72,34,0,29,6
1,1938,7,30,8673,0,956989293,127,141,301,0,,62,,Major,29,28,23,76,0,14,4
1,2209,3,23,1271,0,195399685,23,1,15,0,0,163,G#,Major,57,41,84,1,0,18,5
1,2180,5,21,3447,0,729715645,10,0,63,0,0,173,A#,Minor,71,65,62,24,0,7,13
3,1970,10,28,678,1,224397615,14,3,87,0,0,124,F#,Minor,90,52,55,35,0,13,25
2,2133,10,9,24451,84,3046709687,391,127,778,4,74,96,D,Major,70,86,45,55,0,6,5
1,2172,4,22,811,4,183112848,21,4,12,0,4,128,F#,Minor,100,71,56,11,0,57,44
3,1841,6,2,745,15,89986599,16,57,30,1,48,97,A,Minor,59,14,51,4,0,22,4
1,2130,9,28,20225,17,2134656858,366,79,670,3,40,115,,Major,73,60,75,23,0,10,4
2,2181,11,22,438,5,198701979,3,32,2,1,0,141,D#,Minor,71,77,48,35,0,13,5
1,2171,10,29,25529,0,2492719944,511,84,1406,3,8,124,B,Minor,74,66,83,1,0,11,8
1,1998,8,20,7843,5,1585617389,250,150,587,0,,124,F#,Minor,71,67,84,1,0,9,9
1,1980,6,7,488,39,50654086,72,115,44,1,144,131,F#,Major,65,81,72,6,0,6,3
1,2085,2,16,1415,2,143419342,66,6,44,0,150,91,F,Major,61,74,80,8,0,35,3
3,2072,6,2,1297,40,112203722,48,66,55,10,115,96,A#,Minor,70,19,69,6,0,11,5
1,2213,10,3,12764,7,1620225749,377,88,1008,16,,131,B,Minor,76,57,82,5,0,38,3
1,2087,4,21,2826,6,604948761,42,50,134,1,33,171,G#,Minor,40,25,44,5,0,11,3
1,2024,1,1,833,0,469520436,54,0,6,0,0,192,A,Major,53,81,54,38,0,19,4
1,2138,10,20,3331,9,542081820,82,32,77,5,28,122,B,Minor,74,88,93,8,0,13,3
1,2060,6,4,9212,29,1335426122,124,78,156,4,0,182,C#,Major,60,43,66,31,0,13,13
1,2126,10,21,3403,7,443758169,51,42,38,9,1,101,A#,Major,68,10,41,27,0,17,8
1,2098,1,1,21371,16,1001630545,100,69,5194,0,582,161,A,Major,42,36,58,6,0,9,3
2,1947,9,6,4259,35,696079756,66,79,93,10,16,93,C#,Minor,94,41,57,0,0,10,27
2,1977,11,19,3409,2,240552694,57,13,49,1,8,178,B,Minor,33,4,92,1,0,25,16
2,2039,6,1,298,8,12821535,5,2,31,2,65,130,B,Minor,97,68,68,41,0,11,25
3,1898,8,17,3438,0,341265804,72,3,76,0,3,113,C#,Minor,94,28,50,40,0,11,6
1,2091,11,8,22194,5,2130174590,266,81,2331,0,35,103,E,Major,65,54,34,89,0,30,41
1,2017,7,8,690,41,59935011,24,88,29,14,212,95,F,Major,63,28,73,38,0,11,4
1,1911,10,21,1609,0,206149956,10,3,11,0,0,117,G,Major,78,10,48,20,0,28,17
1,2140,5,2,5513,5,221254906,132,58,129,0,101,124,C#,Major,54,72,93,2,0,26,11
1,1978,12,9,2557,29,394643981,3,85,22,1,52,115,F#,Minor,63,43,52,15,0,10,5
1,1872,11,7,16592,50,2625678974,451,120,1822,0,,121,C#,Major,49,49,41,75,0,12,3
1,2197,1,8,833,0,32306131,1,1,3,0,0,116,A,Minor,43,25,47,80,30,14,4
1,1926,5,6,879,0,301533813,4,15,9,0,0,133,F#,Minor,87,70,65,45,0,37,7
1,1926,4,8,8041,0,732206928,161,32,129,14,11,109,G#,Major,96,31,57,3,0,10,9
2,1832,4,23,342,2,246069316,4,38,11,1,1,147,D#,Major,54,13,46,67,0,12,3
2,2181,4,27,3464,16,640152230,59,23,73,1,0,91,D,Major,87,99,58,15,0,27,7
1,2061,11,9,964,0,61539184,2,15,2,0,0,159,C#,Major,83,81,49,5,0,10,6
2,2209,3,28,719,9,156188217,14,97,20,2,26,140,D,Major,89,55,66,41,0,9,4
1,1962,2,11,583,5,234758368,4,109,22,0,1,117,D,Minor,50,46,69,28,0,10,8
2,1828,4,14,1441,4,103216267,0,0,0,0,0,154,A,Major,96,69,70,15,0,11,20
2,2038,12,1,5257,24,322131468,201,112,154,17,57,116,G#,Major,65,76,72,7,0,17,10
1,1925,10,19,4026,6,531067811,147,22,123,3,15,153,A#,Major,81,87,56,34,0,8,7
1,2022,1,2,1720,26,406955475,27,113,15,1,23,117,A,Minor,81,80,83,35,0,11,4
2,2068,2,31,5107,20,807488385,51,42,97,0,0,94,C#,Major,71,64,90,3,0,9,5
3,2160,6,2,1289,37,113343728,44,64,61,10,111,110,A#,Minor,73,17,66,7,0,9,5
1,1944,4,23,257,11,83820284,15,93,9,0,51,150,G#,Major,71,35,85,17,0,17,9
1,2158,4,20,2992,12,416007086,65,87,48,16,116,120,G,Major,55,24,41,43,0,12,3
1,1966,2,20,9880,7,868946857,77,56,188,0,10,171,F#,Major,66,73,76,48,0,11,6
1,2018,10,8,4879,25,711085685,19,44,0,0,11,145,A,Minor,57,19,53,10,0,6,4
1,2127,1,1,4912,16,677328097,23,98,122,0,41,149,G#,Major,46,26,68,8,0,16,3
1,2004,1,29,1391,0,162072521,60,4,51,0,0,101,B,Minor,67,52,41,74,0,11,3
1,2077,7,6,149,23,41927053,31,97,8,2,5,77,G#,Major,52,24,56,1,0,16,3
1,1949,3,33,2061,0,266185960,80,11,47,0,14,156,F,Major,63,60,62,2,0,55,4
2,1842,11,25,1454,0,114569827,48,9,56,0,0,94,G,Major,87,61,60,5,0,20,7
1,2193,1,18,4269,0,465045798,126,6,91,1,1,174,F#,Major,70,89,63,11,0,9,31
1,2097,1,7,2947,0,184792069,18,77,67,0,1,140,,Major,56,47,72,0,0,8,3
1,2180,12,9,2625,25,433421316,57,162,39,1,240,145,F,Major,60,40,50,13,0,12,14
1,2110,10,12,10567,0,1044592179,41,75,64,0,1,88,D#,Major,51,27,50,53,1,18,3
2,2092,12,4,1466,0,186020744,8,18,7,0,0,145,A,Major,76,35,39,2,0,43,57
1,1863,5,20,337,73,78229379,8,105,5,0,60,115,C#,Major,87,63,73,27,0,11,14
1,2199,3,25,1485,49,122275904,53,130,59,13,393,95,C#,Major,77,57,67,7,0,11,4
1,1880,1,1,5349,0,185566207,58,80,962,0,0,142,G,Major,71,81,73,18,0,35,5
1,1819,6,24,2855,3,439136218,38,86,41,0,5,109,A,Minor,75,24,66,57,0,11,5
1,1878,7,31,8124,0,1058330625,145,146,257,0,,68,,Major,29,32,23,76,0,14,4
2,2180,6,22,55,17,37846852,2,100,4,2,180,122,B,Major,74,72,58,35,1,15,3
1,2035,3,16,1984,48,134800263,53,114,59,1,0,97,F#,Minor,51,16,36,67,10,12,3
1,1867,7,25,6635,23,667556735,25,88,57,1,42,97,F,Major,49,39,63,53,0,9,3
2,1826,2,2,921,9,243498083,14,92,65,3,77,152,A,Major,70,63,72,36,0,32,21
2,2196,4,30,408,4,74970820,16,7,43,1,27,111,F#,Minor,74,71,54,39,0,25,5
1,1892,12,9,22342,5,1941063575,305,93,2498,0,37,93,E,Major,58,50,39,91,0,26,47
1,2214,1,1,20386,12,1215982301,348,63,1487,8,21,146,G,Major,63,104,81,5,0,45,17
1,2039,5,6,2117,0,428275568,28,44,22,0,5,80,F,Major,56,58,98,35,0,18,34
1,2116,1,1,430,2,101233734,0,0,5,0,0,143,F,Major,69,75,78,39,0,9,4
1,1868,6,22,1449,0,122779145,35,0,22,0,0,148,F,Minor,71,25,60,14,77,12,5
1,2127,10,1,3706,0,536269188,22,3,10,0,0,154,D,Major,55,87,86,51,0,31,4
1,2109,4,5,172,0,58113522,17,14,6,0,0,116,G#,Major,72,22,56,42,0,6,3
1,1969,7,10,6269,0,1027046575,135,34,164,0,,128,C#,Major,61,20,66,31,0,10,7
1,2061,5,12,201,4,177566498,16,5,0,0,6,132,,Major,53,13,37,78,0,10,3
1,2082,2,10,4039,11,485041990,109,44,768,23,,113,B,Major,79,85,81,38,0,11,4
1,1911,11,2,2486,39,365297516,31,61,31,5,3,97,G#,Minor,67,62,87,11,0,33,6
1,1916,3,3,6063,0,765189582,106,191,443,1,0,103,E,Minor,54,64,77,0,48,21,4
2,1881,10,25,1243,35,591127331,13,8,5,0,1,81,F,Minor,64,51,50,37,5,10,12
2,1905,3,3,426,0,88246777,7,11,13,0,0,78,C#,Minor,54,75,78,60,0,11,40
1,1899,3,17,4901,0,881987953,71,86,409,3,13,130,C#,Major,79,89,60,0,0,18,4
1,1916,5,5,777,0,38335851,40,3,28,0,55,168,F#,Minor,48,44,79,10,0,31,5
1,1931,5,21,2251,0,262524962,22,3,38,0,0,151,D#,Major,58,44,49,75,0,10,4
3,2207,3,32,286,2,125259728,12,2,4,0,0,99,,Major,84,87,84,28,0,63,15
1,1877,10,15,1662,18,499095656,54,114,60,0,2,102,,Major,81,73,71,0,0,20,4
2,2130,5,21,4958,6,1252779316,88,42,139,0,,172,D#,Major,30,11,32,64,0,12,5
1,1982,6,25,242,0,74838180,13,2,13,0,4,123,E,Minor,81,65,61,31,0,12,4
4,2213,8,16,2990,0,123388776,55,7,135,1,0,115,A,Major,83,97,71,30,0,31,4
1,1974,1,1,19379,13,1191754444,347,64,1294,8,19,165,G,Major,66,102,78,5,0,40,15
1,2099,5,23,3443,0,709553661,21,20,106,0,7,184,A,Major,38,20,32,90,0,33,4
2,1970,10,3,5843,6,545246151,116,122,90,0,3,172,C#,Major,66,30,51,5,0,24,27
1,2150,5,2,5848,5,220875696,123,50,116,0,106,131,C#,Major,53,62,87,2,0,26,11
1,2204,7,16,170,4,132671208,5,6,1,1,19,121,G,Major,74,32,43,43,0,10,3
1,2217,11,29,508,9,212244905,9,104,16,1,26,125,F,Major,53,22,70,0,0,15,3
2,1985,8,24,14505,0,1854697925,293,50,751,0,,147,D#,Minor,67,88,69,2,0,5,5
2,1877,5,7,2662,18,569880627,29,69,24,2,0,116,B,Minor,84,43,65,2,0,61,4
1,2014,3,8,3699,11,607241312,34,98,97,0,30,101,D,Major,63,37,53,5,0,15,3
1,1922,2,26,1102,0,289520951,13,1,15,0,1,92,C#,Minor,83,87,73,20,0,26,4
1,2011,8,1,834,11,284059631,13,145,9,0,1,101,A#,Minor,84,73,68,25,0,9,4
1,2041,4,22,240,11,125162173,5,79,9,2,8,82,G,Major,67,80,87,34,0,49,28
1,2187,1,1,21092,27,1252083026,55,73,1164,2,1,90,D,Major,73,87,63,4,0,9,4
1,1982,4,6,228,0,83139656,11,0,6,0,0,126,C#,Minor,71,24,45,23,0,8,5
1,2158,3,19,3050,18,730832972,156,80,234,25,0,169,,Major,51,58,63,10,0,48,6
2,1873,11,4,1359,0,175242654,10,18,7,0,0,166,A,Major,85,35,36,2,0,38,53
1,2123,7,10,11038,4,629133631,23,0,797,0,0,95,C#,Major,35,17,25,74,5,10,3
1,1936,11,8,2900,25,391567884,61,149,41,1,243,145,F,Major,58,36,56,15,0,10,14
2,1954,11,4,1445,0,154221126,9,19,8,0,0,162,A,Major,89,31,36,2,0,41,58
1,1926,1,7,2139,0,123195729,11,28,14,0,0,134,F#,Minor,75,38,73,0,0,20,5
1,1960,9,19,3743,6,530318343,134,23,139,3,17,137,A#,Major,79,83,48,34,0,8,6
1,1906,9,8,9383,30,1311342509,233,65,552,19,,140,D,Major,81,80,93,28,0,4,9
2,1851,12,5,78,0,137849244,10,103,0,0,44,92,A,Major,61,44,59,75,0,6,3
1,1820,1,1,34239,25,1684432182,142,87,2704,1,26,93,F,Major,58,42,55,16,0,22,3
1,1887,1,1,30874,22,1936795904,270,54,5061,1,49,170,D,Major,73,6,74,1,0,34,24
1,1908,3,32,286,2,134147985,28,2,30,0,0,120,C#,Minor,94,26,47,11,0,11,10
1,2080,3,6,6178,0,1036438896,101,46,608,1,,72,A,Minor,47,26,35,84,0,13,4
2,2172,11,4,1107,0,114372384,6,5,3,0,0,152,F,Major,88,58,65,0,0,12,19
1,2166,5,9,3035,3,791155728,21,19,113,0,12,196,A,Major,35,43,93,0,63,5,5
1,2209,7,7,508,40,54798867,70,113,44,1,152,112,F#,Major,71,85,75,6,0,6,3
1,2055,2,20,4978,4,951544358,102,118,219,0,40,129,,Major,55,60,49,57,0,13,5
2,2194,5,12,239,5,87527339,7,56,4,1,108,118,G#,Major,65,43,39,71,0,12,3
3,2156,8,26,3766,0,445112828,98,2,68,12,1,99,,Minor,77,66,62,0,0,15,4
2,1908,6,28,5841,34,1538272381,184,112,301,3,5,166,G,Major,81,45,62,14,0,10,31
1,1976,1,1,3282,0,118773427,61,36,38,0,0,112,F#,Minor,66,96,33,80,0,8,4
2,1871,3,3,502,0,95599189,8,11,12,0,0,67,C#,Minor,64,65,75,61,0,11,39
1,1884,1,1,8892,23,838480050,162,109,151,0,5,186,G,Major,41,48,59,51,0,15,10
3,2159,10,24,814,0,1129360859,8,9,7,2,0,82,G,Major,79,59,79,22,0,41,24
1,2086,1,1,31983,67,1479233588,226,0,4042,8,0,137,F,Minor,48,40,68,9,0,11,3
1,1918,9,5,2644,0,127905569,18,77,39,0,0,119,A#,Minor,76,32,76,1,0,28,4
1,1950,9,14,775,7,198389778,2,4,6,0,0,93,F,Minor,61,35,51,32,0,13,9
1,1831,12,7,571,4,138435796,21,1,65,2,0,128,F,Major,81,93,83,71,0,35,3
1,1858,5,21,3349,5,285199683,41,28,81,0,194,128,,Major,62,29,47,14,0,10,3
1,2123,5,5,693,0,38912286,35,3,27,0,50,178,F#,Minor,51,41,69,10,0,30,5
2,1844,5,1,304,13,99139403,13,107,8,0,52,108,E,Minor,79,35,96,11,0,12,5
1,2151,8,27,2936,0,169754210,38,48,34,0,0,119,A#,Minor,57,48,59,0,0,17,9
1,1915,2,24,2758,84,539058599,87,203,85,5,0,113,B,Minor,83,76,53,40,0,37,3
1,1965,5,6,4920,32,892035219,76,119,80,8,2,95,F,Minor,77,29,70,29,0,11,3
3,2212,6,2,275,0,37907872,5,17,5,0,0,148,A,Minor,84,28,60,19,0,21,15
1,2005,13,2,2091,39,317457648,31,68,31,5,3,102,G#,Minor,76,57,85,12,0,36,6
1,2037,5,24,586,0,74291142,16,16,6,0,0,104,F,Major,66,26,80,14,0,32,4
2,2093,5,29,8949,15,1376427315,150,116,346,8,0,165,D,Major,59,25,64,62,0,24,32
2,2112,3,31,725,0,58799293,8,1,13,0,0,98,F#,Minor,50,45,87,40,0,33,20
1,2222,2,12,625,5,222501688,4,105,20,0,1,122,D,Minor,55,54,80,27,0,11,7
1,2015,5,14,208,4,168915388,15,5,0,0,7,139,,Major,48,15,41,82,0,11,3
1,2035,6,28,1904,0,433283338,21,0,35,0,0,74,,Major,44,11,52,7,0,22,3
3,1925,5,13,4944,0,252086455,36,12,34,0,0,98,C#,Minor,70,39,72,33,0,17,24
2,1843,3,28,4530,16,636962424,33,63,132,0,25,112,A#,Major,32,19,68,13,0,16,3
1,1896,10,23,6403,0,527730766,144,91,235,0,0,144,G#,Major,51,63,86,0,0,19,5
3,1856,7,8,3074,21,563170678,92,37,65,1,2,156,F#,Major,70,64,71,21,0,10,8
1,2150,5,23,372,67,83776210,8,96,5,0,52,103,C#,Major,83,73,82,25,0,11,13
1,2151,2,18,2606,20,417753035,68,25,42,1,0,99,G#,Major,42,30,64,30,0,14,15
4,2021,3,15,822,0,181594611,29,0,44,0,0,142,D#,Minor,102,75,41,26,0,13,24
1,2187,5,13,1079,0,39300205,0,0,0,0,0,95,G,Major,45,81,41,90,0,9,9
1,2048,11,4,2569,0,485756629,5,1,57,0,0,112,G#,Major,72,7,51,27,0,9,4
2,2040,1,1,16358,35,1195664245,128,76,923,1,531,121,,Major,49,88,88,9,0,5,25
1,1866,13,9,1919,0,285313183,24,70,15,0,10,153,,Minor,67,31,54,44,0,15,6
2,2116,9,28,2367,12,312178843,55,7,55,3,1,87,F,Minor,72,67,79,6,0,10,5
1,1833,10,23,1281,0,129344957,4,0,8,0,0,165,F#,Major,46,6,25,90,1,13,6
1,1996,10,9,2143,10,428713179,50,25,34,0,9,147,B,Major,60,39,60,1,0,13,3
1,2054,8,31,240,0,70481228,12,2,13,0,4,139,E,Minor,85,60,59,30,0,11,4
2,2006,1,7,773,0,57911416,3,0,5,0,0,136,C#,Major,74,28,73,0,0,7,7
2,2040,9,22,1095,0,260906960,17,5,20,0,0,88,D,Major,64,76,66,26,0,12,5
1,2104,5,6,898,3,332256544,10,22,10,0,0,135,C#,Major,81,48,72,13,0,12,5
2,2131,12,8,1101,0,95117715,6,27,3,0,0,148,A#,Minor,73,75,67,51,0,30,9
1,2000,9,7,6398,0,471502881,162,76,318,0,0,126,G#,Major,72,50,72,2,0,11,5
2,2087,8,23,13924,0,1643217283,289,49,656,0,,145,D#,Minor,67,92,76,2,0,5,6
1,1828,1,20,2515,0,297338252,44,1,72,11,1,94,C#,Major,97,70,52,11,0,10,26
1,1892,1,30,1246,0,153209902,53,4,43,0,0,117,B,Minor,62,47,38,67,0,11,3
1,2200,6,31,80,9,34363795,7,76,3,1,85,130,A,Minor,75,83,82,1,0,9,5
2,1839,3,22,396,0,79084974,16,15,5,0,1,147,B,Minor,66,10,70,8,45,32,7
1,2050,1,25,121,4,166593198,4,7,0,0,21,110,D,Major,53,21,40,98,0,11,4
2,1936,4,27,5094,4,599439910,139,25,118,0,74,121,G,Major,79,70,70,0,0,12,4
1,2168,5,21,2106,0,249561203,20,3,40,0,0,149,D#,Major,59,41,53,72,0,10,4
2,2020,1,1,39159,23,1202036574,308,85,4554,1,62,126,C#,Major,79,64,75,3,0,10,4
2,2118,11,18,3727,2,248404688,63,13,51,1,7,159,B,Minor,32,4,84,1,0,29,16
2,1896,12,3,3835,18,588640222,161,34,116,18,0,125,A#,Major,79,87,77,34,0,16,4
1,2139,4,22,725,4,163039253,17,10,20,0,0,149,B,Minor,80,55,43,29,0,8,9
5,2124,5,22,199,8,56286721,3,93,1,0,57,103,G,Minor,74,93,71,31,0,8,4
4,1840,12,1,11428,0,442081531,127,1,427,0,0,143,D,Major,34,39,59,32,0,75,3
1,1913,6,16,16054,0,2207063141,199,37,680,0,5,80,B,Minor,42,20,51,40,0,33,24
2,2140,6,19,16034,2,2570564906,468,53,1727,1,7,124,A,Minor,71,70,57,4,0,8,3
2,2041,4,22,1070,0,94157142,34,59,30,0,0,108,A,Minor,62,10,54,1,0,54,3
3,1868,3,32,273,2,112686165,11,2,4,0,0,84,,Major,79,97,75,31,0,60,16
1,2160,7,13,387,0,96266419,28,66,187,0,0,135,G,Major,55,47,53,24,0,11,4
1,2195,8,9,829,0,186814248,40,8,26,1,1,126,D#,Major,64,31,46,84,0,9,38
1,1981,5,14,2141,0,225591653,102,12,181,12,3,116,G,Major,69,83,84,0,0,13,6
2,1927,3,3,315,0,58123254,13,37,1,0,0,158,E,Major,50,48,70,13,0,12,3
4,1959,5,21,3655,3,334993638,33,1,28,0,1,179,A,Minor,75,77,91,11,0,19,15
1,2163,13,13,8026,0,983935565,119,24,239,0,8,114,E,Major,52,6,26,83,0,10,3
1,2019,3,16,768,24,91666908,27,76,24,0,157,163,C#,Minor,71,69,71,6,0,10,8
1,2122,8,9,10521,32,1428399526,233,66,505,20,,129,D,Major,78,75,83,29,0,4,10
1,1923,6,11,6833,0,1141243633,114,34,141,0,,125,C#,Major,60,17,63,29,0,10,7
3,1972,2,23,1166,0,110343949,30,3,19,0,20,140,C#,Minor,88,41,68,8,0,10,5
1,2213,11,18,1634,2,258434715,16,12,16,0,0,116,,Major,76,50,75,27,0,9,42
3,1861,8,5,2209,0,175388366,46,1,52,0,0,131,E,Minor,70,17,44,7,0,30,9
1,2117,9,21,56959,15,1971797160,279,93,5062,2,116,149,C#,Major,32,22,93,0,0,11,8
2,1863,5,6,1692,0,121331504,14,3,3,0,0,102,B,Major,67,40,52,68,0,12,33
3,1875,10,18,1218,0,133482327,28,24,19,0,0,102,C#,Major,75,70,71,9,0,12,5
2,1848,6,25,285,8,43203717,10,6,27,2,71,118,F,Major,61,34,34,82,0,37,9
1,2029,6,1,592,0,148126178,6,51,11,0,0,104,D,Major,71,33,67,1,0,11,4
2,2125,12,9,4628,0,286989639,181,10,172,4,72,117,,Major,67,46,72,11,0,21,12
1,1896,11,2,2180,34,378995683,29,68,34,5,3,99,G#,Minor,67,66,88,12,0,32,6
1,2020,10,26,6899,0,464862304,145,94,273,0,0,176,G#,Major,52,68,80,0,0,20,5
1,2062,12,5,1743,9,1346238264,0,0,377,0,0,153,F,Major,70,93,75,6,0,27,5
1,1764,1,1,8665,0,242855758,131,30,50,0,1,158,G,Minor,74,88,68,85,0,7,9
1,2051,11,22,2560,4,419746622,19,27,19,0,0,139,,Major,68,17,36,66,0,13,6
2,1924,10,15,767,0,85055040,16,0,9,0,0,81,D#,Minor,68,25,54,6,0,50,4
2,2078,3,14,335,6,125861558,5,52,2,1,9,138,G,Minor,65,70,79,28,0,12,7
2,2122,8,28,172,6,74185719,11,81,2,0,42,147,F,Minor,79,82,77,67,0,8,9
1,1829,8,8,839,0,180942196,45,10,23,1,1,140,D#,Major,65,29,43,79,0,9,36
1,1963,6,10,5827,6,1011580002,111,45,154,3,33,157,G#,Major,46,25,32,91,0,14,5
1,2010,3,3,275,0,53333863,6,16,0,0,0,146,D,Major,52,50,73,10,0,27,3
1,2146,7,25,6701,24,599507948,24,79,57,1,45,85,F,Major,56,39,64,56,0,10,3
3,2113,7,17,298,6,388737504,25,92,4,0,0,101,,Major,59,43,55,62,0,10,3
1,2133,7,26,7053,22,573528957,27,82,67,1,44,91,F,Major,48,45,64,53,0,8,3
2,2200,6,5,203,6,48964998,6,14,9,2,4,84,A,Minor,45,14,73,1,0,20,8
3,1969,3,31,798,0,164347154,14,0,11,0,0,81,A#,Major,79,47,77,14,0,22,21
2,2119,3,27,723,11,168310994,16,95,19,2,29,138,D,Major,85,54,73,43,0,10,4
3,2127,6,22,6027,0,475717907,88,5,74,1,0,181,F#,Minor,71,82,70,12,0,8,16
1,1936,3,29,29981,1,2089745580,286,119,1430,0,5,148,C#,Minor,93,45,64,0,0,8,11
1,1830,11,30,35448,6,1364310205,184,131,6528,2,84,100,G#,Major,70,49,84,14,0,5,3
2,1944,6,2,25103,10,2062883620,489,113,2977,6,,133,A,Minor,79,54,77,4,0,8,10
1,2178,9,4,7094,2,1154853470,5,0,829,0,0,146,C#,Minor,48,7,60,55,0,12,3
2,1960,4,28,4575,4,707241672,147,24,111,0,71,123,G,Major,75,66,70,0,0,13,4
1,1853,7,19,4423,42,514880434,60,43,192,1,12,136,F#,Major,91,89,62,37,0,43,31
2,2219,3,16,2952,49,667412504,35,226,42,13,451,146,F,Minor,69,88,74,44,0,7,3
5,1929,5,2,194,0,30388356,3,9,3,0,0,95,F,Major,100,54,49,40,48,26,8
2,2093,3,3,327,0,63841922,13,35,1,0,0,152,E,Major,52,44,78,13,0,13,3
1,2167,8,18,3687,37,552249521,41,67,55,4,3,96,F,Major,84,57,57,9,0,29,7
1,2091,10,4,3443,0,291624255,20,87,125,0,2,83,E,Minor,61,21,45,92,66,11,3
2,1863,12,29,1740,11,401304644,20,4,15,1,3,90,C#,Minor,65,78,87,49,0,10,30
1,2011,1,7,704,0,32788855,1,1,3,0,0,99,A,Minor,48,22,51,71,30,15,4
2,1971,12,4,1627,2,187129257,25,53,9,0,86,121,G,Major,81,22,72,1,0,17,5
2,1998,10,30,11260,22,1720865603,172,150,543,9,25,118,E,Minor,71,14,55,43,0,10,5
1,2211,3,31,35532,1,1832133976,304,115,1485,0,5,145,C#,Minor,92,45,65,0,0,10,13
1,2082,10,21,1141,0,133333741,4,0,9,0,0,175,F#,Major,46,7,25,86,1,11,6
2,2187,1,7,1117,0,100574469,9,11,10,0,0,103,D,Major,81,85,86,10,0,29,17
1,2219,1,6,32418,11,3336939927,36,0,7210,7,0,103,C#,Minor,82,98,60,53,0,8,8
2,2011,6,11,11423,16,1310033670,22,0,357,0,,74,G#,Major,62,41,65,9,0,54,6
2,2062,5,6,2584,20,641005776,30,70,24,2,0,113,B,Minor,80,42,72,2,0,65,4
2,2037,4,6,739,35,176884226,18,107,22,10,211,151,F#,Major,65,38,67,39,0,11,3
1,2038,1,8,12889,3,1746293213,171,61,530,0,,138,A#,Major,56,20,39,76,0,9,7
2,2024,5,30,1381,37,182503752,17,140,34,10,134,133,F,Minor,89,86,64,28,0,12,5
1,2074,3,26,675,0,48597038,24,8,11,0,75,116,G,Major,75,22,80,33,0,12,4
3,1978,3,5,14934,0,1183373416,239,129,559,0,9,161,F,Major,53,77,59,17,0,8,3
2,2061,6,3,5184,14,651802272,96,23,80,14,40,98,F,Major,69,42,75,12,0,11,8
1,2001,1,1,17606,12,2519082313,7,0,2015,0,0,103,G#,Major,63,16,48,16,0,11,2
1,2095,1,1,34157,0,2086119244,377,135,3534,0,28,82,D,Major,74,64,49,47,0,16,3
1,2073,5,22,4809,1,316968747,75,11,66,0,1,118,B,Major,73,37,67,24,6,11,4
1,1862,6,31,8448,12,832603776,168,71,121,15,26,153,C#,Major,71,69,49,58,0,39,4
1,2084,1,1,31912,39,1808047588,192,2,3729,5,0,165,B,Major,45,29,72,0,0,22,3
1,1838,5,28,7152,44,1307312230,150,106,163,15,200,130,G,Minor,87,92,69,55,0,21,4
1,1828,13,9,2702,5,260216625,56,105,57,13,2,102,G,Major,38,27,29,79,0,20,3
3,1869,13,2,1906,54,313046814,18,108,18,2,243,88,G,Minor,67,18,72,14,0,11,5
2,1834,7,20,12406,0,650842116,190,63,505,0,10,128,B,Minor,85,60,86,2,5,7,8
2,1948,11,4,1807,0,152808753,28,8,15,0,3,98,C#,Major,72,24,58,1,0,29,8
1,1951,10,4,1606,0,244453091,42,42,33,14,0,145,G#,Major,42,16,49,38,12,29,5
3,2072,6,6,960,0,120418060,48,3,55,0,0,87,C#,Major,80,76,87,10,0,8,10
2,2008,4,19,5266,8,603714400,136,69,210,13,1,185,F,Major,69,56,70,22,0,8,31
1,1990,9,9,10969,31,1307285032,227,65,536,19,,141,D,Major,86,84,79,28,0,4,10
1,1902,5,6,872,3,345129348,10,22,11,0,0,141,C#,Major,90,48,66,13,0,12,5
2,1943,10,6,4497,37,618088366,66,72,96,12,17,104,C#,Minor,96,44,61,0,0,9,29
1,1923,6,24,394,19,48163311,11,15,18,4,85,89,C#,Major,70,37,82,31,0,27,6
3,2140,9,27,795,0,1128616965,8,9,8,2,0,84,G,Major,80,49,70,24,0,41,23
1,2023,13,10,2713,6,313080432,63,110,53,13,2,107,G,Major,36,31,26,80,0,16,3
1,1846,9,16,7353,0,968109769,165,7,315,0,4,91,C#,Minor,77,51,83,1,0,5,24
2,1820,9,21,1453,0,190541803,44,7,15,0,4,83,D,Minor,79,36,69,26,0,14,6
3,2008,7,1,671,4,192085331,0,0,30,0,0,158,A#,Minor,62,57,57,13,0,5,44
1,1850,11,25,6290,18,648215189,47,87,228,1,49,167,G#,Major,76,38,50,15,0,17,23
3,2175,5,16,165,6,70072559,6,75,1,0,31,97,E,Major,57,54,51,55,0,12,4
1,2211,6,25,8556,0,1429045373,211,49,488,4,,116,F,Minor,75,91,82,9,0,11,10
1,2149,7,25,8253,99,864768312,111,218,137,11,569,180,A,Major,54,60,70,11,0,11,14
1,2021,9,8,9862,31,1357999432,223,67,514,16,,130,D,Major,87,78,81,27,0,4,8
1,2044,11,9,2041,0,281414255,24,75,15,0,9,132,,Minor,64,36,55,45,0,17,6
2,2102,10,4,8640,6,702605190,247,114,242,0,5,108,G,Minor,69,48,84,3,0,9,4
1,2152,13,11,1049,0,176531173,11,0,10,0,0,168,D,Major,55,46,59,3,0,37,4
1,1826,3,22,3020,32,193186880,122,73,107,3,718,97,D,Major,71,40,49,30,0,11,6
1,1840,4,21,6073,32,928966109,123,94,152,12,21,117,C#,Major,94,48,50,61,1,10,5
2,2167,2,11,833,0,64513360,23,0,14,0,0,126,B,Major,82,71,68,6,0,13,5
1,2146,6,10,252,0,82680149,0,19,6,0,0,158,G#,Minor,56,64,88,4,0,25,10
1,2175,12,8,886,0,70876460,6,18,1,0,0,110,G,Minor,48,54,70,72,0,9,23
3,1896,11,26,19311,0,577126646,119,17,1620,0,0,92,G,Major,83,70,90,3,0,41,4
1,2055,1,6,31807,10,3237472096,34,0,6234,7,0,104,C#,Minor,89,93,71,58,0,9,8
2,1907,1,1,34682,20,1220398539,351,86,4464,1,56,127,C#,Major,78,54,73,3,0,11,4
1,2149,7,29,7689,31,804668983,164,86,440,14,55,119,G,Major,84,79,60,20,0,6,11
7,2170,6,1,1145,30,114308998,20,33,31,7,192,124,,Major,87,68,63,10,0,11,4
1,1970,1,7,837,0,54819991,1,8,6,0,0,85,A,Minor,27,10,48,62,0,50,5
2,1848,3,4,6445,4,700156045,174,38,477,9,38,104,G#,Major,69,96,63,17,0,34,4
2,1896,3,18,586,0,196466965,11,2,14,0,1,105,F,Major,84,76,74,39,0,28,8
1,1981,9,21,11461,0,1683397859,243,61,1237,2,71,129,D,Major,82,105,85,33,0,10,6
3,1967,5,28,4031,0,174234200,66,49,121,0,0,105,B,Minor,82,71,71,14,0,8,5
1,2103,2,20,8815,6,706741562,42,112,236,1,229,117,F,Minor,63,16,54,11,1,13,3
1,2091,10,21,1140,0,134021559,4,0,8,0,0,174,F#,Major,39,6,26,76,1,11,6
2,1925,3,13,327,6,119630657,5,46,2,1,9,152,G,Minor,70,77,72,27,0,11,6
1,2102,3,32,320,2,130858439,25,2,31,0,0,121,C#,Minor,91,26,48,12,0,9,11
1,2112,2,12,951,0,54571728,21,3,23,0,0,95,C#,Major,65,61,64,11,0,11,36
1,1922,4,20,783,4,207231697,19,4,14,0,4,120,F#,Minor,89,66,64,12,0,52,40
1,2222,5,14,253,4,197806439,4,96,0,0,7,85,B,Minor,61,57,79,21,0,12,19
2,1959,1,14,632,13,320954493,11,92,6,1,32,98,,Major,65,33,53,6,0,9,8
1,2114,11,27,7722,7,904170595,42,20,141,0,6,76,A#,Major,56,49,64,67,0,13,4
1,1878,10,21,4138,22,439458851,40,56,34,0,278,92,G#,Major,67,10,60,6,0,49,7
3,1951,1,1,11976,0,373392507,79,86,122,0,0,102,A,Major,21,20,23,92,0,37,3
2,2199,7,9,17629,37,2502242800,462,104,834,32,0,154,C#,Major,61,47,72,4,0,10,5
1,1962,6,10,257,0,81743028,0,20,6,0,0,167,G#,Minor,62,63,77,4,0,26,10
1,1886,13,10,1061,4,246460495,27,79,84,1,29,130,F#,Major,73,79,88,45,0,28,3
1,2149,7,8,73,37,29413722,7,150,4,4,37,121,E,Minor,80,48,76,47,0,12,5
1,1873,10,29,442,9,193349979,11,110,14,1,29,126,F,Major,52,22,77,0,0,13,3
3,1899,3,2,1136,34,160988011,9,42,20,0,1,91,B,Major,81,53,66,33,0,8,8
1,2045,5,25,536,0,216840834,20,23,14,0,2,90,D,Major,75,34,86,4,0,3,5
1,1805,8,5,31142,6,1599786267,136,23,8010,1,0,149,F,Major,57,19,46,80,0,11,2
2,1851,5,27,565,0,46944234,25,20,30,0,0,82,G#,Major,59,7,62,5,0,63,5
1,2203,11,18,1105,23,377019971,29,132,12,1,47,142,F#,Minor,87,19,63,3,0,11,11
1,1961,1,1,7089,0,1228142053,145,18,517,0,7,155,E,Minor,86,48,69,19,0,14,9
1,1944,2,11,3791,0,494479783,78,0,100,0,2,165,G,Minor,34,24,55,25,0,18,6
1,1963,8,5,2168,15,275750638,73,106,63,0,154,78,G#,Major,39,42,64,21,0,7,7
1,1764,1,1,3929,0,184764991,34,3,68,0,0,165,G#,Major,50,91,34,80,0,10,5
1,1884,5,20,1405,0,146333716,25,2,32,0,0,120,,Major,40,34,20,100,0,10,4
1,2040,5,19,2089,0,249051643,13,2,32,0,0,119,G,Major,60,19,55,61,0,5,5
3,2114,6,22,6777,0,529316313,93,5,66,1,0,159,F#,Minor,75,73,69,12,0,9,15
1,2143,5,20,1833,0,214577062,12,2,31,0,0,122,G,Major,52,20,55,70,0,6,5
1,2143,10,24,24841,6,1496895120,64,0,7047,2,0,110,D#,Minor,52,42,97,1,0,35,6
2,1822,6,2,214,0,23739088,3,3,5,0,0,132,B,Major,81,25,74,4,0,22,13
1,1924,9,13,11033,19,1289562297,249,89,698,21,9,151,F,Major,64,13,37,63,0,14,3
1,1863,9,4,3289,6,601113097,23,92,98,0,1,144,B,Major,57,21,72,4,6,15,4
2,2208,3,30,730,0,63987215,9,1,12,0,0,94,F#,Minor,46,45,75,41,0,40,21
1,2129,13,9,743,0,47001519,2,14,1,0,0,110,D,Major,57,52,53,63,0,15,8
1,2057,13,26,546,10,337958968,9,111,6,0,8,142,F,Major,45,19,41,65,0,11,4
1,2008,13,8,736,0,48987413,0,10,2,0,0,118,B,Major,49,35,64,82,0,42,8
1,1858,5,9,1565,13,400291330,25,72,46,1,176,130,E,Major,59,26,36,75,0,31,3
1,1945,11,31,44028,3,2002056355,346,172,5226,8,16,76,,Minor,42,21,39,28,0,32,5
2,2025,12,4,1084,0,110857935,6,5,3,0,0,152,F,Major,86,64,60,0,0,11,19
1,2046,6,28,94,8,34857992,7,74,3,1,94,133,A,Minor,77,86,71,1,0,10,5
1,2073,6,26,8148,12,873889084,161,67,129,16,30,153,C#,Major,63,67,47,60,0,35,4
5,1948,6,15,2204,0,282808044,41,2,40,2,0,111,C#,Major,90,54,74,8,0,7,7
1,2162,1,1,29832,47,1656757348,180,2,3879,5,0,170,B,Major,46,29,69,0,0,21,3
1,1865,11,25,6802,7,1033698137,44,21,141,0,6,77,A#,Major,63,50,69,60,0,12,4
1,2112,12,1,11764,0,381408993,138,72,239,0,0,129,C#,Major,40,22,14,91,0,11,4
1,1881,11,3,4246,0,366260524,66,89,41,0,0,103,G,Minor,51,39,36,52,0,10,16
2,1836,4,7,209,4,87862317,4,43,10,2,25,90,G,Minor,73,42,62,39,0,29,5
1,2031,11,21,9045,0,239072624,124,57,225,0,0,123,D#,Major,32,36,69,39,0,8,5
1,1946,8,26,3561,12,1016405960,7,0,199,0,2,142,B,Minor,71,19,27,75,0,11,28
1,1884,12,2,224,5,172762042,7,6,0,0,53,134,F,Major,50,18,40,73,0,12,3
1,1836,5,4,2866,2,556102442,16,75,0,0,5,95,A#,Major,79,55,75,4,0,5,26
1,1834,4,32,2629,2,372298522,29,2,35,1,0,190,A#,Minor,80,70,74,6,0,9,37
1,2103,4,8,2642,0,243670417,71,0,53,0,0,89,A,Major,68,29,35,57,1,10,4
2,2136,2,3,363,9,134801352,4,69,4,2,40,176,A,Major,52,87,59,8,0,6,5
3,1854,9,25,859,0,1264929475,8,8,7,2,0,77,G,Major,70,55,68,22,0,45,24
1,2200,11,4,1069,0,87428697,8,5,2,0,0,153,F,Minor,85,36,41,4,0,39,34
1,1921,4,23,6658,35,812098653,108,99,144,11,21,104,C#,Major,93,50,48,71,1,12,5
1,1871,7,19,684,4,171953159,12,17,11,0,0,113,G#,Major,61,40,68,15,0,24,43
2,1888,5,4,103,0,34225270,5,8,5,0,0,146,B,Minor,52,20,50,36,0,36,5
1,1930,6,25,4285,0,944044732,26,0,375,0,0,126,B,Minor,64,49,64,14,0,30,4
3,1973,7,13,421,28,12504116,17,31,26,3,203,98,,Major,80,87,90,5,0,6,5
1,1978,13,21,1232,21,436532478,27,130,12,1,48,136,F#,Minor,73,17,70,3,0,9,12
4,1952,9,26,952,0,123962700,21,0,41,0,0,123,E,Minor,89,51,75,32,0,8,33
2,1916,2,2,1270,0,146168692,33,1,29,0,0,114,G,Major,48,40,54,44,0,26,3
1,1887,5,21,2095,0,178531547,17,1,26,0,0,101,A,Minor,85,86,66,35,5,10,4
2,1908,10,26,1302,0,103865329,42,7,56,0,0,90,G,Major,89,64,59,5,0,18,7
2,2196,12,26,382,5,184183303,3,28,2,1,0,145,D#,Minor,74,75,44,39,0,12,5
1,2054,3,15,759,26,91041499,29,69,26,0,151,173,C#,Minor,69,71,80,6,0,10,10
2,1993,3,29,4013,15,769843186,28,66,129,0,24,119,A#,Major,33,16,68,13,0,18,3
1,1832,3,31,564,0,64520994,28,10,12,0,50,109,A,Major,69,41,71,18,4,20,4
2,2206,4,20,4742,10,644068012,135,70,216,12,1,168,F,Major,69,60,66,23,0,8,33
1,1850,5,14,1462,0,56680481,1,0,5,0,0,69,A#,Minor,55,61,48,79,0,8,37
1,2129,8,10,1907,0,627006078,34,21,110,0,,191,G#,Minor,61,63,62,89,0,46,38
1,1907,7,28,7223,11,581591578,198,95,321,25,22,105,G,Major,71,65,76,4,0,7,14
1,2019,10,26,6123,0,471100430,134,92,255,0,0,146,G#,Major,48,75,83,0,0,20,5
1,2029,10,9,21068,5,1990163914,273,87,2466,0,37,102,E,Major,61,56,36,78,0,28,42
1,2058,11,28,3422,20,557768675,61,49,149,1,103,134,F,Major,63,52,59,9,0,10,3
1,1917,11,21,10766,0,407544466,118,78,262,0,0,98,D,Major,53,76,84,37,0,31,3
5,2036,13,15,1710,15,209892154,20,8,29,2,0,101,C#,Major,82,66,79,16,0,7,5
2,2074,3,22,767,3,137795982,17,129,26,1,0,134,F,Minor,45,45,89,0,0,47,7
1,2191,1,1,20464,14,1748130009,74,0,2994,0,0,108,F,Major,68,46,91,1,0,9,5
2,1973,4,29,1262,0,109740161,26,1,17,0,0,165,G#,Minor,89,76,60,13,0,12,5
1,2064,6,32,88,8,34806855,6,71,3,1,99,127,A,Minor,88,92,73,1,0,8,5
1,2167,7,13,396,0,90981440,25,70,176,0,0,159,G,Major,56,46,48,24,0,11,4
1,1894,8,15,711,8,163800070,2,4,6,0,0,82,F,Minor,68,35,45,30,0,13,9
1,1962,12,10,882,0,62407308,2,15,2,0,0,145,C#,Major,83,79,47,5,0,11,7
1,2099,11,32,26705,0,2169109804,570,78,1490,3,8,122,B,Minor,75,64,84,1,0,11,7
3,2107,9,22,926,7,148172423,14,12,12,2,28,139,A#,Major,73,87,73,14,0,14,37
1,1878,7,9,11751,4,636488626,26,0,827,0,0,108,C#,Major,36,18,25,74,5,10,3
1,2038,1,1,7321,0,1027161346,155,17,474,0,7,160,E,Minor,73,50,63,18,0,14,9
1,2110,10,22,2144,0,183606143,11,6,27,0,1,145,E,Major,37,25,55,8,0,14,3
3,1883,13,2,1534,0,207382983,12,21,11,0,2,82,G,Minor,51,22,63,18,0,18,31
2,2049,12,21,16445,0,948219031,83,66,4335,0,0,81,F#,Minor,76,53,81,4,0,46,22
1,2043,1,32,17287,21,2760835817,250,115,3076,10,32,116,A#,Minor,81,68,75,4,0,22,11
2,1848,12,5,86,0,142854276,10,94,0,0,52,89,A,Major,60,44,55,76,0,5,3
4,1975,7,15,3198,0,112875263,59,6,132,1,0,117,A,Major,76,98,74,28,0,29,4
3,2140,2,5,1507,10,205870121,0,0,23,0,0,131,B,Minor,71,34,85,1,10,15,4
1,2046,9,16,4036,0,239917315,12,0,115,1,3,108,C#,Major,60,39,73,7,0,46,4
2,1830,5,29,2250,0,178257658,23,1,44,1,0,83,F,Minor,73,37,78,2,0,47,23
2,1889,1,1,24181,31,1117746533,67,119,717,0,432,156,E,Minor,68,36,54,7,0,22,10
2,1891,4,4,305,8,120651478,8,74,4,1,1,140,A,Minor,81,86,78,32,0,8,4
1,2135,2,11,3824,0,456425432,73,0,106,0,2,181,G,Minor,34,21,61,24,0,20,6
1,2201,4,8,8893,0,689725101,169,33,136,15,13,104,G#,Major,83,32,59,3,0,10,10
2,2132,2,12,864,0,62351051,23,0,14,0,0,139,B,Major,88,76,69,7,0,12,5
1,1863,1,20,2351,0,258745600,52,1,68,11,1,91,C#,Major,85,68,48,10,0,9,24
1,1868,7,5,2094,15,273749881,77,92,55,0,141,90,G#,Major,36,35,60,20,0,6,7
1,2086,10,26,26455,6,1737855454,65,0,6607,2,0,113,D#,Minor,60,44,91,1,0,34,6
1,1886,9,4,4077,25,866303086,120,188,3,0,,121,A,Minor,74,33,72,6,0,12,4
1,1964,6,2,274,18,68214619,9,109,5,0,75,114,F,Minor,93,67,83,9,0,7,32
1,2041,1,1,28708,45,2166996243,184,91,3181,11,144,132,C#,Minor,61,48,72,6,0,12,4
1,1929,8,9,1232,2,315732622,33,2,5,0,6,76,F#,Major,59,83,69,40,0,7,4
2,2028,5,25,360,2,56050712,1,0,9,0,0,110,F#,Minor,71,29,41,78,0,10,3
2,2018,3,10,3249,0,298336947,75,2,48,10,0,128,G,Major,75,65,64,17,0,10,22
1,2165,3,3,352,4,81188281,4,20,0,0,0,126,F#,Minor,64,63,84,0,0,36,3
1,1848,3,10,529,0,56467824,9,4,4,0,0,100,D,Major,82,34,81,15,0,13,4
2,2190,2,2,185,4,89127532,7,75,2,1,1,128,G,Minor,76,82,63,22,0,11,4
1,1986,11,9,945,0,94928291,6,21,3,0,0,79,,Major,65,19,18,78,0,10,5
1,2101,12,9,993,0,61482836,5,9,1,0,0,98,D,Major,50,45,72,10,0,33,4
2,1910,2,22,420,10,92271940,10,15,14,3,1,152,F#,Major,83,72,80,38,0,11,31
2,1991,9,14,709,0,93041520,17,0,9,0,0,90,D#,Minor,62,25,49,6,0,49,4
2,1899,6,21,260,10,36189912,9,6,25,2,77,137,F,Major,62,38,35,76,0,38,10
1,2022,5,22,5091,6,1064736829,183,138,214,0,5,106,G#,Major,80,67,35,0,0,6,12
3,1903,3,2,1280,34,132373353,10,42,21,0,1,90,B,Major,88,49,71,35,0,8,8
1,2092,7,24,1798,0,397805365,3,0,26,0,1,86,D#,Major,49,44,81,7,91,9,3
1,2062,9,32,9595,4,1220997508,42,74,368,0,3,90,A#,Major,54,31,50,6,16,11,3
1,1992,11,11,295,6,311452676,11,88,1,0,8,98,F#,Minor,74,36,50,38,0,10,4
1,2209,8,27,243,0,76872035,11,2,14,0,4,128,E,Minor,78,66,62,31,0,11,4
1,1870,6,10,2029,8,226704591,113,70,102,1,7,93,A#,Minor,61,81,69,29,0,22,7
1,2140,7,5,29697,7,1688911830,132,25,8288,1,0,145,F,Major,56,19,41,79,0,10,2
1,1989,10,20,2547,2,369752009,7,17,18,0,1,113,D,Major,76,42,39,42,0,14,6
1,2077,1,1,9296,0,631057164,183,114,307,0,0,151,F#,Minor,71,83,59,51,0,9,4
4,2198,6,2,1022,15,117225971,33,39,28,0,192,135,,Major,61,23,50,50,0,11,9
1,1982,1,1,19111,25,1308788319,76,48,2983,1,16,104,F,Minor,91,82,68,3,0,4,6
1,2168,11,17,21764,35,2224516501,479,106,1232,13,,92,,Major,51,52,83,11,0,37,5
7,1964,8,11,1526,0,242108223,71,0,0,0,0,76,G,Minor,60,63,78,9,0,14,11
2,2047,7,10,10571,18,1454895192,22,0,374,0,,86,G#,Major,68,38,62,9,0,54,6
1,1914,5,26,13393,18,921755191,125,118,397,6,274,74,B,Minor,68,49,59,3,0,20,10
1,1984,1,8,2692,6,407549149,12,84,36,0,3,136,A,Minor,76,60,60,4,0,16,3
1,2127,12,2,3180,57,404157259,96,62,157,8,565,199,A#,Minor,59,73,41,58,0,9,7
1,1942,3,24,1363,11,164222211,59,93,38,0,388,100,G#,Major,64,62,56,18,0,12,3
1,2092,7,15,3441,7,235053867,38,0,152,2,66,160,G,Major,75,91,83,9,0,8,12
1,1848,1,6,4716,0,353753522,75,71,138,0,,121,G,Major,63,88,80,3,0,7,10
1,2062,1,10,255,0,67207542,0,4,25,0,0,138,G#,Major,41,69,94,0,0,24,5
2,2176,5,11,3192,0,293710771,40,28,46,0,0,121,,Major,53,41,74,4,0,11,30
1,2204,1,8,820,0,53318597,1,7,6,0,0,73,A,Minor,24,9,48,63,0,52,5
1,1957,1,18,899,22,169509189,12,24,8,1,7,192,E,Minor,65,93,62,27,0,19,7
1,2145,2,24,1075,36,167266165,15,76,24,10,172,99,F#,Minor,95,60,73,19,0,15,7
1,2087,3,30,23619,141,2510102120,390,216,903,47,,169,F#,Minor,51,67,74,35,0,30,6
3,2002,12,2,3033,17,409129591,40,72,35,0,33,124,F,Minor,71,47,58,15,0,18,21
1,1974,4,1,1246,0,201879759,22,0,34,0,0,147,C#,Major,67,40,57,16,0,10,13
1,1981,13,12,9689,0,832250332,254,113,432,0,,142,G,Major,45,55,62,5,0,29,17
1,2070,8,1,601,0,164653718,6,53,11,0,0,99,D,Major,83,31,78,1,0,12,4
2,2083,5,16,1094,24,63670500,41,14,52,2,3,90,G#,Major,77,58,58,11,0,11,23
2,1890,4,8,15530,0,1498375208,349,67,494,0,11,106,G#,Major,81,74,61,30,0,12,3
1,1924,11,8,891,0,84070958,7,21,3,0,0,75,,Major,58,18,21,79,0,10,5
1,1951,10,1,4341,4,734888275,65,108,142,20,475,201,A#,Major,31,26,55,65,0,18,4
1,2089,1,1,427,2,108392335,0,0,6,0,0,146,F,Major,75,74,75,40,0,9,4
1,2200,6,24,4757,0,524829112,40,19,79,13,0,101,G#,Minor,87,76,69,35,0,8,15
1,1957,6,23,269,26,73752832,16,134,10,5,168,141,G,Minor,81,104,90,9,0,9,10
1,1830,6,27,7167,35,794931792,193,82,430,16,52,128,G,Major,85,85,68,18,0,6,9
1,2181,8,2,1012,0,144968501,11,1,8,0,0,134,E,Minor,72,28,80,9,0,55,22
1,2049,1,8,4518,0,296310607,77,78,124,0,,130,G,Major,71,85,83,3,0,7,10
4,1800,11,1,11382,0,479617607,140,1,362,0,0,140,D,Major,35,41,58,31,0,80,3
2,1859,3,24,16466,8,1826420357,216,13,545,0,60,98,F#,Minor,72,83,82,1,0,7,5
1,1865,4,20,292,25,77828367,6,38,6,6,200,146,A#,Major,59,53,43,65,0,9,6
2,2087,2,23,22548,20,1996464108,366,184,2698,3,28,106,B,Minor,66,46,59,3,0,18,4
1,2161,13,8,768,0,48094295,0,9,2,0,0,135,B,Major,49,36,65,74,0,43,8
1,1968,5,14,15004,6,1888572215,275,59,422,1,,180,F#,Minor,57,71,69,27,0,10,17
2,1875,3,17,1161,12,123482128,47,31,26,1,165,165,C#,Major,76,47,43,2,0,10,47
1,1988,4,19,232,13,117545927,6,82,10,2,9,93,G,Major,72,82,85,30,0,43,30
1,2104,1,1,970,0,457690345,46,0,6,0,0,175,A,Major,52,95,57,33,0,20,4
1,2151,5,20,3393,0,730687029,20,22,96,0,6,167,A,Major,41,19,31,92,0,35,4
1,2149,3,22,1348,12,165074659,60,106,32,0,455,101,G#,Major,76,66,63,20,0,13,3
2,2213,3,4,6159,4,805379978,174,43,459,8,38,88,G#,Major,72,91,72,20,0,33,4
1,2186,2,6,802,10,268008055,25,18,15,1,4,131,G#,Minor,89,78,66,4,0,13,4
1,1871,9,12,1401,12,193995717,27,34,24,1,0,198,C#,Minor,64,55,84,5,0,6,24
1,2162,4,10,340,15,113368116,15,105,7,0,50,123,E,Minor,64,35,97,1,0,7,5
1,2104,1,1,7893,45,718833489,89,112,160,4,79,86,D,Major,55,46,78,0,0,13,4
2,1982,7,17,1466,0,117823680,0,0,13,0,0,77,,Major,73,73,70,6,0,17,19
3,2028,4,28,5750,14,517233917,136,88,70,0,33,85,C#,Major,47,36,62,32,0,7,31
1,1877,5,6,9263,41,1237589954,115,127,148,15,152,99,F,Minor,69,18,66,11,0,14,25
2,2032,2,11,6623,28,759661023,136,100,164,5,31,94,E,Minor,91,85,68,8,0,14,7
2,1882,11,21,686,16,248896772,18,54,17,5,51,90,B,Major,78,94,55,53,0,5,2
2,2173,11,6,5095,39,678707295,64,87,85,10,16,101,C#,Minor,90,41,61,0,0,10,31
1,1969,1,1,14301,41,1105441313,96,113,2183,5,492,98,D,Minor,64,44,68,0,0,12,3
1,2189,12,10,20819,37,1786865868,79,60,471,0,15,110,A#,Minor,75,44,55,28,0,6,34
1,2076,6,25,2250,0,388195363,15,0,0,0,0,100,C#,Minor,69,4,56,12,0,20,4
1,2164,11,30,450,10,219121295,11,103,15,1,27,114,F,Major,52,22,80,0,0,15,3
1,1941,4,15,8916,0,670133271,245,45,272,23,23,99,A#,Minor,89,72,74,9,0,33,7
1,2203,8,7,159,25,42484611,33,92,9,2,5,88,G#,Major,49,20,55,1,0,14,3
1,2082,6,5,6438,12,430348525,3,1,38,1,39,104,F,Minor,58,54,93,0,1,11,4
1,1957,5,10,462,25,302649162,8,111,4,3,2,93,,Major,82,39,59,31,0,7,3
1,2096,1,7,2770,0,220472008,17,81,63,0,1,142,,Major,49,54,72,0,0,8,3
1,2130,3,24,224,0,131449626,5,0,4,0,1,92,E,Minor,72,69,47,45,0,12,3
2,2200,1,28,7723,0,675081619,101,37,144,0,0,110,G#,Major,96,80,88,3,0,16,11
1,1885,5,18,2995,50,273938467,82,138,80,15,420,138,A,Minor,67,24,88,13,58,11,6
3,1904,3,2,1310,37,133931008,11,44,18,0,1,91,B,Major,75,57,72,31,0,10,8
2,1849,8,23,574,4,310660215,10,46,3,1,0,98,G,Minor,81,61,55,28,0,11,13
1,1836,1,1,19557,12,1479550468,86,0,3043,0,0,109,F,Major,64,42,81,1,0,9,5
1,1861,10,22,2705,0,306900368,39,34,20,2,0,149,G,Major,67,35,57,6,0,8,6
1,2003,1,1,3315,0,128138019,64,37,42,0,0,111,F#,Minor,62,87,38,78,0,8,4
1,1996,12,2,324,2,135896751,2,70,15,0,2,165,G#,Major,46,46,80,3,0,12,9
1,2024,8,12,2500,2,404216252,37,275,80,0,150,125,B,Major,45,55,95,0,0,10,4
1,2137,11,3,4176,0,382922383,60,94,46,0,0,97,G,Minor,53,39,42,52,0,11,16
1,1877,1,1,40801,1,1604530001,228,161,6638,3,106,113,F#,Major,43,61,86,9,11,10,5
1,1893,5,18,2049,0,155232892,74,11,116,0,43,144,A,Major,71,22,62,17,0,18,5
1,1929,5,6,2117,0,153617165,37,0,3,0,0,145,B,Major,85,45,71,0,11,11,8
1,2051,3,30,13963,10,1286533796,126,5,602,0,0,145,B,Minor,31,45,72,0,0,9,4
1,1994,3,28,9543,0,737150333,223,82,490,1,1,93,F#,Minor,67,88,87,5,0,32,8
1,2017,8,9,848,0,189145859,39,9,24,1,1,151,D#,Major,69,33,47,85,0,8,42
1,1901,12,10,633,0,51184533,2,15,1,0,0,108,D,Major,58,47,59,68,0,16,7
1,1906,13,9,945,0,60835785,5,10,1,0,0,92,D,Major,58,48,67,8,0,37,4
1,1904,12,26,3293,3,475850921,27,3,51,0,1,126,D,Major,78,52,99,24,0,14,20
3,1901,6,22,6062,0,483472306,98,5,70,1,0,176,F#,Minor,72,72,66,12,0,9,16
1,1858,11,2,196,6,185817549,8,6,0,0,48,136,F,Major,56,19,45,76,0,10,3
1,2215,7,15,15133,0,2105647783,206,32,690,0,5,92,B,Minor,48,23,47,37,0,31,25
1,2105,5,26,24408,4,2109594367,120,98,2055,0,18,125,,Minor,37,11,53,9,0,15,7
1,2190,1,27,2247,15,132632424,92,26,100,7,413,126,G#,Major,62,27,88,0,0,14,9
1,2039,3,11,4310,44,840320732,104,118,330,18,166,109,F,Minor,75,64,73,2,0,7,5
2,2140,5,11,3144,0,278277047,44,28,44,0,0,114,,Major,53,39,77,4,0,12,31
2,2137,3,24,914,3,125163460,17,129,24,1,0,131,F,Minor,45,39,101,0,0,41,7
2,1962,9,24,12054,80,1184033842,278,199,500,45,665,132,G,Minor,58,42,101,4,0,38,4
2,2103,4,32,1308,0,113996394,24,1,17,0,0,147,G#,Minor,85,78,67,12,0,11,6
1,2181,7,19,571,4,201844098,13,19,13,0,0,93,G#,Major,63,42,68,13,0,24,40
2,1973,13,26,3383,0,210559484,82,20,70,0,0,114,,Major,67,69,81,4,0,51,3
1,2112,3,23,383,20,176439535,4,68,5,0,5,131,G,Major,61,34,73,0,0,40,4
1,1948,12,8,1018,4,286346895,31,77,89,1,28,117,F#,Major,69,79,81,41,0,27,3
2,2150,6,2,27717,10,1870501591,580,122,2715,6,,124,A,Minor,76,61,89,4,0,8,12
1,2112,5,16,434,30,92150808,11,117,7,0,148,118,E,Minor,83,65,88,3,0,27,5
3,1965,1,1,11395,0,412216087,69,76,130,0,0,98,A,Major,23,19,27,88,0,42,3
2,1835,9,29,157,6,72048367,10,79,2,0,40,135,F,Minor,86,92,67,63,0,8,10
1,1986,4,9,1181,0,92812612,31,9,14,0,1,181,D,Major,66,21,59,2,0,11,36
2,2160,5,28,2309,0,211811090,23,1,44,1,0,89,F,Minor,75,41,87,2,0,46,27
2,1876,2,26,1611,0,151982684,25,1,18,0,0,100,D,Minor,84,24,71,2,0,9,4
1,2031,5,6,1024,4,190117409,16,53,1,0,62,151,F#,Major,51,54,67,53,0,14,3
2,1825,1,7,647,0,57596455,17,3,3,0,0,118,F,Minor,82,81,49,15,0,14,28
1,1913,1,20,7281,13,981689167,110,66,1157,2,,182,A,Major,47,26,82,11,0,10,9
6,1936,2,27,894,0,118949697,37,37,33,0,0,108,A,Minor,96,69,77,13,0,9,16
4,2163,6,9,2100,0,144381967,31,0,30,0,0,110,G,Major,89,16,52,1,0,8,6
1,2051,7,14,13702,0,2435299996,206,32,751,0,5,84,B,Minor,43,20,46,38,0,34,22
1,2065,7,14,869,97,31670394,78,248,92,26,1149,72,,Major,48,13,9,93,0,10,3
1,1943,9,8,2096,10,447136229,56,24,33,0,11,131,B,Major,59,42,57,1,0,13,3
2,2056,11,4,1115,0,99768492,3,8,5,0,0,130,D,Major,70,10,54,1,0,23,25
3,1928,11,2,6427,82,886707416,121,160,251,23,26,89,C#,Minor,67,18,59,35,0,8,5
1,1981,11,4,1652,0,243801399,37,44,39,16,0,143,G#,Major,49,14,53,39,14,26,5
1,1986,11,22,2625,62,1495457616,68,22,23,0,275,144,C#,Minor,61,49,50,9,0,15,7
4,1846,8,3,6050,6,1115400142,119,88,545,21,10,83,B,Minor,75,56,79,22,0,43,29
1,2147,9,23,37527,7,1218677588,142,71,6154,5,75,99,G,Major,53,12,34,1,0,12,4
1,1955,10,4,3765,23,944079634,146,170,3,0,,108,A,Minor,69,33,68,6,0,10,4
1,1828,10,21,9792,2,1920163228,273,64,1065,1,21,99,B,Major,73,62,35,88,0,8,5
1,1880,9,3,13440,7,1638920028,321,106,943,14,,127,B,Minor,88,55,89,5,0,36,3
1,1971,3,19,6325,7,1183658982,75,1,247,0,2,98,F,Major,45,25,44,68,0,30,3
2,2041,3,31,2845,41,356069271,39,97,52,15,177,96,B,Major,80,62,67,14,0,12,17
2,1942,8,28,12219,88,1104358723,316,191,511,45,777,118,G,Minor,54,39,104,4,0,33,4
1,1950,10,4,7442,2,980729956,5,0,845,0,0,150,C#,Minor,48,7,57,56,0,11,3
1,2170,12,2,376,2,128699762,2,72,15,0,2,158,G#,Major,45,38,84,3,0,12,9
1,1933,4,20,6145,37,908254381,107,113,161,11,22,121,C#,Major,82,55,54,66,1,10,5
1,1930,5,14,2006,10,351130679,37,91,9,0,15,126,A,Major,75,61,86,23,0,59,3
1,1982,4,21,285,28,78040624,6,43,6,5,201,152,A#,Major,59,46,43,58,0,11,6
1,1868,4,8,1793,3,127578403,47,5,54,0,22,88,F,Major,40,32,42,53,0,39,5
1,2178,5,23,4026,0,799188179,18,23,100,0,8,187,A,Major,37,20,31,95,0,33,4
1,1895,8,17,4631,0,256224944,12,0,115,1,3,122,C#,Major,59,35,66,8,0,51,4
1,2037,4,13,3213,91,380542012,78,147,197,22,1252,120,D,Minor,54,33,40,90,0,8,3
1,2198,12,4,2846,17,438754786,43,56,79,11,116,141,E,Minor,62,51,88,1,1,56,4
1,1978,10,15,18707,78,1893300779,230,120,3103,20,,131,E,Minor,49,12,56,65,0,9,4
1,1861,2,18,10362,6,885963825,71,49,182,0,9,160,F#,Major,54,81,84,49,0,12,6
1,1941,5,14,17024,64,2481209945,172,87,1083,1,,125,A#,Major,62,42,86,5,2,11,3
1,1997,11,26,2437,60,1803600125,62,23,24,0,262,126,C#,Minor,55,52,53,9,0,15,7
2,2035,3,3,325,0,60509290,15,38,1,0,0,155,E,Major,50,45,72,12,0,13,3
2,2061,5,33,9848,16,1322377408,171,120,378,7,0,167,D,Major,60,22,63,60,0,24,31
1,1927,2,26,1045,37,222336967,16,24,30,6,0,78,,Major,50,53,47,89,0,16,36
2,2100,10,21,957,0,271491943,17,5,20,0,0,89,D,Major,66,70,68,28,0,12,5
1,1959,5,20,2245,1,224148626,8,1,17,0,0,178,A,Major,79,92,52,29,0,19,24
2,1949,11,10,4554,0,286623941,171,11,182,4,71,133,,Major,61,47,76,12,0,21,12
2,2018,4,4,306,8,135863763,8,71,4,1,1,132,A,Minor,82,95,80,31,0,7,4
1,2094,3,21,13532,12,1482803811,183,123,107,0,206,108,,Major,72,58,83,2,0,52,3
2,1985,1,7,616,0,56755424,17,3,3,0,0,120,F,Minor,88,78,53,16,0,12,28
1,2076,1,1,20694,8,666113319,31,10,277,0,0,149,C#,Major,41,28,67,14,0,9,5
1,2161,5,13,2716,0,119466663,3,7,14,0,1,134,G,Major,85,52,40,75,0,14,9
2,2015,5,24,2321,0,204136374,24,1,42,1,0,81,F,Minor,76,35,79,2,0,53,27
1,2091,1,1,13764,0,972281742,258,31,571,0,13,125,G#,Minor,88,26,58,40,2,11,24
1,1976,2,26,2810,61,197938959,67,109,140,17,885,148,D#,Minor,59,28,76,26,0,11,8
2,1917,11,2,867,0,102407498,3,7,11,0,0,105,G#,Major,77,15,53,8,0,35,5
1,1898,6,25,9678,0,1326284045,194,53,500,4,,118,F,Minor,79,89,74,9,0,13,10
1,1965,6,10,870,0,327837047,32,108,26,0,0,156,C#,Major,54,72,96,4,0,30,18
2,2181,6,30,869,41,55255657,36,113,43,14,198,112,F#,Minor,85,76,68,15,0,56,4
1,2119,1,1,30023,46,2187299293,179,100,3405,10,156,122,C#,Minor,69,51,69,6,0,13,4
1,1882,5,6,8241,39,1248262529,118,126,127,13,176,117,F,Minor,65,18,77,11,0,12,27
1,2107,3,19,3270,19,676241844,144,77,241,25,0,165,,Major,54,55,65,10,0,44,6
3,2136,5,13,2398,0,80971525,9,0,8,0,0,132,G#,Major,56,70,70,48,0,32,50
3,1935,6,22,1116,77,61327668,79,131,65,17,1088,155,,Major,76,79,55,53,0,22,27
1,2067,11,16,2204,21,327686393,51,24,105,0,9,134,D,Minor,76,50,43,94,0,23,39
2,2191,2,20,822,8,313265772,16,34,6,1,0,119,G#,Major,73,100,58,58,0,26,12
3,2087,6,13,454,32,11610727,17,28,27,3,212,106,,Major,76,86,84,5,0,6,5
2,1999,4,12,3884,0,1113447388,120,89,272,0,1,128,B,Minor,71,75,92,8,0,17,10
1,2171,3,21,6736,7,1281554858,82,1,219,0,2,84,F,Major,48,25,41,64,0,35,3
2,2109,4,10,16803,0,1716662373,374,70,465,0,11,105,G#,Major,72,68,67,33,0,13,3
1,1964,11,2,375,2,139100776,2,75,15,0,2,169,G#,Major,52,42,81,3,0,13,9
1,2009,5,21,2093,0,212780265,14,2,29,0,0,126,G,Major,55,19,53,72,0,6,5
1,2134,5,6,2139,0,416178936,27,43,25,0,5,78,F,Major,59,63,96,37,0,16,32
2,1863,5,32,1185,43,206916632,16,154,30,11,134,125,F,Minor,87,77,72,23,0,13,5
2,1968,3,1,1056,5,137653095,8,27,48,1,29,157,F#,Major,60,79,100,30,0,94,5
1,2155,6,22,263,27,74414691,15,160,9,5,152,124,G,Minor,85,95,80,8,0,10,9
3,1862,1,1,5682,0,316486543,90,42,153,0,0,105,G,Major,72,68,32,76,0,14,5
3,2200,9,18,3328,0,320365544,75,3,75,0,3,105,C#,Minor,82,29,48,47,0,12,6
1,2017,2,23,269,0,122110030,9,65,9,0,0,183,B,Minor,38,27,77,4,0,6,26
3,1838,4,25,5176,13,596348976,128,88,68,0,38,91,C#,Major,48,32,60,29,0,6,35
2,2129,11,4,1016,0,98147247,3,7,5,0,0,117,D,Major,66,11,57,1,0,24,30
1,2057,2,20,10279,7,957594747,67,57,197,0,10,158,F#,Major,60,82,73,48,0,12,6
1,2035,9,24,461,0,111378033,9,1,13,4,3,147,D,Major,100,74,49,51,0,16,6
2,2037,2,10,6895,26,751109955,142,112,169,5,31,90,E,Minor,79,90,68,9,0,13,8
1,2067,11,5,3145,0,261272699,45,0,163,0,0,135,D,Major,81,35,67,5,1,11,32
1,2059,9,32,1691,0,188286259,84,15,79,0,39,130,D,Major,59,52,79,5,0,15,4
1,1983,2,22,1350,0,58221160,38,48,33,0,0,83,B,Major,44,35,90,17,0,9,5
1,2201,3,25,1114,0,219661972,35,0,18,0,0,167,,Major,60,57,88,5,0,7,4
2,2115,3,31,2558,38,311602534,43,108,53,15,176,91,B,Major,94,74,65,14,0,12,17
2,2041,2,3,5307,37,144025840,144,83,98,14,36,123,F,Major,69,82,82,27,0,26,5
1,1822,8,13,395,35,14995533,33,31,29,1,26,145,C#,Major,61,51,73,0,0,33,4
1,1995,4,20,2968,7,519644457,44,52,127,1,31,176,G#,Minor,40,23,45,5,0,11,3
1,1990,8,1,921,18,357919643,19,107,13,2,6,109,E,Minor,62,79,86,29,0,27,23
1,2089,7,7,93,14,35589669,22,55,6,1,0,118,G,Major,66,45,75,0,0,17,4
1,1877,2,11,851,0,49273341,21,3,24,0,0,91,C#,Major,68,54,60,11,0,11,42
1,1851,10,22,1591,0,170755340,9,6,14,0,2,187,,Major,32,40,16,95,0,13,5
1,2111,8,14,771,6,171414740,2,4,7,0,0,89,F,Minor,65,33,48,31,0,12,9
2,1829,5,13,1980,0,54447919,1,0,3,0,0,178,A,Major,77,26,51,31,0,36,35
5,2192,5,22,193,8,57650845,3,82,1,0,51,103,G,Minor,77,105,67,29,0,9,4
2,2087,8,3,5024,9,626091331,134,23,123,0,1,179,C#,Major,77,76,95,41,0,7,17
1,2175,5,20,1797,1,203903063,15,1,21,0,0,114,E,Minor,78,88,88,32,2,13,3
2,1973,2,6,351,6,281659604,9,21,3,0,0,84,B,Minor,70,73,64,7,0,7,4
1,2065,3,21,12287,16,905686123,67,93,733,2,119,96,F,Major,36,17,46,2,42,11,3
1,2138,1,1,16648,3,1575946312,140,25,2100,0,30,80,F,Major,71,47,49,51,0,8,4
1,2201,5,14,476,0,173146684,5,35,1,0,0,160,F#,Minor,74,105,57,43,0,10,4
1,1955,10,26,7023,0,519555058,131,94,252,0,0,149,G#,Major,51,69,89,0,0,20,5
3,1879,6,16,2638,0,224980594,77,4,248,1,6,137,B,Major,74,47,85,19,0,22,3
1,1979,3,18,3117,19,696979564,157,88,243,24,0,186,,Major,60,56,66,11,0,42,6
3,1896,7,17,266,6,336332390,24,95,4,0,0,86,,Major,60,48,56,59,0,10,3
1,1843,5,7,751,0,272745284,4,14,11,0,0,110,F#,Minor,80,72,70,42,0,37,7
3,1904,10,21,885,6,132414019,13,11,13,2,25,141,A#,Major,87,86,73,15,0,14,37
1,1952,10,1,1161,0,367882603,18,100,43,0,2,127,A,Major,80,101,97,9,0,7,6
1,2136,1,1,3948,0,193186156,35,3,62,0,0,171,G#,Major,48,90,36,71,0,11,5
3,1848,4,4,576,13,129634954,4,14,12,5,59,199,B,Major,50,77,47,11,0,27,6
2,1949,12,21,3373,2,255173566,58,13,54,1,7,177,B,Minor,31,4,88,1,0,31,16
1,2101,2,16,799,17,331111873,26,80,32,7,10,130,G,Major,64,70,48,40,0,36,3
1,1919,5,14,1407,0,59029491,1,0,5,0,0,75,A#,Minor,56,58,46,72,0,9,33
1,1981,9,21,837,11,252648112,21,118,11,0,12,125,,Major,63,74,94,9,0,9,13
2,2214,9,26,173,6,64374537,10,77,2,0,40,139,F,Minor,78,92,79,66,0,7,10
1,2073,9,16,409,10,212993543,2,118,13,0,1,129,G,Major,98,52,56,7,0,58,11
1,1916,5,26,3147,93,128681549,0,0,146,40,0,100,B,Minor,71,78,91,2,0,36,5
2,2018,9,20,3450,2,604829911,69,13,141,0,41,110,D,Major,81,36,70,13,0,10,9
1,2057,13,16,1607,0,211887329,43,63,97,0,24,83,A,Major,79,94,58,7,0,8,13
3,2064,9,9,798,0,183842379,14,1,54,0,0,93,G,Major,94,49,53,30,0,30,26
2,1916,5,32,1290,39,220691492,18,151,29,10,135,121,F,Minor,90,85,63,26,0,11,5
2,2032,12,19,603,1,153893536,0,0,33,0,,123,D#,Minor,45,12,76,0,0,9,4
1,2025,11,1,560,1,249406416,16,98,10,0,0,124,A,Major,88,54,78,6,0,5,10
1,1908,1,7,3611,0,310208303,48,85,65,0,,89,,Minor,70,79,71,30,0,31,5
3,1934,7,10,695,2,122790909,16,0,25,0,31,142,D#,Minor,66,72,39,45,0,7,46
3,2048,13,2,1695,42,296840063,26,95,28,1,182,114,C#,Minor,82,52,50,18,0,17,37
6,1821,13,23,145,4,1292907,12,78,2,0,0,108,G,Major,84,60,77,11,0,33,8
2,2069,6,23,6603,36,817406406,78,62,121,7,0,81,C#,Minor,84,50,70,36,0,9,8
2,2071,10,4,1255,0,169007111,10,22,7,0,0,153,A,Major,85,33,37,2,0,38,54
2,2032,2,1,921,2,226281794,48,0,103,1,1,147,A,Minor,78,56,56,4,0,11,8
1,1968,2,11,3950,0,514396219,72,0,112,0,2,188,G,Minor,38,23,56,23,0,20,6
3,2044,4,26,5704,14,605247632,134,76,69,0,34,75,C#,Major,44,31,63,29,0,7,35
3,1917,6,2,729,17,96703728,16,62,31,1,43,95,A,Minor,59,14,55,4,0,21,4
1,1910,7,16,1766,0,210258648,22,16,13,0,0,75,C#,Major,36,24,29,41,60,10,7
1,2034,1,7,2811,0,195300055,18,79,59,0,1,137,,Major,50,52,76,0,0,8,3
2,2182,2,24,390,10,85137817,12,16,15,3,1,138,F#,Major,80,66,80,35,0,12,31
1,2085,6,28,1261,109,149003648,86,218,87,14,959,134,F,Major,53,35,49,18,0,31,5
1,2124,6,7,72,33,28927850,7,157,4,4,36,133,E,Minor,86,56,75,48,0,12,5
1,1925,1,1,7361,0,1087656289,140,17,509,0,7,163,E,Minor,74,50,67,19,0,14,9
1,2040,6,5,32,42,40765548,2,101,8,0,0,93,C#,Minor,56,37,48,9,0,76,4
1,1997,5,5,2481,29,658504575,21,66,34,6,0,125,A#,Major,85,43,52,7,0,14,5
2,2185,10,30,4052,33,560946410,50,82,48,9,7,133,G#,Major,69,61,75,30,0,31,18
2,1862,6,25,1015,38,54231920,38,77,53,3,173,125,C#,Minor,84,89,95,18,0,39,5
1,2219,3,28,585,0,65056493,31,8,13,0,55,91,A,Major,68,45,63,18,4,20,4
2,2179,5,13,2022,25,134703190,63,151,73,2,520,143,D#,Major,80,72,44,15,0,11,31
1,1899,1,1,18056,33,935463007,58,38,1439,0,2,81,A#,Minor,85,67,65,5,0,25,15
1,1855,2,22,2565,44,273258716,66,82,62,1,565,133,G,Minor,63,91,75,47,0,18,5
1,2052,11,21,1590,0,203820901,6,3,15,0,0,114,,Major,49,15,34,84,23,13,4
1,1843,1,1,39740,1,1461322105,210,166,6410,3,93,123,F#,Major,48,66,99,8,11,11,5
3,2101,7,16,317,6,339133756,28,104,4,0,0,88,,Major,55,48,52,56,0,10,3
1,2093,2,16,922,15,307524870,27,82,34,8,12,138,G,Major,60,68,45,44,0,34,3
2,2183,12,19,3942,41,600675408,52,70,83,15,179,154,F#,Minor,81,60,73,5,0,10,7
1,1943,10,13,24075,33,2212955635,191,96,4897,1,0,140,E,Minor,58,40,72,61,0,12,5
1,1983,4,21,279,26,84840813,7,43,6,6,210,153,A#,Major,51,55,41,58,0,11,6
1,2081,12,6,12181,1,1544023137,252,74,546,2,5,105,G#,Major,62,53,73,2,0,10,5
1,2068,11,9,1050,4,289938553,32,88,91,1,30,117,F#,Major,73,75,88,47,0,27,3
1,1914,8,1,4461,4,770222236,75,104,155,19,451,203,A#,Major,32,24,51,65,0,19,4
2,1954,4,27,955,4,62928148,18,13,26,0,47,118,G,Minor,86,35,69,24,0,10,4
3,1935,3,20,14904,0,1433231654,245,53,631,6,,95,,Major,59,52,70,40,0,44,16
2,1840,13,9,1366,4,164604798,12,82,16,0,42,83,A,Major,65,22,56,83,1,16,16
1,2065,4,21,265,27,71604861,6,43,6,6,196,172,A#,Major,50,50,36,59,0,9,5
2,1923,5,27,362,5,46444933,22,84,6,0,106,135,B,Major,83,58,63,6,0,17,3
1,1910,5,4,2745,2,539942529,20,82,0,0,5,86,A#,Major,87,51,72,4,0,5,22
1,1852,8,1,2995,0,331363128,106,5,179,1,0,111,A#,Major,72,48,82,5,0,15,5
1,2203,13,22,1296,0,65131218,29,0,20,0,2,95,C#,Minor,71,63,78,13,0,9,6
1,2101,10,19,1291,0,171869196,1,5,10,0,0,93,F,Major,61,54,76,23,0,7,4
2,2144,5,13,3047,0,267261131,43,29,45,0,0,125,,Major,54,40,71,4,0,11,33
2,1973,8,20,11595,0,720556291,201,66,443,0,12,119,B,Minor,77,63,77,2,5,7,9
1,1869,10,31,2333,0,362836955,52,15,37,0,1,75,D,Major,76,11,43,0,0,36,14
1,1846,12,4,1033,0,94770723,8,5,2,0,0,153,F,Minor,77,41,40,4,0,41,35
1,2148,7,14,886,101,32026424,79,246,88,26,1129,86,,Major,46,15,9,98,0,10,3
1,2054,7,16,3545,23,573806252,100,80,71,1,87,142,E,Major,62,29,46,53,0,12,3
1,1869,12,16,2528,19,301334398,47,21,106,0,7,155,D,Minor,80,55,47,93,0,22,39
2,2207,9,20,794,0,244928103,7,3,83,0,0,169,G#,Minor,49,66,79,51,0,94,29
3,2152,12,22,1076,19,424649097,12,119,9,5,3,132,B,Minor,72,73,68,15,0,27,10
2,2049,6,2,918,0,133901584,0,0,2,0,0,89,F#,Major,88,51,83,10,0,9,5
1,1998,9,10,1291,2,272271121,29,2,5,0,6,74,F#,Major,64,76,61,36,0,6,4
1,2192,1,1,30117,7,1180473692,233,113,4949,1,32,84,F#,Minor,99,83,75,25,0,7,34
1,1839,1,20,8382,12,981420898,129,69,1131,2,,164,A,Major,50,26,73,10,0,11,8
2,2203,9,25,18068,12,2252784565,356,161,2930,6,125,96,G,Major,58,30,42,36,0,26,3
1,2140,5,9,1138,0,89492598,49,14,17,0,0,84,D#,Minor,66,27,63,4,0,20,4
2,2134,5,24,959,0,156663466,19,0,14,0,0,84,B,Major,78,70,56,89,0,10,33
3,1820,8,16,6505,51,1906167842,196,40,6793,2,0,138,D,Major,64,93,88,3,0,10,8
2,1909,5,11,290,4,67263708,7,2,30,1,11,115,A,Minor,83,55,44,24,0,22,59
2,1897,3,29,748,10,155537990,15,93,23,2,24,142,D,Major,93,58,70,43,0,9,4
1,1934,3,25,1474,52,129967515,50,131,52,13,416,89,C#,Major,66,65,76,7,0,10,4
1,2097,1,7,3885,0,352316869,52,92,59,0,,98,,Minor,63,75,74,29,0,33,5
2,1862,7,1,5869,0,562374675,162,47,190,1,21,110,B,Minor,80,53,76,18,0,25,5
1,2090,5,11,7125,0,1061378400,116,35,142,0,,123,C#,Major,63,18,58,31,0,8,7
2,2112,8,1,6373,0,573687238,167,55,177,1,21,125,B,Minor,74,48,79,21,0,26,6
1,2129,7,5,2584,0,461882652,21,14,67,0,6,151,A,Major,30,30,85,7,0,8,7
1,2063,5,13,1548,0,41352498,1,0,4,0,0,80,G,Major,40,64,37,82,1,50,38
1,2003,6,22,533,0,211822377,18,21,14,0,2,91,D,Major,78,38,80,4,0,3,5
2,1890,5,25,371,5,44754981,25,78,6,0,107,139,B,Major,77,55,62,6,0,17,3
1,1869,11,23,9282,0,442759252,122,72,271,0,0,85,D,Major,58,80,80,37,0,30,3
1,1849,5,18,741,14,392540852,23,95,8,0,22,163,F#,Minor,65,54,77,18,0,20,5
2,2080,6,23,883,32,71114191,23,62,33,5,89,116,B,Major,80,60,67,11,0,26,5
1,1821,10,4,3795,0,301677721,21,82,145,0,2,78,E,Minor,54,19,44,94,71,10,3
2,2099,5,23,832,0,162632229,18,0,15,0,0,74,B,Major,76,68,57,83,0,11,34
1,2219,4,9,4602,0,786903171,153,12,81,0,0,86,F#,Major,83,41,50,39,0,14,26
1,1970,5,5,4737,0,457009724,77,14,97,0,16,153,G#,Minor,87,67,62,8,0,13,24
1,1953,1,1,4015,0,354131992,60,29,254,3,742,93,A,Minor,55,51,69,2,0,14,3
1,1900,4,6,237,0,90206414,11,0,7,0,0,140,C#,Minor,72,23,42,22,0,8,6
1,2222,1,32,432,0,82326638,15,17,0,0,0,141,D,Major,73,83,83,10,0,8,4
1,2179,2,18,2364,19,430015049,64,25,42,1,0,98,G#,Major,43,29,66,32,0,13,15
1,2079,5,7,1276,0,206831118,9,7,14,0,1,115,G#,Major,63,62,70,5,0,8,32
1,1937,5,19,61,8,49681431,8,9,0,0,56,83,E,Minor,75,38,69,25,0,29,5
1,1985,5,6,2640,29,625142424,19,59,38,6,0,125,A#,Major,83,39,49,6,0,13,5
1,2158,3,3,209,0,36229984,5,9,0,0,0,159,,Major,55,63,78,5,0,36,4
1,1988,1,7,1199,0,66168244,1,5,6,0,0,121,A#,Major,73,24,65,31,0,22,3
1,1994,1,1,9121,0,621045201,180,101,282,0,0,156,F#,Minor,67,90,49,48,0,8,4
1,2071,12,2,887,4,153319822,12,57,5,0,21,155,G,Major,66,96,99,0,0,27,3
1,1838,2,18,7399,6,632578639,44,118,200,1,210,98,F,Minor,60,17,60,9,1,11,3
1,2090,3,23,1492,11,152866803,58,88,34,0,434,89,G#,Major,78,74,65,19,0,12,3
3,2006,12,14,1342,21,228202876,41,20,52,4,80,90,F#,Minor,76,91,81,44,0,19,10
1,2020,5,10,1516,0,246830881,25,28,32,1,1,149,G#,Minor,95,59,14,63,35,12,9
2,1852,10,4,297,2,142874902,10,6,8,1,9,98,B,Minor,73,83,61,3,0,10,3
1,2220,3,22,2795,32,204211894,122,73,117,3,649,117,D,Major,76,35,54,32,0,12,6
1,1909,2,16,307,0,194309511,10,23,7,0,9,91,,Major,69,59,60,46,0,7,4
1,1903,3,3,1103,0,76234207,48,11,19,0,21,102,C#,Major,68,30,68,11,0,12,27
3,1975,5,12,4250,0,220829222,35,13,30,0,0,103,C#,Minor,77,40,80,33,0,19,24
2,1979,6,19,689,45,58306518,1,52,9,0,1245,122,A,Major,62,80,74,75,8,9,7
2,2219,6,5,200,5,56269008,6,13,8,2,4,79,A,Minor,46,14,77,1,0,18,8
2,1864,2,26,1407,0,163997890,34,18,36,2,0,98,,Major,63,28,83,47,0,35,6
1,2106,2,21,277,0,135162770,9,71,10,0,0,214,B,Minor,38,26,83,4,0,5,28
2,2018,4,9,14836,0,1596659412,385,59,511,0,13,114,G#,Major,80,80,71,32,0,14,3
2,1857,7,6,8210,47,1283365559,94,66,156,15,161,141,D,Major,58,54,71,1,3,24,4
1,2084,4,21,12746,26,1106192814,31,88,605,1,1,149,,Major,55,20,78,0,0,7,5
3,2039,1,1,302,0,87360657,4,0,15,0,0,127,F#,Minor,69,47,80,22,4,7,5
1,2096,3,23,2825,28,214871598,122,66,108,3,671,113,D,Major,73,39,52,31,0,10,6
1,1865,3,32,14154,9,1253980934,147,5,593,0,0,147,B,Minor,32,50,74,0,0,9,4
4,1997,6,2,577,4,85472969,14,48,19,1,11,146,B,Minor,65,20,44,23,0,12,6
2,2043,2,24,4265,52,592561147,121,135,195,17,369,170,E,Minor,67,60,65,63,0,9,27
1,2170,4,1,1261,0,199924280,19,0,28,0,0,143,C#,Major,67,42,59,17,0,10,11
1,2058,8,5,1337,4,165571724,22,9,16,0,0,171,G#,Minor,81,50,56,14,0,12,7
2,2120,5,30,9475,15,1406406898,178,113,366,7,0,166,D,Major,59,24,66,63,0,23,31
1,2041,1,5,184,0,876134618,0,0,5,0,0,87,F,Minor,36,22,42,41,0,25,3
2,2122,1,1,11304,0,491904868,116,117,372,0,0,156,D,Major,62,78,35,87,0,32,6
2,1949,10,4,1219,0,172291724,9,20,7,0,0,145,A,Major,92,33,34,2,0,36,59
1,2107,3,24,21187,5,1302174588,42,0,6653,0,0,114,A,Major,45,25,90,0,0,62,4
1,2164,5,28,27582,4,1873778917,124,101,1999,0,18,139,,Minor,34,11,54,9,0,14,8
1,1908,11,8,2007,0,343450039,34,2,12,0,15,128,A,Minor,63,38,44,13,0,9,42
1,2183,1,1,8687,25,850578757,164,120,173,0,5,189,G,Major,42,48,54,51,0,16,10
1,2030,5,21,1905,0,180726256,7,1,16,0,0,169,F,Major,63,89,67,38,13,21,3
4,2160,3,18,851,0,171047016,31,0,50,0,0,142,D#,Minor,99,77,47,23,0,12,26
2,2197,12,16,790,20,337833822,25,129,20,8,119,163,G,Major,53,82,55,31,0,6,5
1,1999,12,18,1952,0,189684777,45,34,45,13,4,142,G#,Minor,53,63,52,63,0,10,18
1,2144,9,10,54972,8,1602684596,287,117,11434,4,158,128,C#,Major,57,78,97,0,0,12,7
3,1850,1,8,3428,0,322183006,58,30,45,0,0,77,C#,Minor,77,45,41,1,1,12,18
2,2182,3,3,570,2,113628223,23,78,8,0,8,88,B,Minor,73,75,79,51,0,10,13
1,2089,1,1,9802,43,311512467,24,125,270,3,397,164,D,Major,42,21,83,23,0,8,8
2,2009,10,23,1339,0,202716115,12,1,10,0,7,119,F#,Minor,40,39,74,10,0,8,21
3,2128,6,24,360,26,79151685,11,160,11,4,0,140,F,Minor,71,79,77,21,0,44,4
1,2170,3,3,551,6,131901720,24,94,0,0,72,142,D#,Minor,66,39,74,53,0,12,3
1,1827,9,5,1328,4,162539417,21,11,17,0,0,175,G#,Minor,73,48,60,14,0,13,8
2,1939,6,27,9975,47,1031937277,230,120,558,16,57,129,F#,Minor,70,26,64,48,0,16,11
1,2106,4,26,2283,0,273493908,29,38,24,0,0,127,G#,Major,88,26,69,6,0,12,29
3,1921,3,5,14154,0,1029657831,243,114,554,0,10,157,F,Major,56,74,56,19,0,8,3
2,1903,6,29,2569,0,235312698,16,48,49,0,3,107,F#,Minor,67,30,47,36,0,35,14
2,1946,9,23,9315,46,1302184374,223,102,363,25,160,140,D,Major,73,23,49,1,0,28,8
7,2084,1,15,1053,1,242308100,20,5,13,0,0,166,F,Minor,72,79,68,48,0,7,30
1,2220,5,13,2463,0,143700600,4,5,12,0,52,83,G#,Major,50,30,87,26,0,18,46
2,2206,6,25,284,8,39113515,9,6,24,2,65,128,F,Major,66,39,32,79,0,33,9
2,1859,2,22,3515,51,519324465,88,82,81,1,15,72,C#,Minor,51,55,54,22,0,40,8
1,1844,5,22,380,65,80906111,8,92,5,0,58,114,C#,Major,81,75,80,27,0,11,15
1,1933,1,1,22938,14,1799523904,90,0,2810,0,0,102,F,Major,69,50,92,1,0,8,5
2,1882,10,28,15202,11,2325627928,366,140,3112,6,130,95,G,Major,60,31,44,36,0,25,3
1,1839,1,7,4053,0,331794069,81,73,139,0,,113,G,Major,75,82,79,3,0,7,10
1,2133,8,16,1519,17,466971849,48,128,63,0,2,112,,Major,89,70,75,0,0,17,4
1,2091,5,24,13914,17,1041673342,128,114,405,6,298,86,B,Minor,75,49,65,3,0,19,10
1,2109,5,25,28201,4,1822361407,112,86,2044,0,18,145,,Minor,34,11,55,9,0,15,8
1,2116,10,4,2886,0,536842861,5,1,62,0,0,124,G#,Major,71,8,57,28,0,8,4
1,1977,11,8,2540,7,300960263,54,93,63,12,2,102,G,Major,35,30,30,84,0,18,3
1,2153,7,14,2283,29,345231833,65,12,36,8,65,137,G#,Major,75,74,67,3,0,28,4
2,1904,11,14,1751,15,232483772,30,15,34,2,48,123,G,Minor,77,67,76,8,0,12,5
2,1985,10,21,18393,0,957215278,77,59,4410,0,0,77,F#,Minor,82,48,77,4,0,47,23
3,2052,11,2,1458,0,212908439,11,24,12,0,2,85,G,Minor,53,25,67,20,0,19,31
1,2050,2,18,44109,26,1209995498,110,35,2808,0,625,112,G,Major,60,51,80,38,0,11,6
2,2192,9,21,2418,0,310456275,34,54,31,0,12,110,A,Major,61,19,33,71,0,11,4
2,1885,6,8,1492,0,249162213,26,16,16,0,1,127,C#,Minor,77,44,79,6,0,58,6
1,2126,8,13,5913,18,610365730,101,101,430,0,418,88,,Major,95,76,88,35,0,8,6
2,2131,9,3,5187,6,595709204,121,121,101,0,3,159,C#,Major,65,26,44,5,0,22,26
2,1898,10,20,1019,0,262434218,17,5,20,0,0,81,D,Major,69,79,58,28,0,13,5
1,1889,8,24,1267,6,191897128,27,6,18,0,5,95,D,Major,70,44,51,78,0,13,4
1,2129,3,25,1357,48,123960812,47,119,56,14,416,97,C#,Major,75,62,79,7,0,9,4
1,1905,6,25,9533,0,1425623093,203,49,506,4,,98,F,Minor,88,92,78,10,0,11,10
2,2046,9,3,5569,6,622322531,123,122,99,0,3,171,C#,Major,64,29,46,5,0,24,23
1,2132,1,1,18614,3,1618589498,148,23,2119,0,31,90,F,Major,68,54,48,61,0,8,4
2,2136,4,24,323,2,253896030,4,32,12,1,1,156,D#,Major,49,15,40,62,0,14,3
3,1941,2,22,1163,0,114085741,28,3,18,0,21,146,C#,Minor,82,46,71,8,0,11,6
1,2123,1,6,21118,19,1635680484,214,75,942,0,127,112,C#,Major,76,70,41,51,0,7,3
1,1837,12,12,9675,0,773977255,222,106,463,0,,133,G,Major,46,57,58,5,0,29,18
1,2071,3,31,21625,141,2484328710,433,214,798,46,,187,F#,Minor,52,68,67,36,0,29,6
1,2110,4,14,8798,0,652980433,230,50,282,19,23,103,A#,Minor,78,68,75,11,0,34,7
1,1940,1,10,465,0,226196562,11,55,16,0,0,133,G,Minor,67,61,72,47,0,39,4
2,2051,4,9,14742,0,1468323016,399,59,507,0,12,107,G#,Major,77,70,71,32,0,14,3
3,2103,4,28,5940,13,554425722,123,76,76,0,32,87,C#,Major,49,35,69,32,0,8,32
4,2149,1,5,701,3,213487014,31,0,13,0,0,157,F,Minor,63,57,45,40,0,38,4
1,2046,1,1,9727,0,730404897,178,100,107,0,,119,D,Major,67,72,35,92,0,6,3
1,1849,11,8,981,0,61322164,3,18,2,0,0,163,F,Major,45,38,41,53,0,14,6
1,1892,2,14,799,2,153528821,13,57,43,1,32,102,D,Major,67,57,67,64,0,82,5
3,2108,10,3,5476,0,460339751,143,29,92,0,0,135,B,Minor,85,34,60,0,0,30,14
1,1825,13,10,800,0,58517235,6,11,3,0,0,83,G#,Major,48,32,62,22,0,22,39
1,1822,1,1,4773,17,649599313,26,99,119,0,43,155,G#,Major,48,26,62,7,0,15,3
1,2137,5,26,14031,20,919659793,132,113,393,6,285,75,B,Minor,66,51,58,3,0,20,9
1,1844,2,19,674,12,298646200,17,42,13,1,1,181,G#,Major,58,81,42,42,0,8,4
1,2177,4,23,1901,0,236489242,51,10,42,0,1,88,G,Major,37,18,68,9,0,9,8
6,2039,11,12,129,4,128242882,21,73,2,0,0,109,G#,Minor,71,62,80,6,0,16,4
3,2152,5,8,4860,11,430453476,53,16,257,0,13,94,C#,Major,71,41,95,3,0,36,6
1,1864,5,16,1967,0,167744549,74,11,127,0,39,153,A,Major,72,22,60,17,0,18,5
2,1910,9,2,2093,0,348729310,93,12,35,0,0,109,G#,Major,76,63,92,10,0,12,9
3,1857,10,5,4557,0,419374554,58,38,73,0,0,76,D,Major,59,87,61,6,0,38,4
1,1864,9,21,3446,8,514528202,54,47,35,11,1,92,A#,Major,66,9,48,24,0,16,8
1,1839,9,28,4214,0,393056732,24,6,108,0,0,116,C#,Major,73,21,59,1,0,25,17
1,1838,11,5,1691,10,1582115823,0,0,386,0,0,144,F,Major,67,88,73,6,0,26,5
1,1980,5,18,1810,0,236453060,14,2,33,0,0,108,G,Major,58,20,53,68,0,6,5
2,1908,1,10,7393,2,672316801,103,157,434,0,43,110,D,Major,67,16,67,9,0,12,4
1,1992,5,22,1874,0,224602047,13,2,33,0,0,110,G,Major,55,20,55,68,0,5,5
1,1855,2,10,857,0,45736107,18,3,25,0,0,83,C#,Major,67,59,54,10,0,9,37
1,1872,2,25,3166,57,200197146,80,98,148,17,1005,140,D#,Minor,54,30,85,22,0,13,8
1,2084,4,8,753,2,155291970,11,6,13,0,15,114,F#,Major,65,57,43,73,0,11,7
2,2106,7,8,1531,0,239293263,27,15,18,0,1,120,C#,Minor,77,43,76,6,0,60,6
2,1984,5,4,115,0,32811661,5,8,5,0,0,146,B,Minor,53,20,52,34,0,40,5
3,1936,4,4,510,14,150338965,4,15,12,5,55,195,B,Major,46,83,56,11,0,29,6
1,2104,5,22,1887,0,179735815,7,1,15,0,0,178,F,Major,69,82,72,38,13,18,3
1,1918,5,12,1067,0,43397344,0,0,0,0,0,97,G,Major,42,80,45,80,0,9,8
1,1907,4,6,1650,3,121279460,45,5,52,0,20,89,F,Major,42,33,41,48,0,37,5
1,2218,12,8,9386,0,1349112732,172,62,1043,8,82,143,B,Minor,75,59,74,14,0,35,5
1,1950,12,8,2404,6,301764643,62,101,59,13,2,108,G,Major,38,30,31,78,0,19,3
1,1911,5,8,2764,0,73205311,27,0,29,0,0,94,G#,Minor,69,82,80,16,0,6,34
3,2166,1,5,2290,0,340681283,69,7,71,16,6,100,F,Major,60,46,45,68,0,34,5
1,1899,1,1,29441,47,1948219711,180,106,3164,11,161,122,C#,Minor,71,46,75,5,0,11,4
1,1915,2,24,932,36,200371431,16,28,29,6,0,86,,Major,52,62,43,82,0,15,41
1,1834,5,16,4753,0,199443672,66,81,66,0,11,114,E,Minor,46,5,66,13,2,14,6
2,2054,1,7,615,0,53548208,18,3,3,0,0,104,F,Minor,83,80,57,16,0,14,29
1,2123,4,19,267,13,110233852,6,91,11,2,8,83,G,Major,64,76,89,30,0,48,28
2,1986,12,22,381,5,201927161,3,28,2,1,0,142,D#,Minor,66,82,50,35,0,12,5
1,2166,4,28,2286,7,407496399,47,38,79,1,198,79,A#,Major,35,32,52,31,0,13,5
2,1903,3,4,444,11,150127396,7,15,12,2,34,100,D,Major,101,43,46,34,0,9,35
1,2023,1,7,4864,0,343401611,79,81,138,0,,128,G,Major,67,95,72,3,0,7,9
1,1983,1,6,30839,10,3799910338,35,0,7057,8,0,93,C#,Minor,87,102,71,61,0,9,8
3,2126,3,12,6653,0,570247521,44,14,81,0,1,94,D,Major,83,39,49,2,0,10,3
3,2004,3,34,891,0,172966759,14,0,11,0,0,77,A#,Major,72,49,76,14,0,22,23
3,2048,3,17,3280,0,285595246,52,18,28,0,0,96,G,Minor,80,62,69,13,0,16,6
1,1875,7,28,2095,0,373602643,20,0,38,0,0,85,,Major,44,12,55,7,0,22,3
4,2158,5,18,284,7,85720407,6,8,24,1,64,135,D#,Minor,91,64,46,65,0,13,6
2,1819,1,11,7866,2,744899011,101,148,458,0,49,97,D,Major,62,20,64,9,0,13,4
2,2157,1,8,1211,0,92221834,9,10,9,0,0,117,D,Major,70,91,87,10,0,31,20
4,1864,6,9,2359,0,143335720,31,0,27,0,0,116,G,Major,92,15,53,1,0,9,7
2,1999,5,6,1295,0,376342757,8,29,12,1,1,100,C#,Minor,87,49,57,69,0,10,35
1,1976,1,1,3581,0,336102425,70,27,291,3,676,106,A,Minor,59,46,71,2,0,14,3
1,2211,1,14,3108,0,627839852,9,2,137,0,0,120,B,Minor,52,49,82,0,0,5,3
1,1895,5,5,777,0,41842327,38,3,24,0,49,159,F#,Minor,55,48,82,11,0,32,5
1,1830,6,10,6598,6,1076244002,109,44,162,3,33,161,G#,Major,44,26,31,88,0,14,5
1,2063,2,20,8369,6,759401776,44,106,211,1,202,117,F,Minor,60,18,59,10,1,13,3
2,1864,5,14,3177,0,123759837,21,0,21,0,0,151,C#,Minor,97,71,54,44,0,14,9
1,2127,1,1,831,0,452849452,49,0,6,0,0,168,A,Major,52,95,53,33,0,17,4
3,2014,6,25,3052,40,737724898,41,0,4,0,0,109,D,Major,90,75,60,57,0,9,3
1,1873,1,1,8206,0,430801419,105,127,76,0,0,131,,Major,67,89,34,59,0,16,3
1,2126,8,7,2753,0,118610433,16,74,36,0,0,129,A#,Minor,77,34,73,1,0,26,4
3,1996,3,5,14935,0,1149608696,232,129,617,0,9,161,F,Major,59,67,66,16,0,10,3
1,2013,9,2,847,0,146002996,10,1,9,0,0,129,E,Minor,70,26,80,8,0,49,22
2,1906,5,6,5758,38,1234301796,72,107,101,13,30,81,D#,Minor,59,29,69,9,0,55,4
1,1868,3,21,4712,0,890307867,62,84,415,3,12,134,C#,Major,72,88,66,0,0,17,4
1,2027,13,9,941,0,101879045,5,32,1,0,0,153,C#,Major,69,33,68,45,17,21,7
2,2169,11,24,2748,33,325502018,22,59,32,3,0,96,G#,Major,96,66,69,18,0,33,15
2,2040,4,24,2983,29,567752833,60,95,78,0,114,98,A#,Major,31,30,54,82,0,22,3
1,2140,12,10,1026,0,91801617,5,31,1,0,0,151,C#,Major,70,34,62,44,18,21,7
1,2134,1,1,23072,40,1767797867,94,69,3986,5,0,102,G,Major,101,65,62,0,0,35,10
2,2160,2,12,909,0,64377976,27,0,14,0,0,137,B,Major,94,75,64,6,0,13,5
1,2163,7,24,1228,7,184443293,25,6,18,0,5,98,D,Major,70,42,47,66,0,12,4
1,1904,4,21,270,26,78526013,6,37,6,6,203,159,A#,Major,52,51,42,65,0,11,5
2,2205,5,28,381,2,64404952,1,0,8,0,0,105,F#,Minor,64,29,37,74,0,12,3
1,2046,10,26,480,0,114603331,10,1,12,4,3,135,D,Major,83,71,53,56,0,14,5
1,2040,1,6,3994,0,339534381,52,94,58,0,,89,,Minor,59,85,73,26,0,31,5
2,2099,5,11,2116,22,153617435,71,157,66,2,507,141,D#,Major,87,73,48,16,0,11,33
1,2193,1,8,11616,3,1788030543,176,67,453,0,,135,A#,Major,56,22,45,80,0,10,7
1,2110,6,24,553,0,214702013,20,22,13,0,2,95,D,Major,76,34,78,4,0,3,5
1,2083,3,25,220,0,115149460,5,0,4,0,1,86,E,Minor,75,65,45,46,0,11,3
1,1997,7,31,8938,0,1115793137,142,139,260,0,,64,,Major,29,31,26,70,0,14,4
1,1938,5,21,8193,8,784994361,171,38,187,17,55,106,A#,Major,64,90,78,33,0,11,5
1,2072,10,4,6510,2,972387569,5,0,776,0,0,137,C#,Minor,53,7,64,46,0,11,3
1,1893,2,14,889,2,138330033,12,61,47,1,36,108,D,Major,65,53,68,65,0,75,5
1,1927,5,6,954,3,331285083,11,24,11,0,0,122,C#,Major,78,52,63,13,0,14,5
1,2079,3,25,362,21,164530138,4,78,5,0,5,108,G,Major,62,33,81,0,0,42,4
2,2020,10,10,4868,0,293165694,155,10,189,4,77,128,,Major,64,52,81,12,0,19,11
1,2042,6,28,89,8,29765394,7,71,3,1,102,130,A,Minor,82,91,70,1,0,9,5
1,2011,9,3,12201,8,1601321113,359,91,1007,16,,114,B,Minor,88,60,81,5,0,34,3
1,1825,4,26,3233,22,1164018759,41,106,63,1,31,125,C#,Major,62,47,63,2,0,9,3
1,2039,5,6,4938,31,988776961,73,119,84,10,2,102,F,Minor,87,29,64,26,0,13,3
1,1883,11,30,23586,0,1412812750,413,133,2171,0,,163,G,Major,33,30,63,16,0,7,4
2,2018,11,4,9845,6,692402077,264,113,280,0,5,112,G,Minor,73,47,81,3,0,9,4
1,2190,1,1,17583,37,973819849,68,38,1272,0,2,83,A#,Minor,79,62,68,5,0,26,13
2,1882,11,18,3926,16,347035988,113,32,160,4,19,135,,Minor,80,84,74,43,0,20,5
2,2183,5,6,1781,8,328672056,9,27,13,0,32,118,D,Major,75,52,65,63,0,7,4
1,2126,12,8,578,4,130940244,22,1,67,2,0,137,F,Major,88,105,72,73,0,38,3
1,2222,1,29,553,0,87940398,12,56,0,0,104,112,G#,Major,59,65,89,0,0,15,3
2,2017,11,4,1132,0,105068758,3,8,5,0,0,110,D,Major,68,11,58,1,0,24,25
2,1838,7,24,519,4,293452979,9,41,3,1,0,106,G,Minor,71,64,61,27,0,11,13
1,2077,5,6,1016,1,301165707,9,12,9,0,0,199,F,Minor,46,39,51,63,0,11,6
2,2161,10,4,4646,16,520612935,78,79,40,0,23,154,B,Minor,52,44,53,5,0,37,25
2,2148,9,2,1847,0,368463288,109,13,40,0,0,100,G#,Major,76,56,80,11,0,13,10
1,2064,11,9,732,0,51956267,2,16,1,0,0,113,D,Major,61,44,60,62,0,17,8
1,2099,7,15,4074,36,708521458,76,60,112,18,234,95,C#,Minor,50,15,61,71,19,24,3
1,2128,11,2,3461,60,403021824,112,69,179,8,541,209,A#,Minor,59,70,44,52,0,11,7
1,2124,1,1,20138,30,1474899797,73,56,3543,1,17,111,F,Minor,93,75,72,3,0,4,5
2,1884,4,31,1343,0,96326650,24,1,15,0,0,144,G#,Minor,75,80,70,13,0,11,6
1,2006,9,4,3348,7,518993555,26,91,106,0,1,131,B,Major,54,21,70,4,6,16,4
1,2194,2,22,1094,37,197731246,15,23,29,6,0,79,,Major,50,57,45,87,0,16,43
1,2157,6,10,654,50,107780994,18,105,27,4,81,90,G,Major,66,60,59,3,0,37,3
1,2040,13,2,384,2,141864414,2,78,15,0,2,148,G#,Major,53,38,81,3,0,12,8
2,2083,7,21,516,4,308028539,10,47,3,1,0,90,G,Minor,74,58,53,30,0,11,14
1,1941,1,7,2084,0,107313047,12,30,14,0,0,126,F#,Minor,67,37,72,0,0,19,5
1,2182,1,1,20972,7,677780561,34,10,292,0,0,143,C#,Major,36,28,70,13,0,9,5
1,1962,9,16,8388,0,936163033,183,7,327,0,4,91,C#,Minor,77,57,89,1,0,5,23
3,2189,5,4,707,1,49237057,9,14,12,0,1,192,C#,Minor,64,60,62,17,0,11,5
3,2192,8,8,3057,2,398767850,82,77,56,0,16,106,A,Minor,75,61,83,17,0,25,5
2,2109,12,4,445,0,67712706,7,1,7,0,0,113,D,Minor,57,24,40,50,33,14,3
2,2026,3,17,1198,13,110203130,47,36,23,1,162,158,C#,Major,90,53,40,2,0,9,45
3,1918,10,7,2862,2,456464376,83,75,54,0,15,93,A,Minor,72,60,89,18,0,25,5
1,2033,9,1,4667,4,659354868,74,106,168,18,468,188,A#,Major,36,25,47,75,0,19,4
1,1964,2,19,926,18,330299247,30,81,33,8,10,149,G,Major,60,68,48,48,0,35,3
2,2040,2,10,6934,31,777167991,143,104,191,5,31,92,E,Minor,90,97,68,9,0,15,8
1,2019,3,30,773,16,231977502,18,119,21,0,64,128,A,Minor,77,62,41,3,0,11,4
1,1837,8,26,3644,12,984933946,8,0,222,0,2,142,B,Minor,68,19,26,85,0,12,27
1,2044,10,4,3704,28,1017286578,125,191,3,0,,117,A,Minor,69,32,67,6,0,12,4
1,2061,2,6,777,11,273331065,28,17,15,1,4,130,G#,Minor,77,74,63,4,0,15,4
1,1961,6,16,14845,0,2397367715,187,32,657,0,5,80,B,Minor,41,21,47,42,0,34,24
1,1827,2,9,3724,9,466234414,108,45,729,24,,113,B,Major,87,88,84,38,0,12,4
1,2044,7,27,19595,15,2235947756,365,70,608,3,40,118,,Major,67,55,70,24,0,9,4
3,1838,2,10,2265,0,102186573,34,3,27,0,0,153,G#,Minor,46,47,87,9,0,32,39
1,2014,10,20,1542,0,186846556,6,3,16,0,0,100,,Major,50,16,33,84,21,12,4
1,2014,7,9,2395,38,475428480,46,68,46,5,6,172,E,Minor,71,59,52,4,0,28,13
1,2104,5,13,1896,0,49769909,2,0,4,0,0,88,E,Minor,70,30,59,23,0,9,7
2,1900,13,8,1037,0,86553356,7,28,3,0,0,156,A#,Minor,79,65,73,49,0,33,10
2,2093,1,1,18988,0,629577687,83,15,1595,0,3,121,G#,Major,95,60,77,10,0,18,7
1,2123,7,29,264,0,72717811,11,2,12,0,4,122,E,Minor,79,59,58,31,0,12,4
2,1950,6,27,6968,31,851606777,91,55,121,6,0,84,C#,Minor,80,52,66,38,0,9,7
1,1919,9,28,533,2,143849821,22,2,22,0,0,117,G#,Minor,83,62,71,5,0,33,3
1,2114,2,23,2858,63,194669713,72,93,153,17,878,137,D#,Minor,53,30,85,22,0,11,7
1,2190,4,19,2046,0,145297503,4,2,46,0,0,89,E,Minor,73,29,48,86,26,10,3
2,1938,3,19,643,0,207607578,9,2,13,0,1,101,F,Major,70,87,76,42,0,26,9
2,1914,11,4,305,2,131145207,11,6,7,1,9,97,B,Minor,70,89,53,3,0,10,3
1,2058,2,10,3998,0,495440890,81,0,100,0,2,184,G,Minor,32,22,66,23,0,20,7
1,1826,11,5,2948,0,256158445,42,0,158,0,0,142,D,Major,71,42,61,5,1,12,33
2,1868,12,4,1405,0,166887877,22,7,15,0,0,137,G#,Minor,98,25,58,1,0,8,29
1,2101,1,7,823,0,52092966,1,8,6,0,0,85,A,Minor,28,10,51,59,0,53,5
3,2051,5,12,1191,37,97247217,42,56,48,8,194,125,B,Minor,79,93,84,4,0,21,6
1,1855,5,12,2366,0,225369146,97,12,172,11,3,125,G,Major,68,88,95,0,0,11,7
1,2067,1,1,31875,10,841175433,132,27,571,0,4,124,A#,Minor,84,52,55,3,0,17,24
1,1946,1,1,34092,0,2245732277,357,136,3667,0,29,83,D,Major,76,57,43,48,0,17,3
7,1951,8,12,1438,0,244102743,76,0,0,0,0,77,G,Minor,59,67,83,10,0,15,10
1,2215,1,19,7821,13,1025984083,123,66,1126,2,,177,A,Major,46,25,83,12,0,9,8
1,1855,7,24,7370,20,556655495,24,82,61,1,43,95,F,Major,51,46,66,57,0,10,3
1,2115,3,18,353,14,153626655,4,66,16,1,9,132,,Minor,60,56,76,12,0,13,6
1,2124,9,11,4768,0,396356639,105,16,81,10,2,141,D,Major,102,90,81,6,0,30,26
1,2214,5,21,360,74,78729653,9,92,5,0,58,98,C#,Major,84,70,77,27,0,11,15
1,1810,12,15,6939,0,475605105,83,1,251,0,0,125,C#,Major,44,70,24,98,0,18,4
3,2126,3,33,799,0,172727318,13,0,11,0,0,90,A#,Major,81,47,81,12,0,23,21
1,2112,11,21,9832,0,235559806,126,60,221,0,0,116,D#,Major,32,38,80,40,0,8,5
2,2140,6,14,5210,6,257231277,108,54,122,11,0,135,,Major,67,67,97,22,56,15,5
1,2099,10,13,649,8,197450865,2,4,6,0,0,80,F,Minor,69,39,45,32,0,12,9
3,2221,5,7,5080,10,456059022,49,15,260,0,12,94,C#,Major,67,41,82,3,0,37,6
3,2128,1,30,505,4,185289597,25,3,41,0,0,122,G#,Minor,85,63,60,1,0,7,4
2,2161,6,20,846,34,63191221,24,55,30,5,89,124,B,Major,75,54,64,10,0,24,5
1,2122,9,1,1159,0,333571064,19,98,45,0,2,121,A,Major,76,95,90,10,0,8,7
1,1874,10,27,26721,0,1426896620,364,141,1914,0,,145,G,Major,37,33,67,15,0,7,4
1,2215,3,3,620,6,123298043,23,105,0,0,69,131,D#,Minor,69,46,76,47,0,12,3
2,2202,3,10,3360,0,271207512,64,2,52,10,0,116,G,Major,82,71,63,17,0,10,20
1,1901,6,33,88,8,31665121,7,74,3,1,87,122,A,Minor,83,90,76,1,0,10,5
2,2192,6,16,5575,6,242429597,110,48,121,12,0,149,,Major,71,69,95,24,65,15,5
1,1978,9,20,2054,0,200508451,7,5,12,0,0,138,E,Major,72,12,37,54,0,10,14
2,1859,4,29,5124,4,670714499,147,22,110,0,72,131,G,Major,74,68,77,0,0,12,4
3,1917,10,5,3227,29,750577977,65,67,49,6,0,156,E,Minor,60,15,64,8,0,9,8
1,2009,6,10,289,0,80088825,0,18,6,0,0,171,G#,Minor,58,65,86,4,0,23,10
3,2079,1,1,11176,0,372292209,72,77,113,0,0,103,A,Major,21,19,25,88,0,38,3
1,2215,4,15,9147,0,705886917,219,47,258,22,22,106,A#,Minor,90,70,68,10,0,31,7
1,1886,11,27,10463,4,1179867364,39,72,360,0,3,81,A#,Major,60,30,55,6,14,13,3
2,1966,11,20,610,14,245538612,21,54,18,5,50,99,B,Major,67,88,59,54,0,5,2
1,1839,5,5,710,0,42582600,35,3,25,0,48,172,F#,Minor,48,48,73,10,0,33,5
1,2045,7,12,910,100,31880438,74,240,100,23,1203,72,,Major,43,13,9,101,0,10,3
1,2220,1,24,1912,0,124326340,97,41,106,1,53,160,F#,Minor,55,61,59,12,0,20,25
1,2153,5,12,2818,0,132320281,3,7,14,0,1,145,G,Major,80,53,46,64,0,15,10
3,2148,9,24,3822,0,457754573,97,2,77,12,1,115,,Minor,72,63,67,0,0,14,4
1,2151,11,16,719,10,268283177,41,25,66,0,271,155,A,Major,34,24,60,4,0,12,3
1,2011,8,27,3668,10,921095401,7,0,213,0,2,139,B,Minor,75,19,25,77,0,12,26
1,2067,5,4,8724,29,1353504060,131,84,156,4,0,168,C#,Major,69,44,66,26,0,14,11
1,2086,11,19,1017,0,160588782,25,47,73,0,0,99,,Major,45,43,37,72,0,10,5
2,1999,12,10,700,24,2949,22,105,23,9,75,163,A#,Major,48,79,60,19,0,11,4
1,1930,12,4,797,2,96631111,24,17,30,1,0,85,E,Minor,59,34,67,14,0,11,5
2,2005,8,15,1589,0,110168449,0,0,14,0,0,88,,Major,74,62,69,6,0,17,18
2,1832,2,10,717,23,338923610,11,114,6,3,68,142,A,Minor,56,86,68,25,0,10,5
2,1871,12,2,906,0,121035399,3,6,11,0,0,103,G#,Major,83,16,52,10,0,38,5
1,1999,1,1,15352,0,746593797,192,155,214,0,,146,G#,Major,66,90,37,65,0,47,5
1,1861,1,28,580,20,246280903,6,67,4,2,13,153,G,Minor,74,101,80,19,0,5,5
1,2213,11,4,1779,0,252259490,35,48,37,17,0,148,G#,Major,44,14,57,39,13,31,5
1,2028,3,33,888,19,231427427,19,102,20,0,74,136,A,Minor,88,60,40,3,0,11,4
2,2126,8,24,1031,2,210521654,18,11,12,1,1,110,B,Minor,81,74,77,30,1,10,4
1,2159,1,26,1986,0,113901458,115,43,111,1,57,177,F#,Minor,54,60,66,13,0,20,28
1,2007,6,15,13694,0,2487201571,176,35,774,0,5,92,B,Minor,43,22,46,41,0,33,24
2,1830,3,26,7672,73,951807187,199,109,309,38,101,114,B,Major,78,79,74,39,0,13,4
1,1868,10,7,441,1,262234707,5,0,5,0,0,91,G,Major,60,28,35,84,0,10,3
2,1924,1,27,7779,0,689245642,100,31,135,0,0,107,G#,Major,97,78,87,3,0,18,11
2,2210,3,15,3013,52,752202521,34,202,40,13,420,160,F,Minor,70,75,81,46,0,7,3
1,2111,1,21,2753,0,299541359,50,1,63,11,1,103,C#,Major,95,81,53,11,0,8,27
4,1932,9,3,6030,7,1244060849,128,82,580,20,11,76,B,Minor,69,61,81,25,0,41,29
2,2189,5,6,1572,8,306541707,9,31,13,0,33,109,D,Major,73,52,66,59,0,7,4
1,2211,11,4,780,2,95299233,29,17,35,1,0,91,E,Minor,63,30,70,15,0,12,5
1,1927,1,1,29964,0,2250644223,370,139,3890,0,31,83,D,Major,79,54,47,44,0,16,3
3,1960,5,12,2476,0,75682941,7,0,7,0,0,128,D#,Minor,54,64,77,20,0,14,27
3,1973,11,2,5832,85,890203266,110,140,242,21,27,89,C#,Minor,76,18,57,33,0,8,5
1,2221,5,12,8716,82,1142930024,221,134,467,36,341,146,,Major,73,80,85,10,0,7,5
1,1895,2,26,2584,39,234621620,72,82,61,1,661,138,G,Minor,66,85,76,48,0,16,5
1,1837,11,22,11453,2,852393233,125,110,181,1,10,116,C#,Minor,50,48,79,23,0,71,6
2,1952,5,13,2755,0,292890465,39,25,47,0,0,123,,Major,51,37,70,4,0,11,30
1,1922,7,21,460,39,519238638,4,3,18,0,0,86,F#,Minor,83,52,77,12,0,7,4
1,1994,10,1,4330,4,684982581,70,107,142,18,399,192,A#,Major,31,27,46,73,0,17,4
2,1858,11,29,2999,0,228834422,80,22,64,0,0,136,,Major,73,73,85,4,0,47,3
1,1952,7,8,149,26,36565533,32,89,8,2,5,87,G#,Major,54,22,56,1,0,15,3
1,2070,1,7,4272,0,297729614,85,75,137,0,,115,G,Major,63,98,73,3,0,7,10
1,2219,10,23,1108,0,119357724,4,0,8,0,0,151,F#,Major,45,8,25,76,1,11,6
2,1959,9,14,582,0,268881574,24,92,88,0,0,120,F#,Minor,76,67,73,30,0,13,6
2,1997,9,30,2324,12,299792427,58,7,54,3,1,100,F,Minor,67,65,66,6,0,11,6
2,1936,5,6,8474,44,1434294628,104,117,151,24,53,89,C#,Minor,90,45,69,9,0,10,8
3,1943,1,26,1721,0,112337688,82,1,52,0,8,108,,Major,73,91,88,16,0,40,5
2,2198,5,28,626,0,47799176,24,21,33,0,0,93,G#,Major,68,7,59,6,0,53,6
1,1828,13,9,928,0,63390205,5,9,1,0,0,87,D,Major,57,47,81,9,0,35,4
2,1839,7,6,7755,45,1350307739,96,71,167,13,167,129,D,Major,62,57,73,1,3,25,4
1,2044,1,25,138,4,151097809,4,6,0,0,24,130,D,Major,58,19,46,98,0,13,4
2,1983,6,27,6351,37,855876443,78,56,130,8,0,90,C#,Minor,82,52,65,34,0,9,9
2,2011,11,1,4983,29,307973364,202,99,140,18,59,120,G#,Major,74,77,86,7,0,17,9
2,1849,2,31,5363,19,760698448,55,40,92,0,0,88,C#,Major,70,57,85,3,0,7,5
1,2001,1,1,42739,1,1673916665,229,146,7382,3,109,121,F#,Major,49,63,91,9,10,9,5
2,1983,5,6,1593,7,337426800,10,29,12,0,32,114,D,Major,79,53,60,61,0,8,4
3,1957,7,1,1550,0,86207050,11,0,2,0,0,145,A,Major,82,55,67,0,0,8,25
2,2077,10,33,12087,20,1617403896,172,177,478,10,23,108,E,Minor,71,14,60,38,0,12,5
1,2090,1,29,1975,0,130787428,105,38,123,1,63,172,F#,Minor,57,56,58,12,0,18,25
2,1900,12,9,694,27,2799,19,112,20,10,74,173,A#,Major,51,76,59,19,0,12,4
1,2061,1,1,35940,0,2285766840,356,123,4155,0,26,82,D,Major,75,62,46,43,0,19,3
2,1923,10,6,4672,37,631994918,66,71,90,12,17,96,C#,Minor,83,42,54,0,0,10,26
1,1948,3,3,156,0,34176595,2,10,0,0,0,120,,Major,53,34,61,36,0,8,3
1,1822,12,2,216,6,192289664,7,6,0,0,45,124,F,Major,56,20,42,74,0,10,3
1,1893,9,15,743,7,190823880,2,4,6,0,0,92,F,Minor,64,38,50,32,0,11,10
1,2004,6,4,9720,29,1333837440,113,89,175,4,0,191,C#,Major,60,42,67,30,0,14,13
1,1840,13,22,1318,0,60095590,32,0,18,0,2,98,C#,Minor,75,61,76,13,0,9,6
1,2074,8,15,159,4,124711172,5,6,1,1,17,128,G,Major,64,35,43,42,0,10,3
1,1902,5,10,1549,13,385116871,22,65,47,1,191,112,E,Major,55,25,37,66,0,32,3
2,2159,10,2,1825,0,319978164,101,12,41,0,0,105,G#,Major,77,62,92,9,0,14,10
1,2077,3,22,13355,14,1494179596,210,112,101,0,206,126,,Major,71,59,80,2,0,46,3
1,2107,1,9,4164,7,836896027,85,20,237,1,51,172,E,Minor,40,10,65,2,0,11,5
2,2025,1,28,4770,0,289570971,139,78,118,1,17,122,A#,Major,83,54,84,20,0,28,4
1,2195,10,22,1162,0,184971705,1,6,11,0,0,100,F,Major,55,50,79,21,0,8,4
3,1872,11,22,1058,20,488520678,12,114,10,5,3,143,B,Minor,84,81,70,15,0,25,10
6,2047,2,23,861,0,129114597,33,36,32,0,0,114,A,Minor,85,73,72,12,0,10,15
1,1984,6,9,298,0,122575209,5,39,11,0,0,127,D,Major,64,32,46,40,0,24,4
1,2149,1,1,42816,1,1531695653,233,146,6121,3,103,134,F#,Major,48,62,88,8,11,10,5
1,2071,8,10,637,0,189956494,15,1,17,0,2,76,B,Minor,80,48,62,3,6,11,46
1,1901,10,2,860,0,137846563,10,1,8,0,0,148,E,Minor,64,26,80,7,0,59,25
1,2006,13,9,908,0,69933444,6,18,1,0,0,111,G,Minor,49,49,72,65,0,9,22
2,2070,5,31,26109,0,2493010834,286,153,2283,0,41,100,G#,Major,72,61,47,45,0,10,3
1,2157,5,4,2944,2,513334999,17,90,0,0,5,97,A#,Major,73,53,73,4,0,5,22
2,1870,9,14,728,0,87467132,15,0,9,0,0,87,D#,Minor,67,25,54,5,0,52,4
1,2074,5,26,6138,20,1301400345,0,0,869,0,0,161,C#,Minor,68,50,53,66,0,15,3
7,1996,11,20,2845,0,428292478,87,98,45,0,,193,,Minor,54,91,48,37,0,12,8
1,2143,3,30,24874,120,2708328011,432,189,844,42,,180,F#,Minor,50,63,66,36,0,31,6
1,2079,2,11,922,0,51431033,19,3,22,0,0,90,C#,Major,64,63,66,11,0,10,44
3,2222,13,2,6042,80,808178020,111,140,248,23,27,96,C#,Minor,76,18,64,33,0,8,5
2,2218,11,6,5007,41,714010781,61,78,82,11,17,90,C#,Minor,84,37,60,0,0,9,26
2,2013,1,1,26388,32,1159323807,68,123,761,0,451,130,E,Minor,79,35,50,7,0,21,10
2,1916,3,16,2879,47,521804971,50,120,62,12,312,172,D,Minor,82,59,49,22,0,7,33
1,1903,9,16,148,4,144429988,5,6,1,1,16,140,G,Major,69,34,40,41,0,10,3
2,1822,12,19,6737,0,888319838,90,115,1136,0,62,102,G,Major,76,46,93,5,0,27,14
1,1872,11,8,915,4,266412049,33,89,86,1,28,142,F#,Major,71,86,89,47,0,32,3
1,2129,6,11,803,0,281846963,34,110,25,0,0,174,C#,Major,52,65,80,4,0,31,20
3,1914,7,24,254,4,306497646,7,19,2,0,0,102,F,Minor,91,53,78,7,0,16,8
1,1892,1,14,2872,0,537801785,10,2,139,0,0,114,B,Minor,54,52,83,0,0,5,3
2,2189,2,14,1348,0,282712574,44,4,33,1,0,121,C#,Major,78,26,80,21,0,12,23
2,2093,10,3,5443,7,636182419,121,109,90,0,3,156,C#,Major,70,27,48,5,0,22,28
1,2069,3,26,19084,5,1471347649,40,0,7568,0,0,107,A,Major,45,26,91,0,0,65,4
1,2036,3,18,5180,0,934763989,59,92,465,3,14,146,C#,Major,80,100,63,0,0,19,4
2,1843,11,26,1297,0,114020176,43,8,60,0,0,85,G,Major,93,57,62,5,0,20,7
1,2112,5,17,3028,52,285061340,79,132,86,15,443,149,A,Minor,61,24,77,14,59,12,6
2,2200,8,18,12360,0,685614796,165,60,493,0,10,115,B,Minor,78,59,78,2,5,7,9
1,2205,3,18,1991,0,755282463,3,0,63,0,384,182,,Major,60,55,66,10,0,49,8
1,1826,3,10,3900,45,791071640,102,99,311,18,151,107,F,Minor,84,68,66,2,0,7,5
2,2057,3,23,6435,75,983822511,196,107,325,35,91,116,B,Major,76,88,75,41,0,15,4
1,1971,4,9,380,15,119790743,15,109,7,0,53,114,E,Minor,73,42,84,1,0,8,5
1,2166,13,3,4317,0,385206838,65,89,43,0,0,97,G,Minor,52,37,37,49,0,12,17
1,2209,1,7,754,0,123259416,13,0,35,1,0,117,A#,Major,60,32,33,97,0,30,3
1,1944,3,29,327,2,135139364,27,2,30,0,0,129,C#,Minor,93,28,53,11,0,10,10
1,2184,5,23,3372,0,600487526,9,0,71,0,0,155,A#,Minor,72,71,58,24,0,7,14
2,2156,4,20,1164,0,93613177,37,64,28,0,0,125,A,Minor,63,11,53,1,0,46,3
2,2040,8,5,6212,10,509560794,98,17,205,3,159,157,F#,Minor,60,19,76,1,0,15,5
2,1824,10,23,8055,18,652782069,107,158,261,2,,125,,Minor,57,15,65,0,0,12,4
1,2161,6,18,2832,0,191878326,40,104,27,0,2,147,A#,Minor,91,8,47,9,0,10,14
1,1949,7,7,132,17,38397136,15,66,5,0,8,154,D,Major,52,19,60,1,0,11,3
1,1863,4,13,2670,36,167183248,58,84,55,3,456,157,D,Major,50,34,94,0,0,12,5
1,2102,1,1,13519,0,838777550,200,181,192,0,,131,G#,Major,64,82,40,64,0,43,5
3,1982,9,23,3872,0,454440593,95,2,74,14,1,110,,Minor,74,72,72,0,0,14,4
2,1933,2,22,4538,46,574377899,104,118,173,17,369,176,E,Minor,67,64,65,64,0,9,30
1,1924,2,24,1391,0,59972971,41,49,32,0,0,84,B,Major,47,31,89,19,0,10,5
2,2128,2,23,1545,0,146929091,35,17,40,2,0,96,,Major,65,32,71,49,0,38,6
1,1895,7,7,446,53,63766784,34,196,19,5,168,154,F,Minor,76,48,89,20,0,14,7
1,2162,6,4,8834,26,1150401164,129,79,179,4,0,174,C#,Major,60,45,68,30,0,15,13
3,1829,1,13,636,6,127415419,36,7,50,2,0,91,A#,Minor,75,81,64,3,0,31,9
1,2012,1,1,19147,25,1311788359,87,54,3362,1,18,98,F,Minor,99,85,68,3,0,4,6
1,1835,5,24,13538,20,942993042,148,120,468,6,274,84,B,Minor,67,47,62,3,0,18,10
2,1834,9,21,632,15,255521734,19,62,18,5,49,96,B,Major,79,84,55,57,0,5,2
1,1871,7,1,17095,15,1099904753,72,34,639,0,182,116,,Major,77,81,75,7,0,12,3
1,2172,7,7,3265,9,507658778,104,83,95,1,1,180,F,Major,78,58,75,13,0,15,20
1,1932,13,8,2457,6,306009011,54,102,58,13,2,95,G,Major,36,28,25,84,0,19,3
1,2067,5,8,3092,0,64410550,28,0,31,0,0,97,G#,Minor,76,80,77,19,0,6,36
1,1887,11,5,1703,9,1484135315,0,0,373,0,0,138,F,Major,71,90,72,6,0,29,5
1,1979,4,9,718,2,157033636,10,7,13,0,15,113,F#,Major,69,57,46,80,0,12,6
1,2200,9,8,1919,14,591136085,1,9,3,0,0,140,G#,Major,53,4,63,7,39,8,3
2,2123,11,4,4663,18,532165464,83,87,46,0,23,156,B,Minor,57,46,56,5,0,38,22
1,2170,3,18,1255,9,118861985,18,9,14,0,6,85,F,Minor,63,77,57,4,0,16,21
1,2086,7,14,435,39,16024360,33,34,33,1,28,152,C#,Major,54,44,69,0,0,38,4
1,1908,1,1,20920,7,714084200,30,11,293,0,0,144,C#,Major,35,28,65,15,0,10,5
1,2191,1,7,778,0,130609332,12,0,34,1,0,104,A#,Major,57,34,36,94,0,30,3
1,1968,10,23,6399,16,714715031,42,87,243,1,45,163,G#,Major,77,38,53,16,0,15,23
1,1886,5,12,971,30,125574360,39,51,80,10,33,141,B,Major,79,38,43,84,0,9,11
1,1941,1,6,2787,6,424240847,13,83,34,0,3,138,A,Minor,65,63,55,4,0,16,3
1,2094,7,11,11845,4,567207140,24,0,802,0,0,101,C#,Major,36,19,25,70,5,11,3
2,2214,10,4,1072,0,113957270,6,5,3,0,0,134,F,Major,93,68,66,0,0,13,19
1,1853,8,10,1254,2,269061984,28,2,5,0,6,85,F#,Major,57,82,67,38,0,6,4
2,1921,3,10,3244,0,324208624,67,2,46,10,0,113,G,Major,86,70,58,17,0,10,24
2,2002,4,26,324,9,83342248,16,88,11,0,68,111,B,Minor,76,25,67,1,0,39,6
1,1949,7,29,4289,0,382920007,25,7,102,0,0,117,C#,Major,78,21,51,1,0,27,16
1,2032,6,10,1828,8,216801290,124,72,100,1,8,85,A#,Minor,59,81,64,33,0,21,7
1,1845,8,5,28211,6,1477312757,121,23,7866,1,0,136,F,Major,51,21,46,80,0,12,2
2,1843,1,26,4721,0,293004516,134,68,123,1,18,135,A#,Major,78,57,74,18,0,27,4
1,2022,4,22,755,4,201479186,21,4,14,0,4,118,F#,Minor,95,70,63,12,0,52,40
1,2042,1,22,2316,19,421257154,18,74,46,0,21,118,A#,Major,78,57,96,1,0,14,12
3,2052,6,3,806,4,182756048,29,0,55,0,0,129,F#,Major,93,77,61,49,0,11,25
1,2056,5,12,9258,79,1168951799,225,116,437,39,346,147,,Major,68,84,74,12,0,5,5
2,1931,5,27,851,0,156345776,20,0,15,0,0,80,B,Major,75,67,63,89,0,12,36
1,2194,10,26,3565,0,324459578,68,99,28,0,2,116,D#,Minor,86,51,49,16,3,8,10
2,1983,5,6,9172,42,1402782725,99,110,144,25,49,94,C#,Minor,93,45,75,10,0,9,9
2,1953,12,4,1399,0,156267197,23,7,15,0,0,139,G#,Minor,94,21,57,1,0,7,32
1,1990,13,24,514,16,209455888,4,10,5,1,2,161,D,Minor,85,82,50,63,0,13,33
1,2086,4,6,211,0,95168371,12,0,7,0,0,151,C#,Minor,74,22,49,24,0,9,6
1,1826,10,21,1638,0,211206978,11,3,13,0,0,112,G,Major,80,11,54,20,0,32,18
1,2117,3,18,5635,7,1332417599,85,1,235,0,2,98,F,Major,48,25,43,64,0,33,3
1,2131,5,6,844,0,255247636,6,19,8,0,0,118,C#,Minor,78,75,63,8,0,46,13
1,2120,4,8,2591,12,331301033,47,92,1,0,7,131,F#,Major,67,48,79,5,0,9,3
1,1897,1,33,522,0,95834741,12,51,0,0,106,113,G#,Major,61,72,89,0,0,14,3
2,1934,2,4,1069,0,81689526,44,1,28,0,0,124,C#,Minor,88,50,53,47,0,13,43
2,1879,12,22,487,4,90846305,6,1,20,0,1,76,C#,Major,55,41,34,71,0,12,36
1,2053,9,13,25705,32,2144080416,171,109,4880,1,0,135,E,Minor,52,41,60,66,0,12,5
1,2117,11,7,6555,0,249017336,107,58,289,0,0,134,,Major,64,66,77,16,0,20,3
1,2046,11,28,1312,0,143131706,25,0,30,14,0,123,F,Major,65,81,79,27,0,19,4
1,2181,1,32,2560,19,417415643,57,112,15,1,314,198,F#,Major,57,55,64,50,0,16,4
2,1887,7,22,501,4,293043186,10,42,3,1,0,92,G,Minor,75,64,59,27,0,12,15
2,1830,6,2,293,1,40971980,1,21,5,0,1,87,F#,Major,57,26,66,49,1,26,12
1,1954,5,21,4778,1,303007047,74,12,70,0,1,106,B,Major,78,35,74,26,6,11,4
1,1958,2,14,353,0,165435205,10,20,7,0,10,77,,Major,76,55,61,53,0,7,4
2,2033,2,22,3929,53,598287100,124,130,170,18,360,180,E,Minor,73,55,69,65,0,9,31
2,1895,5,21,850,0,57937545,37,2,35,0,1,134,C#,Major,80,21,69,1,0,15,4
1,2133,1,2,1922,27,451084339,28,125,14,1,22,118,A,Minor,76,75,77,36,0,12,4
1,1868,5,20,63,8,46161899,8,9,0,0,62,83,E,Minor,73,38,63,29,0,26,5
2,2162,6,1,296,8,12225783,5,2,27,2,67,146,B,Minor,84,68,65,44,0,12,23
1,1956,10,3,934,0,82471525,62,12,37,1,0,146,A,Major,54,24,38,55,0,9,3
2,2033,5,8,1311,0,261839907,25,16,16,0,1,135,C#,Minor,83,38,77,6,0,57,6
1,2132,8,26,3602,11,1073718001,7,0,215,0,2,148,B,Minor,78,19,25,78,0,10,28
1,1915,5,12,5883,0,289585695,52,15,67,0,193,131,D#,Minor,88,35,61,41,0,11,13
2,2001,10,15,833,0,86242137,17,0,9,0,0,83,D#,Minor,67,23,55,5,0,47,4
2,2050,10,4,920,0,102321027,6,5,3,0,0,149,F,Major,100,58,65,0,0,11,20
1,1846,4,15,8343,0,729719739,222,50,253,22,25,118,A#,Minor,88,69,69,10,0,35,7
1,2033,3,31,2181,0,255972485,82,10,43,0,14,147,F,Major,60,55,70,2,0,64,4
1,2026,7,23,764,12,257112175,20,129,12,0,12,125,,Major,69,72,93,9,0,8,12
1,2212,4,6,220,0,87772170,12,0,7,0,0,129,C#,Minor,65,22,45,25,0,8,6
2,1984,2,1,858,2,190595937,41,0,106,1,1,138,A,Minor,79,52,53,4,0,9,8
1,1948,2,22,10679,6,943342526,76,57,168,0,10,157,F#,Major,57,74,82,48,0,13,6
5,2114,6,15,2531,0,273455431,34,2,36,2,0,100,C#,Major,83,63,88,8,0,6,9
2,1846,10,8,23901,84,2647489581,381,114,896,4,73,97,D,Major,70,98,46,50,0,7,5
1,2085,7,6,6287,0,457300682,164,73,378,0,0,111,G#,Major,79,51,72,2,0,10,5
1,1830,1,21,8183,14,888530601,123,62,1101,2,,157,A,Major,47,26,75,12,0,10,7
1,2118,10,31,3705,6,339362506,116,45,154,0,238,111,F#,Major,93,67,49,3,0,5,16
3,1861,3,29,281,2,129426786,11,2,4,0,0,88,,Major,87,88,81,27,0,58,17
2,2066,3,32,729,0,61011864,8,1,14,0,0,101,F#,Minor,53,51,75,37,0,35,20
1,2127,1,6,2730,6,375286903,14,91,37,0,3,131,A,Minor,77,56,62,4,0,17,3
1,1846,12,23,10051,2,874500031,120,114,188,1,10,117,C#,Minor,47,58,77,21,0,66,6
3,1947,4,29,4966,13,561367106,133,82,73,0,33,83,C#,Major,50,36,69,33,0,7,31
1,1824,6,9,761,0,348084456,5,144,15,0,3,83,G#,Major,76,69,89,2,0,4,17
3,1869,5,12,1032,32,90579945,36,54,46,8,187,135,B,Minor,80,94,83,4,0,21,6
4,1962,1,16,11441,0,832770168,226,57,723,0,18,117,D,Major,89,73,89,1,0,31,12
1,2079,12,22,6953,0,650875652,31,23,16,0,4,134,G,Major,60,25,34,10,19,15,3
1,2152,7,22,7799,23,635719967,23,79,60,1,48,81,F,Major,48,42,62,51,0,8,3
1,2127,11,11,283,5,294791020,11,86,1,0,7,100,F#,Minor,71,41,48,37,0,10,4
3,2112,11,28,2551,2,384206193,57,22,57,1,0,86,E,Minor,80,77,67,62,0,70,9
1,1876,12,16,7161,0,488644880,81,1,304,0,0,147,C#,Major,45,74,24,93,0,19,4
1,2106,7,10,786,0,331614162,5,130,17,0,3,75,G#,Major,67,69,89,2,0,4,17
1,1963,8,1,790,11,268485452,13,150,10,0,1,95,A#,Minor,87,69,59,25,0,9,4
1,1865,3,31,13187,8,1158631351,125,5,599,0,0,153,B,Minor,34,48,71,0,0,9,4
1,2132,7,32,7598,9,539695496,209,95,337,27,23,111,G,Major,80,60,65,4,0,7,14
1,2071,6,25,823,0,119725335,23,0,24,0,0,187,G#,Minor,43,47,71,7,0,11,13
1,1874,2,28,1305,0,290432969,14,1,14,0,1,94,C#,Minor,71,76,75,21,0,26,4
2,2025,3,3,1940,48,231434422,81,78,100,12,321,122,G#,Minor,86,69,67,3,1,12,4
2,2208,12,9,716,25,3006,23,120,21,10,72,158,A#,Major,50,72,69,18,0,12,4
3,1940,6,3,967,4,175854101,28,0,52,0,0,137,F#,Major,86,85,56,58,0,9,23
1,2153,5,5,990,29,435668554,5,30,9,0,0,146,B,Major,76,75,74,20,0,17,6
1,1977,5,6,1417,0,292240651,9,11,22,1,0,79,A#,Major,66,43,62,24,0,8,5
2,1854,4,31,862,0,230191099,16,82,21,0,0,125,E,Major,99,83,99,3,0,3,10
3,2056,3,34,818,0,191215211,15,0,12,0,0,78,A#,Major,78,47,90,13,0,22,23
1,2134,1,8,4660,0,301666801,86,79,139,0,,119,G,Major,66,90,86,3,0,7,9
1,1930,8,3,1913,0,341243670,16,5,42,0,7,123,B,Major,43,31,47,63,0,8,5
1,2136,11,8,441,1,227525744,5,0,5,0,0,96,G,Major,58,29,35,92,0,9,3
1,2128,8,15,171,4,131632922,5,6,1,1,19,134,G,Major,76,36,45,42,0,10,3
2,2155,11,11,710,4,194987622,22,3,0,0,0,100,C#,Major,51,63,64,13,0,30,8
2,2203,11,4,1598,0,147025816,21,8,14,0,0,142,G#,Minor,97,24,60,1,0,7,35
1,1986,4,22,7035,35,834995624,116,104,136,10,21,115,C#,Major,89,57,55,63,1,11,5
1,2020,2,10,2082,4,157810965,87,28,69,8,479,113,G,Major,99,100,79,64,0,9,4
1,2116,12,10,869,0,56704090,13,23,0,0,0,169,F,Major,79,82,65,31,0,11,12
2,2055,4,24,375,2,257386148,4,36,10,1,1,143,D#,Major,48,15,46,70,0,12,3
1,2057,9,22,10873,2,1714173628,286,69,1066,1,21,90,B,Major,80,56,32,89,0,8,5
2,2011,5,25,7927,15,607031111,20,55,937,0,0,118,E,Minor,77,63,78,2,0,20,6
1,2211,11,4,1588,0,260648223,35,43,36,16,0,150,G#,Major,51,15,57,36,13,30,5
2,2192,11,4,1471,0,150428185,23,6,16,0,0,142,G#,Minor,97,23,59,1,0,7,34
2,1827,13,28,2976,0,232571889,91,21,67,0,0,114,,Major,69,72,84,4,0,46,3
2,2130,10,8,23325,85,2767676629,389,114,832,4,68,92,D,Major,79,84,45,49,0,7,5
1,1940,1,1,4419,16,604628871,23,106,108,0,39,170,G#,Major,43,22,66,8,0,15,3
1,1962,5,15,991,82,102892387,56,208,51,11,930,137,C#,Minor,89,23,57,12,0,28,10
1,1886,13,12,8524,1,727082501,85,23,212,0,2,139,E,Minor,41,26,92,21,0,13,6
1,1851,5,6,4348,35,982400050,33,59,43,6,2,93,G,Minor,87,24,48,13,0,6,5
1,1826,1,1,10408,0,795479950,162,91,99,0,,118,D,Major,73,72,36,87,0,6,3
1,2025,4,15,3581,102,349725000,85,148,189,24,1223,133,D,Minor,50,35,45,86,0,10,3
1,1972,1,7,690,0,35772425,0,1,2,0,0,119,,Major,43,47,97,11,0,4,31
1,2035,5,19,2034,0,213828209,14,2,31,0,0,124,G,Major,56,20,55,68,0,6,5
1,1927,2,19,2673,0,176018162,40,0,23,0,0,157,E,Minor,69,11,59,0,0,13,10
1,1955,6,22,523,0,199359848,17,19,13,0,2,102,D,Major,79,35,90,4,0,3,5
1,1867,4,6,229,0,80822516,11,0,7,0,0,146,C#,Minor,77,21,48,26,0,8,6
1,1979,1,1,14549,0,1046342578,264,35,554,0,15,111,G#,Minor,73,24,64,40,2,12,23
1,2004,5,16,1973,0,151814631,74,10,122,0,40,147,A,Major,72,24,56,17,0,20,5
2,2151,11,11,4874,0,272800129,149,11,191,4,69,116,,Major,67,50,69,11,0,19,12
1,1884,1,1,22189,12,1789502574,80,0,2832,0,0,100,F,Major,67,45,92,1,0,9,5
1,1881,12,15,6078,0,403082836,82,1,300,0,0,145,C#,Major,41,65,25,96,0,19,4
2,2157,2,2,978,9,221389939,14,92,63,3,65,155,A,Major,63,65,76,34,0,33,21
2,2211,10,23,779,0,278327133,8,3,82,0,0,160,G#,Minor,49,65,78,57,0,104,31
1,2080,8,9,1644,35,358264225,15,19,23,3,4,95,,Minor,74,51,55,77,12,9,13
1,2133,11,25,6400,18,707862688,43,89,253,1,45,147,G#,Major,71,39,48,16,0,17,23
3,2009,11,5,4958,0,397116304,57,40,81,0,0,78,D,Major,66,86,58,6,0,35,4
1,2004,4,20,3308,12,408521431,62,83,44,17,107,112,G,Major,61,23,40,39,0,11,3
1,1957,10,21,1605,0,162667393,4,5,7,0,0,162,G,Major,52,60,90,44,0,15,13
1,2086,8,25,1363,6,173718554,24,7,19,0,5,99,D,Major,70,40,48,72,0,14,4
1,1877,4,13,9272,0,793751198,238,50,249,23,22,100,A#,Minor,81,75,79,11,0,32,8
3,2145,11,4,2106,0,186388587,23,7,16,0,1,130,E,Minor,75,44,59,6,0,33,11
2,2023,5,29,29694,0,2781483854,326,153,1995,0,41,97,G#,Major,69,65,50,44,0,10,3
1,2044,5,13,3589,0,180229000,21,10,34,0,0,91,A#,Minor,88,40,46,41,0,13,21
2,2113,4,27,1006,0,152619511,20,0,7,0,0,103,,Major,60,32,91,27,0,10,9
2,1855,5,6,2719,20,551296872,28,79,20,2,0,117,B,Minor,76,40,74,2,0,72,4
1,1867,1,10,266,0,83400162,2,12,10,0,0,137,E,Minor,56,43,83,8,0,64,6
1,1929,1,7,2349,0,117948897,11,31,14,0,0,132,F#,Minor,80,36,72,0,0,19,5
2,1951,12,4,998,0,115078425,3,8,5,0,0,128,D,Major,62,11,56,1,0,25,26
1,2092,10,7,5803,0,841193344,79,95,184,0,13,93,B,Major,75,21,45,21,4,34,8
1,2177,12,5,2377,10,1790534414,0,0,804,0,0,159,,Major,56,46,29,92,0,15,4
2,1834,4,1,2733,37,488029855,28,52,43,7,82,100,F,Minor,80,47,80,29,0,7,7
2,2115,2,17,5148,14,377207396,115,35,307,1,33,117,C#,Major,89,42,80,6,0,16,15
2,1855,11,28,271,6,159800088,8,81,5,1,4,143,E,Minor,78,77,86,18,0,6,9
1,2080,3,26,10152,5,1404551410,155,114,801,1,96,124,C#,Major,47,17,57,23,0,35,4
3,2093,4,28,5012,15,521008594,126,88,77,0,35,79,C#,Major,44,31,58,32,0,7,35
2,1859,9,15,1499,4,221668279,27,61,66,1,4,148,,Major,67,58,98,15,0,67,4
1,1844,10,19,1555,0,235345431,10,3,11,0,0,113,G,Major,70,11,54,18,0,30,17
1,1813,1,1,23586,29,1189030640,58,76,1138,2,1,87,D,Major,75,85,66,4,0,8,4
2,2210,10,21,1062,0,246490498,19,5,22,0,0,80,D,Major,72,78,65,32,0,13,5
2,2033,2,14,1257,0,311061379,50,4,34,1,0,117,C#,Major,81,27,92,23,0,11,20
1,1905,5,12,1180,0,38997042,0,0,3,0,0,120,F,Minor,65,91,45,91,0,20,18
1,2137,2,10,988,0,53313581,21,3,24,0,0,83,C#,Major,60,59,61,12,0,10,42
1,2022,10,23,4178,6,533753998,148,22,135,3,17,136,A#,Major,86,92,48,38,0,8,7
2,2101,4,20,1241,0,96814827,39,65,31,0,0,128,A,Minor,62,11,54,1,0,48,3
1,2000,1,1,13169,0,1071411023,271,31,626,0,15,131,G#,Minor,84,23,61,43,2,10,23
1,2026,3,22,369,20,168495377,4,74,5,0,5,111,G,Major,64,32,81,0,0,38,4
3,1913,12,17,837,0,168086167,32,25,14,0,0,85,F#,Minor,64,70,74,17,0,12,8
2,2123,8,3,5686,9,618443281,126,24,126,0,1,168,C#,Major,72,81,77,41,0,7,18
2,1960,12,4,9714,6,599030944,233,103,248,0,5,121,G,Minor,77,45,70,3,0,9,4
3,2046,6,2,776,17,86126857,17,62,27,1,46,86,A,Minor,57,12,52,4,0,19,4
2,2004,5,6,1225,0,347189015,9,27,13,1,1,96,C#,Minor,86,41,66,80,0,10,35
2,1961,11,13,699,0,85990935,15,0,9,0,0,87,D#,Minor,63,26,54,6,0,50,4
2,1882,3,27,2485,1,337557621,56,3,29,0,0,81,G,Major,86,59,79,8,0,11,5
1,1962,1,22,2605,19,417465312,20,75,53,0,20,128,A#,Major,70,55,96,1,0,14,11
1,2116,5,12,1366,0,45118782,2,0,11,0,0,171,C#,Minor,34,13,25,86,0,11,4
2,2012,1,14,393,2,167255819,14,37,19,1,15,107,,Major,82,55,66,8,0,24,4
1,2070,8,6,84,12,28260987,3,34,3,0,1,141,B,Minor,54,64,95,0,0,18,7
1,2187,2,10,3772,9,450474430,103,42,817,22,,108,B,Major,84,78,76,36,0,12,4
2,2033,3,31,657,0,53805538,8,1,13,0,0,100,F#,Minor,47,50,85,37,0,34,19
1,2213,1,1,21054,7,635220554,35,11,300,0,0,139,C#,Major,38,30,61,14,0,10,5
1,2202,1,9,2232,0,113559578,39,119,427,0,2,83,D,Minor,59,61,52,33,0,21,10
1,1885,11,23,2497,53,1633318220,70,22,22,0,255,127,C#,Minor,64,56,51,8,0,16,8
2,2097,12,14,1582,15,219774058,28,15,33,2,50,113,G,Minor,86,73,80,8,0,10,5
2,2117,10,14,575,0,275163634,24,95,96,0,0,110,F#,Minor,79,67,75,28,0,14,7
1,1904,7,15,14973,0,2327492928,206,31,670,0,5,81,B,Minor,40,22,47,38,0,35,25
1,2055,5,10,499,26,327929915,8,122,4,3,2,87,,Major,87,37,59,33,0,7,3
2,1864,1,1,38786,0,1481507134,224,146,5937,1,,132,,Major,79,82,56,49,0,10,4
1,2045,11,8,4916,22,714452847,21,49,0,0,10,126,A,Minor,68,19,56,11,0,6,4
1,2104,2,4,2515,0,315882060,103,12,53,0,12,165,D,Minor,65,70,60,1,0,12,4
3,2110,6,3,884,4,168456853,25,0,54,0,0,131,F#,Major,101,87,56,59,0,11,23
1,1839,13,8,719,0,50261152,2,16,1,0,0,111,D,Major,65,44,52,63,0,17,8
1,2208,1,1,18583,32,868523894,61,38,1388,0,2,97,A#,Minor,73,72,65,5,0,25,14
1,1950,7,11,4782,0,438842748,110,18,71,10,2,124,D,Major,87,84,93,6,0,30,22
1,2023,11,2,11516,8,1061209069,171,75,253,6,15,134,D#,Minor,82,62,60,42,1,11,4
1,2174,1,2,1796,25,458751420,28,118,14,1,23,115,A,Minor,74,78,73,37,0,12,4
1,2063,6,10,9870,4,661172771,24,0,768,0,0,95,C#,Major,39,16,26,79,5,9,3
2,1896,11,17,7435,0,1008125562,100,136,1337,0,66,102,G,Major,69,45,91,5,0,25,12
2,1924,2,3,377,10,139631903,4,62,4,2,34,166,A,Major,54,87,57,9,0,6,5
1,1972,5,21,7410,8,693413464,168,41,218,17,55,106,A#,Major,66,86,72,28,0,12,5
1,1842,9,17,439,11,227918990,2,141,13,0,1,132,G,Major,89,54,61,7,0,59,10
1,2086,9,15,715,7,164845808,2,4,7,0,0,93,F,Minor,70,35,44,32,0,12,11
2,2045,3,15,340,5,117734448,5,50,2,1,9,153,G,Minor,69,82,75,27,0,12,7
3,1866,9,17,6572,49,2078861674,192,42,6694,2,0,137,D,Major,67,86,87,3,0,9,8
2,1843,6,3,5095,14,558695983,96,22,79,14,42,102,F,Major,69,46,74,13,0,12,8
1,2216,5,12,1571,0,40266625,1,0,4,0,0,83,G,Major,45,64,38,76,1,45,35
1,1904,5,2,648,0,216188461,17,82,8,0,0,108,G,Major,91,39,65,5,0,13,13
2,2090,4,19,2737,42,499731472,42,198,59,11,272,85,F#,Minor,54,55,73,22,0,29,5
2,2117,4,7,633,37,200648531,17,105,23,9,211,162,F#,Major,63,35,77,34,0,11,3
1,1811,1,1,21905,54,1067524808,80,155,1624,3,208,116,C#,Minor,59,26,62,7,0,13,3
1,1814,1,1,25743,14,1798737727,68,85,3757,4,14,189,D#,Major,33,37,77,21,0,27,5
1,1827,5,22,3875,0,828349645,19,21,94,0,7,179,A,Major,43,21,28,92,0,36,4
2,1984,4,31,3362,15,553267566,61,21,76,1,0,93,D,Major,84,85,49,15,0,29,7
2,2014,12,24,1397,0,168063538,11,1,10,0,9,107,F#,Minor,43,37,85,10,0,9,20
1,2113,6,23,4766,0,558179744,45,20,80,12,0,85,G#,Minor,96,79,63,31,0,8,15
2,1968,6,24,1010,33,50734516,43,81,55,3,168,142,C#,Minor,82,91,92,17,0,45,5
2,2153,6,23,58,17,42308418,2,105,4,2,197,106,B,Major,84,81,65,31,1,16,3
1,1911,6,28,7506,12,767028412,147,74,129,15,29,170,C#,Major,67,63,49,66,0,35,4
1,1829,2,8,3856,11,421198112,102,46,747,23,,112,B,Major,80,76,74,35,0,12,4
1,2007,7,7,679,44,63759148,24,85,29,13,191,99,F,Major,63,23,73,40,0,12,4
1,1887,10,21,9801,2,1901648062,257,68,1115,1,19,87,B,Major,84,58,29,82,0,8,5
1,1956,8,7,385,52,59011372,38,203,23,5,166,137,F,Minor,73,52,79,17,0,14,7
1,2048,7,26,231,0,71463992,12,2,14,0,4,122,E,Minor,86,60,62,31,0,12,4
1,1840,12,1,3437,0,479881723,20,3,11,0,0,139,D,Major,48,100,86,44,0,34,4
1,2061,7,1,880,18,397124891,22,130,12,2,7,108,E,Minor,59,73,89,25,0,28,25
2,1907,11,4,344,2,138212398,11,6,7,1,10,90,B,Minor,76,88,64,3,0,9,3
2,1948,10,22,16795,0,1006978390,90,64,4571,0,0,83,F#,Minor,85,53,80,4,0,43,21
2,1930,4,7,207,4,100786902,4,48,12,2,26,94,G,Minor,77,46,56,38,0,32,6
1,2023,10,29,10400,4,1113061772,44,75,380,0,3,79,A#,Major,58,34,57,7,14,12,3
1,2131,8,1,26054,0,2114248137,319,120,4111,2,83,123,G#,Major,43,30,23,85,0,14,3
1,2187,5,7,4382,36,969413517,31,62,42,7,2,89,G,Minor,82,21,51,13,0,6,5
1,2200,9,18,8723,0,990225185,170,7,277,0,4,95,C#,Minor,67,59,77,1,0,5,24
2,2133,8,18,13372,0,701776856,172,61,434,0,11,131,B,Minor,77,67,84,2,5,7,10
1,1901,3,28,2197,0,256003445,72,12,40,0,14,150,F,Major,56,53,73,2,0,62,4
1,2084,7,26,8014,34,842527113,171,98,457,15,50,128,G,Major,95,78,59,17,0,6,10
1,1926,8,14,1455,0,210601516,23,16,14,0,0,82,C#,Major,34,22,33,46,68,9,7
2,2106,3,1,965,5,129793416,7,30,47,1,29,159,F#,Major,58,82,91,31,0,97,5
2,2209,10,30,10266,20,1590124742,202,153,521,9,24,100,E,Minor,74,13,56,36,0,11,5
1,1821,3,9,4308,13,562499601,34,93,90,0,31,98,D,Major,58,37,62,5,0,15,3
2,2198,10,21,7393,16,551242294,110,163,308,2,,128,,Minor,59,16,73,0,0,10,4
1,1965,5,16,266,4,170179026,4,109,0,0,7,93,B,Minor,70,52,82,19,0,10,20
2,2142,3,15,8071,30,429218035,184,73,168,0,152,127,C#,Minor,86,70,67,1,0,5,5
1,2224,1,7,2803,6,352841302,13,92,34,0,3,128,A,Minor,77,66,57,4,0,15,3
1,2053,6,11,282,0,84240394,0,17,5,0,0,170,G#,Minor,56,64,76,4,0,22,10
2,2043,3,3,419,0,91504682,7,11,12,0,0,76,C#,Minor,57,71,79,52,0,10,43
1,2100,9,20,47992,18,1441532100,31,0,5020,7,0,88,F#,Minor,63,81,86,2,0,9,5
1,1976,11,19,4163,0,446330879,95,7,188,0,0,83,C#,Major,48,55,77,10,0,3,5
1,1868,10,4,751,2,96235483,29,18,33,1,0,93,E,Minor,67,31,66,16,0,10,5
1,1810,1,1,4198,15,649754413,26,98,109,0,43,173,G#,Major,45,25,65,8,0,16,3
1,2159,11,19,894,0,172498161,26,48,68,0,0,99,,Major,41,43,36,78,0,10,5
2,2001,6,24,271,9,36948963,9,7,26,2,77,119,F,Major,67,38,37,77,0,32,10
3,2177,4,4,610,15,147500341,4,14,12,5,51,177,B,Major,54,90,51,10,0,25,7
2,2063,5,12,3051,0,259967232,44,29,46,0,0,126,,Major,46,36,77,4,0,11,36
1,2108,11,9,1737,0,258214498,22,76,13,0,9,145,,Minor,69,37,60,44,0,16,6
1,2020,1,1,51111,37,2083678307,290,173,6688,1,48,119,D,Major,55,62,77,0,0,15,5
3,1883,1,5,2159,0,382259109,62,6,72,16,6,120,F,Major,62,43,48,67,0,32,5
1,1919,5,25,2786,93,135974547,0,0,148,40,0,99,B,Minor,70,83,78,2,0,31,5
1,1972,10,21,8427,51,968923841,229,134,151,8,314,107,E,Major,68,51,63,12,0,18,5
1,1896,1,10,11381,0,859981608,76,78,263,3,10,108,D#,Minor,83,63,73,3,0,10,3
2,2108,2,3,361,10,146824713,4,68,4,2,38,175,A,Major,58,79,59,8,0,6,5
2,2064,11,27,1698,11,351215449,21,4,15,1,3,91,C#,Minor,68,82,85,49,0,10,30
1,2209,8,1,874,12,273338773,13,152,9,0,1,100,A#,Minor,80,72,61,24,0,8,4
7,1920,11,11,128,4,131554339,21,77,2,0,0,124,G#,Minor,83,69,87,7,0,15,4
2,2108,7,22,5536,0,616974562,77,9,108,0,4,126,G#,Major,82,44,64,2,0,9,6
2,2093,6,27,7144,31,796324607,82,58,132,7,0,94,C#,Minor,96,49,69,38,0,9,8
2,2066,6,2,216,0,25186252,3,3,6,0,0,135,B,Major,83,26,70,4,0,23,11
1,2046,6,19,9418,0,374430524,228,61,282,14,2,120,C#,Minor,76,88,94,4,0,27,7
3,1931,6,10,690,2,123906468,18,0,25,0,32,128,D#,Minor,76,86,41,48,0,7,43
2,2124,2,29,4789,19,799662111,52,42,103,0,0,98,C#,Major,77,54,88,3,0,7,5
2,2002,12,5,90,0,131130713,11,98,0,0,44,102,A,Major,57,44,51,72,0,6,3
2,2134,6,22,1038,2,215535666,17,9,12,1,1,119,B,Minor,86,68,82,32,1,10,4
1,1828,10,21,1888,0,265430406,13,9,16,0,0,84,E,Minor,86,16,31,16,0,12,36
2,2171,7,6,8863,46,1448068836,91,68,177,15,168,138,D,Major,64,50,84,1,3,25,4
1,1925,9,16,18924,91,1655945512,236,131,3179,21,,127,E,Minor,47,12,52,74,0,9,4
1,2153,1,1,22465,13,1653903950,87,0,3188,0,0,114,F,Major,60,51,90,1,0,10,5
1,2199,7,28,7814,10,576247440,232,83,305,24,22,106,G,Major,75,65,70,4,0,7,14
3,2035,1,19,2786,0,76695904,41,46,27,0,1,130,C#,Minor,82,6,76,5,21,6,6
2,1970,12,1,5019,27,354190277,181,94,140,17,61,123,G#,Major,75,73,71,7,0,19,11
1,1936,7,25,8046,32,854657023,191,90,429,16,51,125,G,Major,87,73,66,19,0,5,9
9,2137,6,1,1116,29,123084899,22,36,33,7,195,125,,Major,88,63,68,11,0,12,4
3,1941,5,7,4950,10,454061948,49,15,254,0,14,100,C#,Major,63,43,91,3,0,34,6
1,2112,5,6,1357,0,291841449,9,10,24,1,0,85,A#,Major,74,40,67,24,0,10,5
1,2121,3,9,593,0,51331698,10,4,4,0,0,111,D,Major,76,29,79,14,0,11,4
1,2064,5,15,1115,86,101702066,65,212,44,12,946,123,C#,Minor,86,22,68,12,0,30,9
2,2206,11,27,1270,0,177665524,13,1,11,0,8,118,F#,Minor,43,36,77,9,0,10,18
1,1888,10,22,1850,0,222551503,7,5,12,0,0,132,E,Major,69,12,38,60,0,9,13
1,2076,1,11,236,0,66315379,0,4,24,0,0,140,G#,Major,38,68,86,0,0,26,5
1,2196,2,24,2877,39,267208953,68,83,58,1,665,138,G,Minor,62,93,69,50,0,17,5
1,1979,5,23,5817,18,1265501255,0,0,936,0,0,149,C#,Minor,59,52,60,69,0,13,3
1,1960,3,28,30668,1,1977865922,269,113,1394,0,5,141,C#,Minor,84,42,61,0,0,10,12
1,2113,1,7,3791,0,307752978,48,93,65,0,,97,,Minor,59,83,78,27,0,32,5
3,2152,11,29,831,0,1240381727,8,8,8,2,0,81,G,Major,68,55,77,22,0,44,23
1,2142,9,20,2697,0,334850054,42,33,24,2,0,160,G,Major,67,37,55,6,0,9,7
1,1994,5,7,1075,0,307938248,7,23,11,0,0,150,,Major,82,101,62,28,0,18,5
1,2194,7,13,411,35,13640968,37,32,31,1,27,152,C#,Major,52,53,74,0,0,35,4
1,2141,1,1,30535,40,1594447953,209,2,3821,5,0,185,B,Major,42,29,68,0,0,21,3
2,2029,8,13,293,0,45332841,6,1,6,0,0,98,A#,Major,78,51,67,12,0,15,7
1,2092,11,19,794,11,275304728,35,27,56,0,255,164,A,Major,31,25,53,4,0,11,3
2,1903,13,30,1834,12,399113016,18,4,16,1,3,101,C#,Minor,61,78,89,44,0,10,30
1,1971,1,10,455,0,193121411,10,53,16,0,0,148,G,Minor,80,66,74,44,0,39,4
1,1985,10,1,3931,0,477584487,20,3,10,0,0,150,D,Major,50,96,78,44,0,35,4
1,1876,1,1,4126,0,359591689,68,26,290,3,726,91,A,Minor,57,48,60,2,0,13,3
2,1951,11,4,300,2,150022005,9,6,7,1,9,94,B,Minor,69,96,64,3,0,9,3
1,2068,4,20,222,13,118859594,6,90,11,2,9,93,G,Major,72,91,91,29,0,47,31
1,2069,10,30,606,15,328143188,31,3,8,0,0,101,G#,Major,67,67,85,5,2,12,6
2,1831,5,6,1583,7,306559156,10,31,12,0,35,101,D,Major,73,54,65,55,0,7,4
1,2098,6,24,3093,0,469338799,31,6,49,0,1,116,D#,Major,78,66,51,52,0,35,22
2,1965,6,27,5773,32,1382465533,164,99,314,3,5,164,G,Major,72,46,67,16,0,11,29
1,2063,1,25,1252,0,161860921,52,4,46,0,0,100,B,Minor,69,51,43,78,0,11,3
1,2108,3,19,3159,18,754995835,151,80,231,24,0,166,,Major,57,54,67,11,0,44,7
1,1933,5,10,1800,0,248123182,28,27,30,1,1,165,G#,Minor,90,65,13,69,35,11,9
1,2107,2,11,988,0,54604628,21,3,23,0,0,93,C#,Major,59,56,62,10,0,11,42
2,2154,3,3,664,2,117122298,22,75,9,0,10,103,B,Minor,67,81,75,51,0,9,12
1,2180,5,22,3022,0,668748456,10,0,74,0,0,149,A#,Minor,72,72,60,23,0,7,14
1,2052,12,2,3797,52,373481255,96,62,184,9,507,192,A#,Minor,59,71,46,50,0,11,7
1,2083,6,2,526,8,171070901,13,1,9,0,1,109,F,Minor,79,66,97,47,0,12,10
1,2149,2,19,694,10,317211916,15,40,13,1,1,176,G#,Major,58,92,41,38,0,7,4
2,1895,1,15,380,0,148843261,10,0,36,0,0,155,D,Minor,74,93,55,69,0,9,7
1,1964,1,8,1200,0,66075713,1,5,6,0,0,124,A#,Major,71,25,68,31,0,22,3
1,2158,10,1,1129,0,312723590,19,92,40,0,2,123,A,Major,83,94,94,9,0,9,8
1,2068,13,2,199,6,177014654,7,5,0,0,51,132,F,Major,51,18,40,72,0,12,3
1,1935,3,16,732,27,98631706,27,76,26,0,159,159,C#,Minor,81,69,70,7,0,10,8
3,2150,8,3,5251,0,526777266,132,31,84,0,0,127,B,Minor,75,31,65,0,0,35,15
1,1897,4,9,2633,12,324183881,43,99,1,0,8,120,F#,Major,58,50,67,5,0,9,3
1,2010,10,19,1267,0,167669174,1,6,10,0,0,94,F,Major,62,52,73,23,0,8,4
4,2113,1,5,795,3,241648263,31,0,12,0,0,154,F,Minor,70,59,45,38,0,39,4
1,1979,11,27,4376,6,303481706,114,45,155,0,244,105,F#,Major,103,66,51,3,0,5,17
1,2102,5,4,3172,2,542619518,18,75,0,0,5,89,A#,Major,80,56,71,4,0,5,22
2,2104,10,19,7046,0,906560393,87,127,1166,0,58,104,G,Major,80,46,83,5,0,27,13
1,1979,12,17,2977,0,225333344,49,0,101,0,0,187,A#,Major,60,44,48,12,0,13,16
1,1946,12,9,777,0,60636575,7,10,3,0,0,82,G#,Major,47,36,62,23,0,24,37
1,1993,8,1,2938,0,344435817,117,5,189,1,0,127,A#,Major,73,50,76,5,0,17,5
3,1953,1,8,3308,0,281470551,59,26,41,0,0,77,C#,Minor,79,51,39,1,1,12,20
2,2028,13,20,3564,36,598393415,46,72,79,15,181,181,F#,Minor,82,53,74,5,0,10,8
1,1858,1,1,7382,0,380638624,114,131,74,0,0,148,,Major,61,88,39,62,0,14,3
3,2032,11,5,3085,28,728905976,67,60,51,6,0,155,E,Minor,67,14,76,9,0,9,8
1,2063,1,19,910,21,176799694,11,24,6,1,7,160,E,Minor,78,89,64,23,0,20,6
2,2217,2,9,850,37,258840495,18,24,24,3,90,115,F,Minor,77,95,77,17,0,31,18
3,1974,2,5,1671,11,200666981,0,0,20,0,0,122,B,Minor,69,34,83,1,10,14,4
2,1978,11,22,1311,34,602884400,13,9,5,0,1,91,F,Minor,57,51,45,40,5,10,12
2,1991,7,6,8092,43,1349577921,102,68,180,15,176,119,D,Major,68,52,72,1,3,21,4
1,2191,7,1,735,11,250542153,13,153,9,0,1,101,A#,Minor,78,76,59,26,0,8,4
2,2060,1,1,24837,33,1186800514,64,120,708,0,459,136,E,Minor,75,35,58,7,0,23,11
1,1853,9,15,7727,0,458857253,5,0,265,0,0,153,G,Major,66,71,46,80,0,10,4
1,2169,1,26,654,0,152124946,29,67,65,0,0,130,F,Minor,92,90,88,16,0,7,5
1,2078,9,15,1476,17,480530672,53,126,57,0,2,115,,Major,87,70,74,0,0,18,4
2,2100,2,11,700,23,364303895,10,112,6,3,66,134,A,Minor,51,88,67,25,0,10,6
1,2122,7,9,3399,10,543999813,106,83,92,1,1,164,F,Major,72,60,74,14,0,14,24
3,1900,1,32,529,4,196835220,28,3,43,0,0,107,G#,Minor,80,62,68,1,0,6,4
1,1951,7,26,7566,31,785544421,107,105,134,4,225,128,,Minor,57,56,61,60,0,28,4
1,1845,9,4,2543,0,221383978,8,61,67,0,0,77,G#,Minor,43,47,59,78,0,10,21
2,2209,6,5,229,7,54333287,6,15,8,2,4,88,A,Minor,40,13,70,1,0,19,9
2,2000,11,17,7501,0,904634821,98,126,1213,0,67,94,G,Major,79,41,81,5,0,27,13
1,1944,7,29,17882,17,2168987064,361,75,669,3,38,122,,Major,75,56,71,22,0,9,4
2,2016,8,24,12846,87,1124139158,269,177,585,44,690,124,G,Minor,61,36,100,4,0,35,4
2,2113,4,1,1277,2,195122676,23,15,8,0,5,178,C#,Major,67,46,74,17,0,11,27
2,1881,11,10,24878,75,2862688443,367,122,808,4,63,98,D,Major,82,89,46,51,0,8,5
1,2196,4,20,244,29,76988058,6,42,6,6,198,145,A#,Major,52,45,37,59,0,10,6
1,2076,7,30,2133,0,421991683,18,0,41,0,0,82,,Major,43,13,58,7,0,21,3
1,2112,13,2,219,6,171977943,7,6,0,0,44,131,F,Major,52,19,41,82,0,11,3
1,2099,8,19,35469,7,1160101593,153,66,6259,5,86,86,G,Major,53,12,35,1,0,12,4
1,1895,11,4,6251,0,606425800,48,117,286,0,0,85,F,Major,30,33,63,49,30,21,13
1,2150,3,22,1247,0,199466103,22,1,15,0,0,145,G#,Major,53,47,84,1,0,18,5
1,2017,11,30,1254,0,164939078,29,0,29,14,0,124,F,Major,63,70,92,27,0,20,4
1,2070,1,1,8642,0,618072232,142,5,564,0,6,106,F,Minor,63,32,61,1,0,8,4
1,2040,1,6,20819,19,1705141875,214,75,926,0,135,120,C#,Major,84,78,42,51,0,7,3
1,2099,1,25,2095,15,144926391,95,24,101,8,453,116,G#,Major,63,23,87,0,0,16,9
1,2076,10,7,1474,5,232091297,81,65,356,1,189,132,D,Major,49,26,59,0,0,8,3
1,1945,5,26,6660,46,1114549234,127,115,150,14,211,113,G,Minor,78,77,70,60,0,23,4
1,2222,5,20,4558,6,1166481858,197,133,212,0,5,99,G#,Major,81,73,37,0,0,6,11
3,1864,5,7,5099,10,408286484,57,17,264,0,14,104,C#,Major,65,40,93,3,0,35,6
2,2052,12,22,395,5,207602277,3,30,2,1,0,143,D#,Minor,69,80,50,36,0,11,5
1,1920,9,11,1524,0,289797349,2,0,11,0,10,129,D,Major,69,32,62,12,0,10,10
1,2071,9,21,9303,5,1536099237,220,169,612,0,,116,F#,Minor,69,71,72,1,0,8,9
1,1838,12,10,7969,0,429678444,36,62,104,1,0,121,F,Major,60,27,42,1,3,7,3
2,2057,2,2,180,4,91832320,8,82,2,1,1,126,G,Minor,75,94,75,24,0,10,4
2,1919,8,21,13753,0,1796420026,300,46,710,0,,155,D#,Minor,75,85,74,2,0,5,6
1,2095,6,3,1588,28,279791094,19,46,23,2,2,152,G#,Minor,76,64,63,25,0,14,8
1,2056,1,1,8902,25,854798130,174,105,149,0,5,200,G,Major,47,54,53,48,0,14,9
1,2065,2,12,4061,0,451548885,69,0,94,0,2,172,G,Minor,38,21,58,22,0,17,6
1,2116,7,24,5403,2,781849643,80,0,284,14,,102,F,Minor,73,52,71,66,0,13,4
1,2035,9,26,23850,0,1531982350,354,122,2177,0,,157,G,Major,31,30,58,18,0,7,4
1,1850,5,11,25492,0,2811180436,480,165,3273,7,,93,F#,Minor,80,53,54,70,0,20,10
1,1911,2,2,20256,32,1286107610,74,77,1006,1,177,182,D,Major,45,11,39,96,27,65,4
1,2211,11,2,865,4,136817317,10,52,5,0,21,154,G,Major,65,94,88,0,0,23,3
1,2058,11,10,1051,0,103586237,5,33,1,0,0,160,C#,Major,60,32,61,44,18,20,7
1,2133,1,21,2719,0,280005191,50,1,69,11,1,91,C#,Major,96,68,54,11,0,9,27
1,2075,2,15,297,0,171141261,9,22,6,0,9,91,,Major,69,59,70,49,0,7,4
1,2216,9,17,7654,0,1008724530,190,7,281,0,4,88,C#,Minor,68,58,78,1,0,5,22
1,1836,11,20,1638,0,172212042,10,7,13,0,2,168,,Major,34,42,16,103,0,11,5
1,2141,13,25,1188,0,61823188,33,0,19,0,2,114,C#,Minor,77,61,89,13,0,9,7
1,2154,8,15,742,8,182578395,2,4,7,0,0,83,F,Minor,64,37,47,31,0,13,9
4,1915,13,1,10526,0,497161873,123,1,373,0,0,151,D,Major,35,41,60,30,0,74,3
1,2041,9,9,2646,4,236013743,84,95,86,10,218,107,C#,Minor,73,66,78,31,0,38,4
1,1926,8,5,32388,6,1611427415,114,27,7796,1,0,149,F,Major,59,22,44,79,0,11,2
1,2132,5,21,2454,0,284694481,20,3,38,0,0,143,D#,Major,51,37,54,79,0,10,4
2,2037,3,24,7151,80,904102238,203,109,344,41,99,97,B,Major,72,82,81,39,0,14,4
2,2085,10,4,1672,0,155347976,20,8,16,0,0,143,G#,Minor,91,24,52,1,0,7,29
1,1866,11,25,531,2,156072203,24,2,20,0,0,115,G#,Minor,84,66,86,5,0,28,3
3,2157,11,31,589,1,264047562,14,3,88,0,0,145,F#,Minor,78,57,56,41,0,13,25
1,2109,3,21,3032,17,768414217,152,76,212,24,0,172,,Major,57,55,61,10,0,45,6
2,2196,3,18,2819,46,514567885,46,105,60,14,323,176,D,Minor,88,58,46,23,0,9,34
2,2079,11,24,2408,28,301384467,20,50,32,3,0,103,G#,Major,93,63,66,16,0,33,17
1,1925,1,1,945,0,454583008,46,0,6,0,0,186,A,Major,47,87,60,38,0,18,4
1,2213,10,4,3664,0,264278199,22,88,140,0,2,79,E,Minor,57,17,48,94,79,12,3
1,1836,5,12,1170,0,42590607,0,0,0,0,0,108,G,Major,48,72,44,79,0,9,10
2,2127,5,4,108,0,33526570,5,8,5,0,0,134,B,Minor,52,19,46,35,0,38,5
3,1841,8,1,678,4,204316469,0,0,28,0,0,163,A#,Minor,65,67,59,12,0,5,41
4,2204,6,8,786,31,62091275,20,46,20,8,96,173,G#,Minor,64,50,79,16,0,34,7
1,2116,11,5,2962,0,242643696,42,0,164,0,0,140,D,Major,68,36,65,5,1,11,32
1,1947,3,27,561,0,71197405,32,8,13,0,47,108,A,Major,66,38,60,16,4,20,4
2,2171,11,3,3802,18,650913235,143,34,110,17,0,144,A#,Major,81,82,70,33,0,16,4
1,2119,11,20,1208,0,163720115,1,5,10,0,0,95,F,Major,57,50,68,21,0,7,4
2,1886,12,3,3668,18,641538509,158,37,120,19,0,120,A#,Major,81,92,76,38,0,14,4
1,1838,6,14,14894,0,2219030004,179,36,658,0,5,79,B,Minor,47,24,47,40,0,34,22
1,2010,12,1,8908,26,1470733743,218,120,614,0,27,110,D#,Major,41,19,61,64,0,9,6
1,2064,1,1,34440,25,1908869599,130,98,2874,1,27,91,F,Major,54,41,52,16,0,21,3
1,2187,8,17,462,9,236389309,2,128,12,0,1,130,G,Major,95,55,60,8,0,63,11
1,2166,8,12,695,0,181159825,15,1,16,0,2,73,B,Minor,81,43,67,3,5,10,51
1,2058,7,22,7664,31,855332248,109,113,129,4,216,127,,Minor,58,54,55,52,0,25,4
1,1893,7,20,458,38,574720857,4,3,19,0,0,101,F#,Minor,81,49,73,11,0,7,4
1,2035,11,17,23587,33,2291139637,445,114,1247,13,,99,,Major,56,52,77,12,0,32,5
1,1876,10,26,3203,0,281157573,77,90,29,0,2,109,D#,Minor,88,59,44,16,3,9,10
1,1933,5,6,822,0,255012960,6,19,8,0,0,113,C#,Minor,91,75,60,9,0,45,13
1,2039,3,3,161,0,35287305,2,9,0,0,0,117,,Major,49,33,69,38,0,9,3
1,2005,1,7,918,0,67994914,1,17,11,0,0,78,A,Minor,25,13,43,54,0,20,3
3,2096,10,21,1385,0,145605730,27,28,16,0,0,102,C#,Major,75,71,79,9,0,11,5
1,2125,3,31,34470,1,1802159883,280,113,1559,0,5,153,C#,Minor,100,42,65,0,0,8,12
1,1967,1,28,1659,0,136944792,103,44,111,1,57,186,F#,Minor,61,61,57,14,0,19,29
2,1977,12,4,532,0,72257014,7,1,7,0,0,104,D,Minor,64,27,42,49,30,14,3
2,1895,3,22,4281,49,381273079,82,116,174,11,164,104,F,Minor,72,52,70,75,0,16,13
1,1885,1,1,44666,1,1700101970,213,154,6239,3,107,127,F#,Major,44,70,83,8,11,11,5
3,1900,1,1,5800,0,302961125,90,40,149,0,0,123,G,Major,67,66,29,74,0,15,5
1,2085,1,1,22624,14,1180047268,301,69,1431,9,19,162,G,Major,63,90,79,5,0,41,15
1,1828,9,21,3942,25,405891815,37,57,32,0,285,87,G#,Major,60,11,58,8,0,47,8
2,2102,2,10,1345,0,136986629,44,1,33,0,0,133,,Major,49,31,28,94,0,30,3
2,2205,8,3,5148,11,664811749,132,24,144,0,1,170,C#,Major,77,82,84,40,0,7,18
1,2079,5,21,4198,1,335442453,77,11,65,0,1,100,B,Major,79,36,76,24,6,11,4
1,1892,4,20,1777,0,158279370,4,2,49,0,0,95,E,Minor,67,29,49,79,22,10,3
2,1821,12,9,1638,0,106229361,15,20,4,0,0,118,F#,Major,59,59,47,89,3,11,5
1,2128,11,32,2482,0,314070482,48,15,32,0,1,67,D,Major,88,10,41,0,0,39,13
1,2122,12,8,21840,35,1841527392,88,70,490,0,14,109,A#,Minor,66,46,52,27,0,6,36
1,2127,5,15,17357,66,2363291335,171,91,1063,1,,128,A#,Major,55,38,81,5,2,10,3
1,1856,7,1,596,0,154587637,6,56,11,0,0,104,D,Major,83,28,76,1,0,12,4
2,2199,5,6,1497,0,125864103,14,3,3,0,0,88,B,Major,69,36,57,62,0,12,34
1,1924,12,20,896,0,154374027,23,49,68,0,0,96,,Major,42,45,35,71,0,8,5
3,2156,3,13,6367,0,502595584,50,15,82,0,1,103,D,Major,71,43,45,2,0,9,3
1,1873,1,30,1882,0,275638918,52,3,39,12,6,84,G#,Minor,74,55,55,28,0,25,9
1,1906,1,7,2731,0,185251293,18,72,56,0,1,133,,Major,56,48,80,0,0,8,3
1,2167,5,19,3358,5,282463609,46,26,80,0,229,147,,Major,63,27,42,15,0,9,3
1,1848,12,3,1012,0,100129435,66,14,37,1,0,131,A,Major,63,22,36,53,0,8,3
1,2080,1,1,21519,27,1412238080,81,57,3500,1,15,95,F,Minor,99,81,69,3,0,4,6
1,1896,6,2,558,9,155232062,13,1,9,0,1,119,F,Minor,86,61,86,45,0,12,12
2,1971,12,15,782,21,334537207,29,117,21,7,111,159,G,Major,58,78,61,31,0,6,5
1,1851,3,16,1923,44,121365016,53,108,59,1,0,109,F#,Minor,45,16,36,76,9,10,3
1,2119,5,6,1460,0,288451118,8,10,23,1,0,81,A#,Major,78,40,59,25,0,9,5
3,2125,4,27,5993,14,504795796,133,88,71,0,34,88,C#,Major,44,31,58,28,0,7,35
1,1998,2,23,2431,42,271013251,72,72,55,1,668,150,G,Minor,64,80,75,54,0,17,5
2,1860,10,4,1280,0,170389641,10,20,7,0,0,153,A,Major,84,34,33,2,0,38,56
4,2072,6,10,2166,0,125944812,32,0,32,0,0,128,G,Major,94,14,57,1,0,9,6
2,2172,1,1,33738,0,828464406,136,42,5826,1,962,91,D#,Minor,83,31,98,3,0,8,27
1,2185,9,19,1481,0,204056079,6,3,16,0,0,118,,Major,49,14,30,84,23,13,4
2,2118,9,4,5655,0,418754202,33,131,7,0,4,144,D#,Major,36,17,61,2,0,34,9
